########################################################################################################
sob, 8 lut 2025, 14:44:53 CET

Path set to: /home/dawid/PSBBN-Definitive-English-Patch
Helper files found.
The repository is up to date.

MODEL                       NAME          SIZE LABEL MOUNTPOINT
SanDisk X400 M.2 2280 128GB /dev/sda    119,2G       
                            ├─/dev/sda1    16M       
                            ├─/dev/sda2   540M       
                            ├─/dev/sda3   100M       
                            ├─/dev/sda4 117,8G       
                            └─/dev/sda5   854M       
LITEONIT LCT-512M3S         /dev/sdb    476,9G       
                            ├─/dev/sdb1    16M       
                            ├─/dev/sdb2   540M       
                            ├─/dev/sdb3   100M       /boot/efi
                            ├─/dev/sdb4 475,7G       
                            └─/dev/sdb5   533M       
TOSHIBA MQ01ABD050          /dev/sdc    465,8G       
                            ├─/dev/sdc1   512M       
                            └─/dev/sdc2 465,3G       /

########################################################################################################
sob, 8 lut 2025, 14:45:26 CET

Path set to: /home/dawid/PSBBN-Definitive-English-Patch
Helper files found.
The repository is up to date.

MODEL                       NAME          SIZE LABEL    MOUNTPOINT
SanDisk X400 M.2 2280 128GB /dev/sda    119,2G          
                            ├─/dev/sda1    16M          
                            ├─/dev/sda2   540M          
                            ├─/dev/sda3   100M          
                            ├─/dev/sda4 117,8G          
                            └─/dev/sda5   854M          
LITEONIT LCT-512M3S         /dev/sdb    476,9G          
                            ├─/dev/sdb1    16M          
                            ├─/dev/sdb2   540M          
                            ├─/dev/sdb3   100M          /boot/efi
                            ├─/dev/sdb4 475,7G          
                            └─/dev/sdb5   533M          
TOSHIBA MQ01ABD050          /dev/sdc    465,8G          
                            ├─/dev/sdc1   512M          
                            └─/dev/sdc2 465,3G          /
SAMSUNG SP2014N             /dev/sdd    186,3G          
                            ├─/dev/sdd1   128G          
                            ├─/dev/sdd2    32M RECOVERY 
                            └─/dev/sdd3  58,3G OPL      /media/dawid/OPL

Are you sure you want to write to /dev/sdd?

Unmounting /media/dawid/OPL...
Successfully unmounted /media/dawid/OPL.

Checking for latest version of the PSBBN Definitive English patch...
--2025-02-08 14:45:58--  https://archive.org/download/psbbn-definitive-english-patch-v2
Resolving archive.org (archive.org)... 207.241.224.2
Connecting to archive.org (archive.org)|207.241.224.2|:443... connected.
HTTP request sent, awaiting response... 200 OK
Length: unspecified [text/html]
Saving to: ‘/tmp/tmp.Sr80xtuKHy’

     0K .......... .......... .......... .......... ..........  317K
    50K .......... .......... .......... .......... ..........  242K
   100K .......... .......... .......... ....                  36,6M=0,4s

2025-02-08 14:46:00 (367 KB/s) - ‘/tmp/tmp.Sr80xtuKHy’ saved [137300]

Latest version of PSBBN Definitive English patch is v2.01
Downloading psbbn-definitive-image-v2.01.gz...
Download completed: psbbn-definitive-image-v2.01.gz

One or both files are missing in /home/dawid/PSBBN-Definitive-English-Patch/assets.

Downloading POPS binaries...
Archive:  /home/dawid/PSBBN-Definitive-English-Patch/assets/POPS-binaries-main.zip
c63de154c03fdf6465a5fdd2ae53037b5ef74fd9
   creating: /home/dawid/PSBBN-Definitive-English-Patch/assets/POPS-binaries-main/
  inflating: /home/dawid/PSBBN-Definitive-English-Patch/assets/POPS-binaries-main/IOPRP252.IMG  
 extracting: /home/dawid/PSBBN-Definitive-English-Patch/assets/POPS-binaries-main/LICENSE  
  inflating: /home/dawid/PSBBN-Definitive-English-Patch/assets/POPS-binaries-main/POPS.ELF  
 extracting: /home/dawid/PSBBN-Definitive-English-Patch/assets/POPS-binaries-main/POPS.PAK  
 extracting: /home/dawid/PSBBN-Definitive-English-Patch/assets/POPS-binaries-main/POPS_IOX.PAK  
  inflating: /home/dawid/PSBBN-Definitive-English-Patch/assets/POPS-binaries-main/README.md  

POPS binaries successfully extracted.

Writing the PSBBN image to /dev/sdd...

185663488 bytes (186 MB, 177 MiB) copied, 1 s, 186 MB/s
367362048 bytes (367 MB, 350 MiB) copied, 2 s, 184 MB/s
549781504 bytes (550 MB, 524 MiB) copied, 3 s, 183 MB/s
736002048 bytes (736 MB, 702 MiB) copied, 4 s, 184 MB/s
928645120 bytes (929 MB, 886 MiB) copied, 5 s, 186 MB/s
1121255424 bytes (1,1 GB, 1,0 GiB) copied, 6 s, 187 MB/s
1313800192 bytes (1,3 GB, 1,2 GiB) copied, 7 s, 188 MB/s
1506344960 bytes (1,5 GB, 1,4 GiB) copied, 8 s, 188 MB/s
1698856960 bytes (1,7 GB, 1,6 GiB) copied, 9 s, 189 MB/s
1891368960 bytes (1,9 GB, 1,8 GiB) copied, 10 s, 189 MB/s
2083848192 bytes (2,1 GB, 1,9 GiB) copied, 11 s, 189 MB/s
2203648000 bytes (2,2 GB, 2,1 GiB) copied, 12 s, 184 MB/s
2250407936 bytes (2,3 GB, 2,1 GiB) copied, 13 s, 173 MB/s
2292285440 bytes (2,3 GB, 2,1 GiB) copied, 14 s, 164 MB/s
2330624000 bytes (2,3 GB, 2,2 GiB) copied, 15 s, 155 MB/s
2373451776 bytes (2,4 GB, 2,2 GiB) copied, 16 s, 148 MB/s
2423816192 bytes (2,4 GB, 2,3 GiB) copied, 17 s, 143 MB/s
2474999808 bytes (2,5 GB, 2,3 GiB) copied, 18 s, 137 MB/s
2529034240 bytes (2,5 GB, 2,4 GiB) copied, 19 s, 133 MB/s
2584707072 bytes (2,6 GB, 2,4 GiB) copied, 20 s, 129 MB/s
2638675968 bytes (2,6 GB, 2,5 GiB) copied, 21 s, 126 MB/s
2692087808 bytes (2,7 GB, 2,5 GiB) copied, 22 s, 122 MB/s
2740256768 bytes (2,7 GB, 2,6 GiB) copied, 23 s, 119 MB/s
2773286912 bytes (2,8 GB, 2,6 GiB) copied, 24 s, 115 MB/s
2797600768 bytes (2,8 GB, 2,6 GiB) copied, 25 s, 112 MB/s
2816933888 bytes (2,8 GB, 2,6 GiB) copied, 26 s, 108 MB/s
2833154048 bytes (2,8 GB, 2,6 GiB) copied, 27 s, 105 MB/s
2848423936 bytes (2,8 GB, 2,7 GiB) copied, 28 s, 102 MB/s
2864185344 bytes (2,9 GB, 2,7 GiB) copied, 29 s, 98,7 MB/s
2880471040 bytes (2,9 GB, 2,7 GiB) copied, 30 s, 96,0 MB/s
2897510400 bytes (2,9 GB, 2,7 GiB) copied, 31 s, 93,4 MB/s
2915532800 bytes (2,9 GB, 2,7 GiB) copied, 32 s, 91,1 MB/s
2933424128 bytes (2,9 GB, 2,7 GiB) copied, 33 s, 88,9 MB/s
2951938048 bytes (3,0 GB, 2,7 GiB) copied, 34 s, 86,8 MB/s
2970877952 bytes (3,0 GB, 2,8 GiB) copied, 35 s, 84,9 MB/s
2989883392 bytes (3,0 GB, 2,8 GiB) copied, 36 s, 83,0 MB/s
3008888832 bytes (3,0 GB, 2,8 GiB) copied, 37 s, 81,3 MB/s
3027271680 bytes (3,0 GB, 2,8 GiB) copied, 38 s, 79,7 MB/s
3046047744 bytes (3,0 GB, 2,8 GiB) copied, 39 s, 78,1 MB/s
3064692736 bytes (3,1 GB, 2,9 GiB) copied, 40 s, 76,6 MB/s
3083304960 bytes (3,1 GB, 2,9 GiB) copied, 41 s, 75,2 MB/s
3101949952 bytes (3,1 GB, 2,9 GiB) copied, 42 s, 73,8 MB/s
3120201728 bytes (3,1 GB, 2,9 GiB) copied, 43 s, 72,6 MB/s
3138486272 bytes (3,1 GB, 2,9 GiB) copied, 44 s, 71,3 MB/s
3156738048 bytes (3,2 GB, 2,9 GiB) copied, 45 s, 70,1 MB/s
3174989824 bytes (3,2 GB, 3,0 GiB) copied, 46 s, 69,0 MB/s
3193077760 bytes (3,2 GB, 3,0 GiB) copied, 47 s, 67,9 MB/s
3210969088 bytes (3,2 GB, 3,0 GiB) copied, 48 s, 66,9 MB/s
3228860416 bytes (3,2 GB, 3,0 GiB) copied, 49 s, 65,9 MB/s
3246751744 bytes (3,2 GB, 3,0 GiB) copied, 50 s, 64,9 MB/s
3264643072 bytes (3,3 GB, 3,0 GiB) copied, 51 s, 64,0 MB/s
3282534400 bytes (3,3 GB, 3,1 GiB) copied, 52 s, 63,1 MB/s
3300622336 bytes (3,3 GB, 3,1 GiB) copied, 53 s, 62,3 MB/s
3318710272 bytes (3,3 GB, 3,1 GiB) copied, 54 s, 61,5 MB/s
3337191424 bytes (3,3 GB, 3,1 GiB) copied, 55 s, 60,7 MB/s
3355475968 bytes (3,4 GB, 3,1 GiB) copied, 56 s, 59,9 MB/s
3373563904 bytes (3,4 GB, 3,1 GiB) copied, 57 s, 59,2 MB/s
3391946752 bytes (3,4 GB, 3,2 GiB) copied, 58 s, 58,5 MB/s
3410526208 bytes (3,4 GB, 3,2 GiB) copied, 59 s, 57,8 MB/s
3429367808 bytes (3,4 GB, 3,2 GiB) copied, 60 s, 57,2 MB/s
3448635392 bytes (3,4 GB, 3,2 GiB) copied, 61 s, 56,5 MB/s
3467411456 bytes (3,5 GB, 3,2 GiB) copied, 62 s, 55,9 MB/s
3485597696 bytes (3,5 GB, 3,2 GiB) copied, 63 s, 55,3 MB/s
3503292416 bytes (3,5 GB, 3,3 GiB) copied, 64 s, 54,7 MB/s
3521773568 bytes (3,5 GB, 3,3 GiB) copied, 65 s, 54,2 MB/s
3540058112 bytes (3,5 GB, 3,3 GiB) copied, 66 s, 53,6 MB/s
3558539264 bytes (3,6 GB, 3,3 GiB) copied, 67 s, 53,1 MB/s
3577544704 bytes (3,6 GB, 3,3 GiB) copied, 68 s, 52,6 MB/s
3596353536 bytes (3,6 GB, 3,3 GiB) copied, 69 s, 52,1 MB/s
3615227904 bytes (3,6 GB, 3,4 GiB) copied, 70 s, 51,6 MB/s
3634003968 bytes (3,6 GB, 3,4 GiB) copied, 71 s, 51,2 MB/s
3652714496 bytes (3,7 GB, 3,4 GiB) copied, 72 s, 50,7 MB/s
3671556096 bytes (3,7 GB, 3,4 GiB) copied, 73 s, 50,3 MB/s
3690397696 bytes (3,7 GB, 3,4 GiB) copied, 74 s, 49,9 MB/s
3709239296 bytes (3,7 GB, 3,5 GiB) copied, 75 s, 49,5 MB/s
3728080896 bytes (3,7 GB, 3,5 GiB) copied, 76 s, 49,0 MB/s
3746922496 bytes (3,7 GB, 3,5 GiB) copied, 77 s, 48,7 MB/s
3765764096 bytes (3,8 GB, 3,5 GiB) copied, 78 s, 48,3 MB/s
3784605696 bytes (3,8 GB, 3,5 GiB) copied, 79 s, 47,9 MB/s
3803447296 bytes (3,8 GB, 3,5 GiB) copied, 80 s, 47,5 MB/s
3821993984 bytes (3,8 GB, 3,6 GiB) copied, 81 s, 47,2 MB/s
3840409600 bytes (3,8 GB, 3,6 GiB) copied, 82 s, 46,8 MB/s
3858857984 bytes (3,9 GB, 3,6 GiB) copied, 83 s, 46,5 MB/s
3877273600 bytes (3,9 GB, 3,6 GiB) copied, 84 s, 46,2 MB/s
3895721984 bytes (3,9 GB, 3,6 GiB) copied, 85 s, 45,8 MB/s
3914137600 bytes (3,9 GB, 3,6 GiB) copied, 86 s, 45,5 MB/s
3932585984 bytes (3,9 GB, 3,7 GiB) copied, 87 s, 45,2 MB/s
3951001600 bytes (4,0 GB, 3,7 GiB) copied, 88 s, 44,9 MB/s
3969449984 bytes (4,0 GB, 3,7 GiB) copied, 89 s, 44,6 MB/s
3987865600 bytes (4,0 GB, 3,7 GiB) copied, 90 s, 44,3 MB/s
4006313984 bytes (4,0 GB, 3,7 GiB) copied, 91 s, 44,0 MB/s
4024729600 bytes (4,0 GB, 3,7 GiB) copied, 92 s, 43,7 MB/s
4043177984 bytes (4,0 GB, 3,8 GiB) copied, 93 s, 43,5 MB/s
4061790208 bytes (4,1 GB, 3,8 GiB) copied, 94 s, 43,2 MB/s
4080599040 bytes (4,1 GB, 3,8 GiB) copied, 95 s, 43,0 MB/s
4099211264 bytes (4,1 GB, 3,8 GiB) copied, 96 s, 42,7 MB/s
4118183936 bytes (4,1 GB, 3,8 GiB) copied, 97 s, 42,5 MB/s
4137123840 bytes (4,1 GB, 3,9 GiB) copied, 98 s, 42,2 MB/s
4155801600 bytes (4,2 GB, 3,9 GiB) copied, 99 s, 42,0 MB/s
4174413824 bytes (4,2 GB, 3,9 GiB) copied, 100 s, 41,7 MB/s
4192829440 bytes (4,2 GB, 3,9 GiB) copied, 101 s, 41,5 MB/s
4211277824 bytes (4,2 GB, 3,9 GiB) copied, 102 s, 41,3 MB/s
4229693440 bytes (4,2 GB, 3,9 GiB) copied, 103 s, 41,1 MB/s
4248338432 bytes (4,2 GB, 4,0 GiB) copied, 104 s, 40,8 MB/s
4267507712 bytes (4,3 GB, 4,0 GiB) copied, 105 s, 40,6 MB/s
4286480384 bytes (4,3 GB, 4,0 GiB) copied, 106 s, 40,4 MB/s
4305649664 bytes (4,3 GB, 4,0 GiB) copied, 107 s, 40,2 MB/s
4324818944 bytes (4,3 GB, 4,0 GiB) copied, 108 s, 40,0 MB/s
4343627776 bytes (4,3 GB, 4,0 GiB) copied, 109 s, 39,8 MB/s
4362797056 bytes (4,4 GB, 4,1 GiB) copied, 110 s, 39,7 MB/s
4381966336 bytes (4,4 GB, 4,1 GiB) copied, 111 s, 39,5 MB/s
4401135616 bytes (4,4 GB, 4,1 GiB) copied, 112 s, 39,3 MB/s
4420468736 bytes (4,4 GB, 4,1 GiB) copied, 113 s, 39,1 MB/s
4439212032 bytes (4,4 GB, 4,1 GiB) copied, 114 s, 38,9 MB/s
4457725952 bytes (4,5 GB, 4,2 GiB) copied, 115 s, 38,8 MB/s
4476502016 bytes (4,5 GB, 4,2 GiB) copied, 116 s, 38,6 MB/s
4495310848 bytes (4,5 GB, 4,2 GiB) copied, 117 s, 38,4 MB/s
4514283520 bytes (4,5 GB, 4,2 GiB) copied, 118 s, 38,3 MB/s
4533092352 bytes (4,5 GB, 4,2 GiB) copied, 119 s, 38,1 MB/s
4552261632 bytes (4,6 GB, 4,2 GiB) copied, 120 s, 37,9 MB/s
4571267072 bytes (4,6 GB, 4,3 GiB) copied, 121 s, 37,8 MB/s
4589879296 bytes (4,6 GB, 4,3 GiB) copied, 122 s, 37,6 MB/s
4608786432 bytes (4,6 GB, 4,3 GiB) copied, 123 s, 37,5 MB/s
4627464192 bytes (4,6 GB, 4,3 GiB) copied, 124 s, 37,3 MB/s
4646436864 bytes (4,6 GB, 4,3 GiB) copied, 125 s, 37,2 MB/s
4665245696 bytes (4,7 GB, 4,3 GiB) copied, 126 s, 37,0 MB/s
4684251136 bytes (4,7 GB, 4,4 GiB) copied, 127 s, 36,9 MB/s
4703420416 bytes (4,7 GB, 4,4 GiB) copied, 128 s, 36,7 MB/s
4722032640 bytes (4,7 GB, 4,4 GiB) copied, 129 s, 36,6 MB/s
4740841472 bytes (4,7 GB, 4,4 GiB) copied, 130 s, 36,5 MB/s
4759453696 bytes (4,8 GB, 4,4 GiB) copied, 131 s, 36,3 MB/s
4777869312 bytes (4,8 GB, 4,4 GiB) copied, 132 s, 36,2 MB/s
4796317696 bytes (4,8 GB, 4,5 GiB) copied, 133 s, 36,1 MB/s
4814733312 bytes (4,8 GB, 4,5 GiB) copied, 134 s, 35,9 MB/s
4833148928 bytes (4,8 GB, 4,5 GiB) copied, 135 s, 35,8 MB/s
4851597312 bytes (4,9 GB, 4,5 GiB) copied, 136 s, 35,7 MB/s
4870045696 bytes (4,9 GB, 4,5 GiB) copied, 137 s, 35,5 MB/s
4888428544 bytes (4,9 GB, 4,6 GiB) copied, 138 s, 35,4 MB/s
4906909696 bytes (4,9 GB, 4,6 GiB) copied, 139 s, 35,3 MB/s
4925325312 bytes (4,9 GB, 4,6 GiB) copied, 140 s, 35,2 MB/s
4943773696 bytes (4,9 GB, 4,6 GiB) copied, 141 s, 35,1 MB/s
4962385920 bytes (5,0 GB, 4,6 GiB) copied, 142 s, 34,9 MB/s
4981325824 bytes (5,0 GB, 4,6 GiB) copied, 143 s, 34,8 MB/s
4999774208 bytes (5,0 GB, 4,7 GiB) copied, 144 s, 34,7 MB/s
5018222592 bytes (5,0 GB, 4,7 GiB) copied, 145 s, 34,6 MB/s
5037031424 bytes (5,0 GB, 4,7 GiB) copied, 146 s, 34,5 MB/s
5056200704 bytes (5,1 GB, 4,7 GiB) copied, 147 s, 34,4 MB/s
5075730432 bytes (5,1 GB, 4,7 GiB) copied, 148 s, 34,3 MB/s
5094899712 bytes (5,1 GB, 4,7 GiB) copied, 149 s, 34,2 MB/s
5112659968 bytes (5,1 GB, 4,8 GiB) copied, 150 s, 34,1 MB/s
5132353536 bytes (5,1 GB, 4,8 GiB) copied, 151 s, 34,0 MB/s
5151948800 bytes (5,2 GB, 4,8 GiB) copied, 152 s, 33,9 MB/s
5170921472 bytes (5,2 GB, 4,8 GiB) copied, 153 s, 33,8 MB/s
5189533696 bytes (5,2 GB, 4,8 GiB) copied, 154 s, 33,7 MB/s
5207982080 bytes (5,2 GB, 4,9 GiB) copied, 155 s, 33,6 MB/s
5227151360 bytes (5,2 GB, 4,9 GiB) copied, 156 s, 33,5 MB/s
5245566976 bytes (5,2 GB, 4,9 GiB) copied, 157 s, 33,4 MB/s
5264736256 bytes (5,3 GB, 4,9 GiB) copied, 158 s, 33,3 MB/s
5283545088 bytes (5,3 GB, 4,9 GiB) copied, 159 s, 33,2 MB/s
5301993472 bytes (5,3 GB, 4,9 GiB) copied, 160 s, 33,1 MB/s
5320409088 bytes (5,3 GB, 5,0 GiB) copied, 161 s, 33,0 MB/s
5338857472 bytes (5,3 GB, 5,0 GiB) copied, 162 s, 33,0 MB/s
5358551040 bytes (5,4 GB, 5,0 GiB) copied, 163 s, 32,9 MB/s
5378473984 bytes (5,4 GB, 5,0 GiB) copied, 164 s, 32,8 MB/s
5398003712 bytes (5,4 GB, 5,0 GiB) copied, 165 s, 32,7 MB/s
5416615936 bytes (5,4 GB, 5,0 GiB) copied, 166 s, 32,6 MB/s
5435228160 bytes (5,4 GB, 5,1 GiB) copied, 167 s, 32,5 MB/s
5454036992 bytes (5,5 GB, 5,1 GiB) copied, 168 s, 32,5 MB/s
5473042432 bytes (5,5 GB, 5,1 GiB) copied, 169 s, 32,4 MB/s
5491949568 bytes (5,5 GB, 5,1 GiB) copied, 170 s, 32,3 MB/s
5511348224 bytes (5,5 GB, 5,1 GiB) copied, 171 s, 32,2 MB/s
5530058752 bytes (5,5 GB, 5,2 GiB) copied, 172 s, 32,2 MB/s
5548965888 bytes (5,5 GB, 5,2 GiB) copied, 173 s, 32,1 MB/s
5567414272 bytes (5,6 GB, 5,2 GiB) copied, 174 s, 32,0 MB/s
5586026496 bytes (5,6 GB, 5,2 GiB) copied, 175 s, 31,9 MB/s
5605195776 bytes (5,6 GB, 5,2 GiB) copied, 176 s, 31,8 MB/s
5624168448 bytes (5,6 GB, 5,2 GiB) copied, 177 s, 31,8 MB/s
5643141120 bytes (5,6 GB, 5,3 GiB) copied, 178 s, 31,7 MB/s
5661949952 bytes (5,7 GB, 5,3 GiB) copied, 179 s, 31,6 MB/s
5680758784 bytes (5,7 GB, 5,3 GiB) copied, 180 s, 31,6 MB/s
5699928064 bytes (5,7 GB, 5,3 GiB) copied, 181 s, 31,5 MB/s
5719097344 bytes (5,7 GB, 5,3 GiB) copied, 182 s, 31,4 MB/s
5738070016 bytes (5,7 GB, 5,3 GiB) copied, 183 s, 31,4 MB/s
5756518400 bytes (5,8 GB, 5,4 GiB) copied, 184 s, 31,3 MB/s
5775130624 bytes (5,8 GB, 5,4 GiB) copied, 185 s, 31,2 MB/s
5793546240 bytes (5,8 GB, 5,4 GiB) copied, 186 s, 31,1 MB/s
5812551680 bytes (5,8 GB, 5,4 GiB) copied, 187 s, 31,1 MB/s
5830967296 bytes (5,8 GB, 5,4 GiB) copied, 188 s, 31,0 MB/s
5850333184 bytes (5,9 GB, 5,4 GiB) copied, 189 s, 31,0 MB/s
5868748800 bytes (5,9 GB, 5,5 GiB) copied, 190 s, 30,9 MB/s
5887557632 bytes (5,9 GB, 5,5 GiB) copied, 191 s, 30,8 MB/s
5906169856 bytes (5,9 GB, 5,5 GiB) copied, 192 s, 30,8 MB/s
5925535744 bytes (5,9 GB, 5,5 GiB) copied, 193 s, 30,7 MB/s
5944705024 bytes (5,9 GB, 5,5 GiB) copied, 194 s, 30,6 MB/s
5963677696 bytes (6,0 GB, 5,6 GiB) copied, 195 s, 30,6 MB/s
5982486528 bytes (6,0 GB, 5,6 GiB) copied, 196 s, 30,5 MB/s
6001459200 bytes (6,0 GB, 5,6 GiB) copied, 197 s, 30,5 MB/s
6020464640 bytes (6,0 GB, 5,6 GiB) copied, 198 s, 30,4 MB/s
6039633920 bytes (6,0 GB, 5,6 GiB) copied, 199 s, 30,3 MB/s
6058049536 bytes (6,1 GB, 5,6 GiB) copied, 200 s, 30,3 MB/s
6076497920 bytes (6,1 GB, 5,7 GiB) copied, 201 s, 30,2 MB/s
6095306752 bytes (6,1 GB, 5,7 GiB) copied, 202 s, 30,2 MB/s
6113918976 bytes (6,1 GB, 5,7 GiB) copied, 203 s, 30,1 MB/s
6132891648 bytes (6,1 GB, 5,7 GiB) copied, 204 s, 30,1 MB/s
6151700480 bytes (6,2 GB, 5,7 GiB) copied, 205 s, 30,0 MB/s
6170411008 bytes (6,2 GB, 5,7 GiB) copied, 206 s, 30,0 MB/s
6188924928 bytes (6,2 GB, 5,8 GiB) copied, 207 s, 29,9 MB/s
6207537152 bytes (6,2 GB, 5,8 GiB) copied, 208 s, 29,8 MB/s
6225985536 bytes (6,2 GB, 5,8 GiB) copied, 209 s, 29,8 MB/s
6244401152 bytes (6,2 GB, 5,8 GiB) copied, 210 s, 29,7 MB/s
6263013376 bytes (6,3 GB, 5,8 GiB) copied, 211 s, 29,7 MB/s
6282182656 bytes (6,3 GB, 5,9 GiB) copied, 212 s, 29,6 MB/s
6300631040 bytes (6,3 GB, 5,9 GiB) copied, 213 s, 29,6 MB/s
6319439872 bytes (6,3 GB, 5,9 GiB) copied, 214 s, 29,5 MB/s
6338412544 bytes (6,3 GB, 5,9 GiB) copied, 215 s, 29,5 MB/s
6357385216 bytes (6,4 GB, 5,9 GiB) copied, 216 s, 29,4 MB/s
6375833600 bytes (6,4 GB, 5,9 GiB) copied, 217 s, 29,4 MB/s
6394445824 bytes (6,4 GB, 6,0 GiB) copied, 218 s, 29,3 MB/s
6413254656 bytes (6,4 GB, 6,0 GiB) copied, 219 s, 29,3 MB/s
6431670272 bytes (6,4 GB, 6,0 GiB) copied, 220 s, 29,2 MB/s
6450282496 bytes (6,5 GB, 6,0 GiB) copied, 221 s, 29,2 MB/s
6469091328 bytes (6,5 GB, 6,0 GiB) copied, 222 s, 29,1 MB/s
6488260608 bytes (6,5 GB, 6,0 GiB) copied, 223 s, 29,1 MB/s
6507069440 bytes (6,5 GB, 6,1 GiB) copied, 224 s, 29,0 MB/s
6526042112 bytes (6,5 GB, 6,1 GiB) copied, 225 s, 29,0 MB/s
6544850944 bytes (6,5 GB, 6,1 GiB) copied, 226 s, 29,0 MB/s
6563266560 bytes (6,6 GB, 6,1 GiB) copied, 227 s, 28,9 MB/s
6582435840 bytes (6,6 GB, 6,1 GiB) copied, 228 s, 28,9 MB/s
6601605120 bytes (6,6 GB, 6,1 GiB) copied, 229 s, 28,8 MB/s
6620971008 bytes (6,6 GB, 6,2 GiB) copied, 230 s, 28,8 MB/s
6640500736 bytes (6,6 GB, 6,2 GiB) copied, 231 s, 28,7 MB/s
6659670016 bytes (6,7 GB, 6,2 GiB) copied, 232 s, 28,7 MB/s
6678839296 bytes (6,7 GB, 6,2 GiB) copied, 233 s, 28,7 MB/s
6697287680 bytes (6,7 GB, 6,2 GiB) copied, 234 s, 28,6 MB/s
6715703296 bytes (6,7 GB, 6,3 GiB) copied, 235 s, 28,6 MB/s
6734315520 bytes (6,7 GB, 6,3 GiB) copied, 236 s, 28,5 MB/s
6753124352 bytes (6,8 GB, 6,3 GiB) copied, 237 s, 28,5 MB/s
6771572736 bytes (6,8 GB, 6,3 GiB) copied, 238 s, 28,5 MB/s
6789988352 bytes (6,8 GB, 6,3 GiB) copied, 239 s, 28,4 MB/s
6809157632 bytes (6,8 GB, 6,3 GiB) copied, 240 s, 28,4 MB/s
6827966464 bytes (6,8 GB, 6,4 GiB) copied, 241 s, 28,3 MB/s
6846939136 bytes (6,8 GB, 6,4 GiB) copied, 242 s, 28,3 MB/s
6865747968 bytes (6,9 GB, 6,4 GiB) copied, 243 s, 28,3 MB/s
6884917248 bytes (6,9 GB, 6,4 GiB) copied, 244 s, 28,2 MB/s
6903889920 bytes (6,9 GB, 6,4 GiB) copied, 245 s, 28,2 MB/s
6922698752 bytes (6,9 GB, 6,4 GiB) copied, 246 s, 28,1 MB/s
6941605888 bytes (6,9 GB, 6,5 GiB) copied, 247 s, 28,1 MB/s
6960316416 bytes (7,0 GB, 6,5 GiB) copied, 248 s, 28,1 MB/s
6978928640 bytes (7,0 GB, 6,5 GiB) copied, 249 s, 28,0 MB/s
6998097920 bytes (7,0 GB, 6,5 GiB) copied, 250 s, 28,0 MB/s
7017070592 bytes (7,0 GB, 6,5 GiB) copied, 251 s, 28,0 MB/s
7035682816 bytes (7,0 GB, 6,6 GiB) copied, 252 s, 27,9 MB/s
7054262272 bytes (7,1 GB, 6,6 GiB) copied, 253 s, 27,9 MB/s
7072743424 bytes (7,1 GB, 6,6 GiB) copied, 254 s, 27,8 MB/s
7091290112 bytes (7,1 GB, 6,6 GiB) copied, 255 s, 27,8 MB/s
7109771264 bytes (7,1 GB, 6,6 GiB) copied, 256 s, 27,8 MB/s
7129137152 bytes (7,1 GB, 6,6 GiB) copied, 257 s, 27,7 MB/s
7147945984 bytes (7,1 GB, 6,7 GiB) copied, 258 s, 27,7 MB/s
7166918656 bytes (7,2 GB, 6,7 GiB) copied, 259 s, 27,7 MB/s
7185924096 bytes (7,2 GB, 6,7 GiB) copied, 260 s, 27,6 MB/s
7204896768 bytes (7,2 GB, 6,7 GiB) copied, 261 s, 27,6 MB/s
7224066048 bytes (7,2 GB, 6,7 GiB) copied, 262 s, 27,6 MB/s
7242514432 bytes (7,2 GB, 6,7 GiB) copied, 263 s, 27,5 MB/s
7261126656 bytes (7,3 GB, 6,8 GiB) copied, 264 s, 27,5 MB/s
7279738880 bytes (7,3 GB, 6,8 GiB) copied, 265 s, 27,5 MB/s
7298875392 bytes (7,3 GB, 6,8 GiB) copied, 266 s, 27,4 MB/s
7317716992 bytes (7,3 GB, 6,8 GiB) copied, 267 s, 27,4 MB/s
7336689664 bytes (7,3 GB, 6,8 GiB) copied, 268 s, 27,4 MB/s
7356416000 bytes (7,4 GB, 6,9 GiB) copied, 269 s, 27,3 MB/s
7375028224 bytes (7,4 GB, 6,9 GiB) copied, 270 s, 27,3 MB/s
7393443840 bytes (7,4 GB, 6,9 GiB) copied, 271 s, 27,3 MB/s
7411892224 bytes (7,4 GB, 6,9 GiB) copied, 272 s, 27,2 MB/s
7430307840 bytes (7,4 GB, 6,9 GiB) copied, 273 s, 27,2 MB/s
7449083904 bytes (7,4 GB, 6,9 GiB) copied, 274 s, 27,2 MB/s
7467565056 bytes (7,5 GB, 7,0 GiB) copied, 275 s, 27,2 MB/s
7485980672 bytes (7,5 GB, 7,0 GiB) copied, 276 s, 27,1 MB/s
7504429056 bytes (7,5 GB, 7,0 GiB) copied, 277 s, 27,1 MB/s
7522844672 bytes (7,5 GB, 7,0 GiB) copied, 278 s, 27,1 MB/s
7541293056 bytes (7,5 GB, 7,0 GiB) copied, 279 s, 27,0 MB/s
7559708672 bytes (7,6 GB, 7,0 GiB) copied, 280 s, 27,0 MB/s
7578157056 bytes (7,6 GB, 7,1 GiB) copied, 281 s, 27,0 MB/s
7597129728 bytes (7,6 GB, 7,1 GiB) copied, 282 s, 26,9 MB/s
7615741952 bytes (7,6 GB, 7,1 GiB) copied, 283 s, 26,9 MB/s
7634190336 bytes (7,6 GB, 7,1 GiB) copied, 284 s, 26,9 MB/s
7652737024 bytes (7,7 GB, 7,1 GiB) copied, 285 s, 26,9 MB/s
7671218176 bytes (7,7 GB, 7,1 GiB) copied, 286 s, 26,8 MB/s
7689830400 bytes (7,7 GB, 7,2 GiB) copied, 287 s, 26,8 MB/s
7708442624 bytes (7,7 GB, 7,2 GiB) copied, 288 s, 26,8 MB/s
7726891008 bytes (7,7 GB, 7,2 GiB) copied, 289 s, 26,7 MB/s
7745437696 bytes (7,7 GB, 7,2 GiB) copied, 290 s, 26,7 MB/s
7764115456 bytes (7,8 GB, 7,2 GiB) copied, 291 s, 26,7 MB/s
7782694912 bytes (7,8 GB, 7,2 GiB) copied, 292 s, 26,7 MB/s
7801536512 bytes (7,8 GB, 7,3 GiB) copied, 293 s, 26,6 MB/s
7820541952 bytes (7,8 GB, 7,3 GiB) copied, 294 s, 26,6 MB/s
7839055872 bytes (7,8 GB, 7,3 GiB) copied, 295 s, 26,6 MB/s
7857405952 bytes (7,9 GB, 7,3 GiB) copied, 296 s, 26,5 MB/s
7875952640 bytes (7,9 GB, 7,3 GiB) copied, 297 s, 26,5 MB/s
7894630400 bytes (7,9 GB, 7,4 GiB) copied, 298 s, 26,5 MB/s
7913799680 bytes (7,9 GB, 7,4 GiB) copied, 299 s, 26,5 MB/s
7932411904 bytes (7,9 GB, 7,4 GiB) copied, 300 s, 26,4 MB/s
7951220736 bytes (8,0 GB, 7,4 GiB) copied, 301 s, 26,4 MB/s
7969636352 bytes (8,0 GB, 7,4 GiB) copied, 302 s, 26,4 MB/s
7988084736 bytes (8,0 GB, 7,4 GiB) copied, 303 s, 26,4 MB/s
8006500352 bytes (8,0 GB, 7,5 GiB) copied, 304 s, 26,3 MB/s
8024948736 bytes (8,0 GB, 7,5 GiB) copied, 305 s, 26,3 MB/s
8043364352 bytes (8,0 GB, 7,5 GiB) copied, 306 s, 26,3 MB/s
8061812736 bytes (8,1 GB, 7,5 GiB) copied, 307 s, 26,3 MB/s
8080228352 bytes (8,1 GB, 7,5 GiB) copied, 308 s, 26,2 MB/s
8098676736 bytes (8,1 GB, 7,5 GiB) copied, 309 s, 26,2 MB/s
8117092352 bytes (8,1 GB, 7,6 GiB) copied, 310 s, 26,2 MB/s
8135540736 bytes (8,1 GB, 7,6 GiB) copied, 311 s, 26,2 MB/s
8153956352 bytes (8,2 GB, 7,6 GiB) copied, 312 s, 26,1 MB/s
8172404736 bytes (8,2 GB, 7,6 GiB) copied, 313 s, 26,1 MB/s
8190820352 bytes (8,2 GB, 7,6 GiB) copied, 314 s, 26,1 MB/s
8209268736 bytes (8,2 GB, 7,6 GiB) copied, 315 s, 26,1 MB/s
8227684352 bytes (8,2 GB, 7,7 GiB) copied, 316 s, 26,0 MB/s
8247050240 bytes (8,2 GB, 7,7 GiB) copied, 317 s, 26,0 MB/s
8264908800 bytes (8,3 GB, 7,7 GiB) copied, 318 s, 26,0 MB/s
8279851008 bytes (8,3 GB, 7,7 GiB) copied, 319 s, 26,0 MB/s
8291254272 bytes (8,3 GB, 7,7 GiB) copied, 320 s, 25,9 MB/s
8298430464 bytes (8,3 GB, 7,7 GiB) copied, 321 s, 25,9 MB/s
8302198784 bytes (8,3 GB, 7,7 GiB) copied, 322 s, 25,8 MB/s
8305213440 bytes (8,3 GB, 7,7 GiB) copied, 323 s, 25,7 MB/s
8307703808 bytes (8,3 GB, 7,7 GiB) copied, 324 s, 25,6 MB/s
8309800960 bytes (8,3 GB, 7,7 GiB) copied, 325 s, 25,6 MB/s
8311504896 bytes (8,3 GB, 7,7 GiB) copied, 326 s, 25,5 MB/s
8312815616 bytes (8,3 GB, 7,7 GiB) copied, 327 s, 25,4 MB/s
8313995264 bytes (8,3 GB, 7,7 GiB) copied, 328 s, 25,3 MB/s
8314912768 bytes (8,3 GB, 7,7 GiB) copied, 329 s, 25,3 MB/s
8315568128 bytes (8,3 GB, 7,7 GiB) copied, 330 s, 25,2 MB/s
8316321792 bytes (8,3 GB, 7,7 GiB) copied, 331 s, 25,1 MB/s
8316747776 bytes (8,3 GB, 7,7 GiB) copied, 332 s, 25,0 MB/s
8317108224 bytes (8,3 GB, 7,7 GiB) copied, 333 s, 25,0 MB/s
8317304832 bytes (8,3 GB, 7,7 GiB) copied, 334 s, 24,9 MB/s
8317435904 bytes (8,3 GB, 7,7 GiB) copied, 336 s, 24,8 MB/s
8317501440 bytes (8,3 GB, 7,7 GiB) copied, 336 s, 24,8 MB/s
8317566976 bytes (8,3 GB, 7,7 GiB) copied, 337 s, 24,7 MB/s
8317632512 bytes (8,3 GB, 7,7 GiB) copied, 338 s, 24,6 MB/s
8317698048 bytes (8,3 GB, 7,7 GiB) copied, 340 s, 24,5 MB/s
8317763584 bytes (8,3 GB, 7,7 GiB) copied, 343 s, 24,3 MB/s
8317829120 bytes (8,3 GB, 7,7 GiB) copied, 346 s, 24,0 MB/s
8317894656 bytes (8,3 GB, 7,7 GiB) copied, 349 s, 23,8 MB/s
8317960192 bytes (8,3 GB, 7,7 GiB) copied, 353 s, 23,6 MB/s
8318025728 bytes (8,3 GB, 7,7 GiB) copied, 355 s, 23,4 MB/s
8318091264 bytes (8,3 GB, 7,7 GiB) copied, 356 s, 23,4 MB/s
8318156800 bytes (8,3 GB, 7,7 GiB) copied, 356 s, 23,4 MB/s
8318222336 bytes (8,3 GB, 7,7 GiB) copied, 357 s, 23,3 MB/s
8318287872 bytes (8,3 GB, 7,7 GiB) copied, 357 s, 23,3 MB/s
8318353408 bytes (8,3 GB, 7,7 GiB) copied, 357 s, 23,3 MB/s
8318386176 bytes (8,3 GB, 7,7 GiB) copied, 357 s, 23,3 MB/s
8318451712 bytes (8,3 GB, 7,7 GiB) copied, 357 s, 23,3 MB/s
8318517248 bytes (8,3 GB, 7,7 GiB) copied, 357 s, 23,3 MB/s
8318550016 bytes (8,3 GB, 7,7 GiB) copied, 357 s, 23,3 MB/s
8318615552 bytes (8,3 GB, 7,7 GiB) copied, 357 s, 23,3 MB/s
8318648320 bytes (8,3 GB, 7,7 GiB) copied, 357 s, 23,3 MB/s
8318681088 bytes (8,3 GB, 7,7 GiB) copied, 357 s, 23,3 MB/s
8318713856 bytes (8,3 GB, 7,7 GiB) copied, 357 s, 23,3 MB/s
8319139840 bytes (8,3 GB, 7,7 GiB) copied, 358 s, 23,2 MB/s
8320843776 bytes (8,3 GB, 7,7 GiB) copied, 359 s, 23,2 MB/s
8327659520 bytes (8,3 GB, 7,8 GiB) copied, 360 s, 23,1 MB/s
8363147264 bytes (8,4 GB, 7,8 GiB) copied, 361 s, 23,2 MB/s
8416493568 bytes (8,4 GB, 7,8 GiB) copied, 362 s, 23,2 MB/s
8471543808 bytes (8,5 GB, 7,9 GiB) copied, 363 s, 23,3 MB/s
8524726272 bytes (8,5 GB, 7,9 GiB) copied, 364 s, 23,4 MB/s
8576958464 bytes (8,6 GB, 8,0 GiB) copied, 365 s, 23,5 MB/s
8627388416 bytes (8,6 GB, 8,0 GiB) copied, 366 s, 23,6 MB/s
8676311040 bytes (8,7 GB, 8,1 GiB) copied, 367 s, 23,6 MB/s
8724938752 bytes (8,7 GB, 8,1 GiB) copied, 368 s, 23,7 MB/s
8771862528 bytes (8,8 GB, 8,2 GiB) copied, 369 s, 23,8 MB/s
8818491392 bytes (8,8 GB, 8,2 GiB) copied, 370 s, 23,8 MB/s
8865513472 bytes (8,9 GB, 8,3 GiB) copied, 371 s, 23,9 MB/s
8911814656 bytes (8,9 GB, 8,3 GiB) copied, 372 s, 24,0 MB/s
8958377984 bytes (9,0 GB, 8,3 GiB) copied, 373 s, 24,0 MB/s
9005203456 bytes (9,0 GB, 8,4 GiB) copied, 374 s, 24,1 MB/s
9049440256 bytes (9,0 GB, 8,4 GiB) copied, 375 s, 24,1 MB/s
9091121152 bytes (9,1 GB, 8,5 GiB) copied, 376 s, 24,2 MB/s
9133162496 bytes (9,1 GB, 8,5 GiB) copied, 377 s, 24,2 MB/s
9175564288 bytes (9,2 GB, 8,5 GiB) copied, 378 s, 24,3 MB/s
9217966080 bytes (9,2 GB, 8,6 GiB) copied, 379 s, 24,3 MB/s
9260466176 bytes (9,3 GB, 8,6 GiB) copied, 380 s, 24,4 MB/s
9302933504 bytes (9,3 GB, 8,7 GiB) copied, 381 s, 24,4 MB/s
9341861888 bytes (9,3 GB, 8,7 GiB) copied, 382 s, 24,5 MB/s
9388687360 bytes (9,4 GB, 8,7 GiB) copied, 383 s, 24,5 MB/s
9431810048 bytes (9,4 GB, 8,8 GiB) copied, 384 s, 24,6 MB/s
9474015232 bytes (9,5 GB, 8,8 GiB) copied, 385 s, 24,6 MB/s
9512681472 bytes (9,5 GB, 8,9 GiB) copied, 386 s, 24,6 MB/s
9550954496 bytes (9,6 GB, 8,9 GiB) copied, 387 s, 24,7 MB/s
9589293056 bytes (9,6 GB, 8,9 GiB) copied, 388 s, 24,7 MB/s
9628155904 bytes (9,6 GB, 9,0 GiB) copied, 389 s, 24,8 MB/s
9666953216 bytes (9,7 GB, 9,0 GiB) copied, 390 s, 24,8 MB/s
9705422848 bytes (9,7 GB, 9,0 GiB) copied, 391 s, 24,8 MB/s
9744416768 bytes (9,7 GB, 9,1 GiB) copied, 392 s, 24,9 MB/s
9782689792 bytes (9,8 GB, 9,1 GiB) copied, 393 s, 24,9 MB/s
9821683712 bytes (9,8 GB, 9,1 GiB) copied, 394 s, 24,9 MB/s
9860186112 bytes (9,9 GB, 9,2 GiB) copied, 395 s, 25,0 MB/s
9898983424 bytes (9,9 GB, 9,2 GiB) copied, 396 s, 25,0 MB/s
9937649664 bytes (9,9 GB, 9,3 GiB) copied, 397 s, 25,0 MB/s
9976283136 bytes (10 GB, 9,3 GiB) copied, 398 s, 25,1 MB/s 
10015014912 bytes (10 GB, 9,3 GiB) copied, 399 s, 25,1 MB/s
10053582848 bytes (10 GB, 9,4 GiB) copied, 400 s, 25,1 MB/s
10092937216 bytes (10 GB, 9,4 GiB) copied, 401 s, 25,2 MB/s
10132094976 bytes (10 GB, 9,4 GiB) copied, 402 s, 25,2 MB/s
10170990592 bytes (10 GB, 9,5 GiB) copied, 403 s, 25,2 MB/s
10210312192 bytes (10 GB, 9,5 GiB) copied, 404 s, 25,3 MB/s
10249338880 bytes (10 GB, 9,5 GiB) copied, 405 s, 25,3 MB/s
10288496640 bytes (10 GB, 9,6 GiB) copied, 406 s, 25,3 MB/s
10327588864 bytes (10 GB, 9,6 GiB) copied, 407 s, 25,4 MB/s
10366713856 bytes (10 GB, 9,7 GiB) copied, 408 s, 25,4 MB/s
10406068224 bytes (10 GB, 9,7 GiB) copied, 409 s, 25,4 MB/s
10444898304 bytes (10 GB, 9,7 GiB) copied, 410 s, 25,5 MB/s
10484350976 bytes (10 GB, 9,8 GiB) copied, 411 s, 25,5 MB/s
10523246592 bytes (11 GB, 9,8 GiB) copied, 412 s, 25,5 MB/s
10562568192 bytes (11 GB, 9,8 GiB) copied, 413 s, 25,6 MB/s
10601594880 bytes (11 GB, 9,9 GiB) copied, 414 s, 25,6 MB/s
10640752640 bytes (11 GB, 9,9 GiB) copied, 415 s, 25,6 MB/s
10679844864 bytes (11 GB, 9,9 GiB) copied, 416 s, 25,7 MB/s
10718969856 bytes (11 GB, 10 GiB) copied, 417 s, 25,7 MB/s 
10758225920 bytes (11 GB, 10 GiB) copied, 418 s, 25,7 MB/s
10797154304 bytes (11 GB, 10 GiB) copied, 419 s, 25,8 MB/s
10836246528 bytes (11 GB, 10 GiB) copied, 420 s, 25,8 MB/s
10875699200 bytes (11 GB, 10 GiB) copied, 421 s, 25,8 MB/s
10914824192 bytes (11 GB, 10 GiB) copied, 422 s, 25,9 MB/s
10953850880 bytes (11 GB, 10 GiB) copied, 423 s, 25,9 MB/s
10993008640 bytes (11 GB, 10 GiB) copied, 424 s, 25,9 MB/s
11032231936 bytes (11 GB, 10 GiB) copied, 425 s, 26,0 MB/s
11071225856 bytes (11 GB, 10 GiB) copied, 426 s, 26,0 MB/s
11110318080 bytes (11 GB, 10 GiB) copied, 427 s, 26,0 MB/s
11149770752 bytes (11 GB, 10 GiB) copied, 428 s, 26,1 MB/s
11188502528 bytes (11 GB, 10 GiB) copied, 429 s, 26,1 MB/s
11227955200 bytes (11 GB, 10 GiB) copied, 430 s, 26,1 MB/s
11266916352 bytes (11 GB, 10 GiB) copied, 431 s, 26,1 MB/s
11306106880 bytes (11 GB, 11 GiB) copied, 432 s, 26,2 MB/s
11345264640 bytes (11 GB, 11 GiB) copied, 433 s, 26,2 MB/s
11384487936 bytes (11 GB, 11 GiB) copied, 434 s, 26,2 MB/s
11423481856 bytes (11 GB, 11 GiB) copied, 435 s, 26,3 MB/s
11462737920 bytes (11 GB, 11 GiB) copied, 436 s, 26,3 MB/s
11501666304 bytes (12 GB, 11 GiB) copied, 437 s, 26,3 MB/s
11541118976 bytes (12 GB, 11 GiB) copied, 438 s, 26,3 MB/s
11580014592 bytes (12 GB, 11 GiB) copied, 439 s, 26,4 MB/s
11619336192 bytes (12 GB, 11 GiB) copied, 440 s, 26,4 MB/s
11658264576 bytes (12 GB, 11 GiB) copied, 441 s, 26,4 MB/s
11697520640 bytes (12 GB, 11 GiB) copied, 442 s, 26,5 MB/s
11738382336 bytes (12 GB, 11 GiB) copied, 443 s, 26,5 MB/s
11777835008 bytes (12 GB, 11 GiB) copied, 444 s, 26,5 MB/s
11817254912 bytes (12 GB, 11 GiB) copied, 445 s, 26,6 MB/s
11856642048 bytes (12 GB, 11 GiB) copied, 446 s, 26,6 MB/s
11896356864 bytes (12 GB, 11 GiB) copied, 447 s, 26,6 MB/s
11935940608 bytes (12 GB, 11 GiB) copied, 448 s, 26,6 MB/s
11975491584 bytes (12 GB, 11 GiB) copied, 449 s, 26,7 MB/s
12015042560 bytes (12 GB, 11 GiB) copied, 450 s, 26,7 MB/s
12054855680 bytes (12 GB, 11 GiB) copied, 451 s, 26,7 MB/s
12094144512 bytes (12 GB, 11 GiB) copied, 452 s, 26,8 MB/s
12134055936 bytes (12 GB, 11 GiB) copied, 453 s, 26,8 MB/s
12173377536 bytes (12 GB, 11 GiB) copied, 454 s, 26,8 MB/s
12213157888 bytes (12 GB, 11 GiB) copied, 455 s, 26,8 MB/s
12252545024 bytes (12 GB, 11 GiB) copied, 456 s, 26,9 MB/s
12292128768 bytes (12 GB, 11 GiB) copied, 457 s, 26,9 MB/s
12331745280 bytes (12 GB, 11 GiB) copied, 458 s, 26,9 MB/s
12371296256 bytes (12 GB, 12 GiB) copied, 459 s, 27,0 MB/s
12411109376 bytes (12 GB, 12 GiB) copied, 460 s, 27,0 MB/s
12450398208 bytes (12 GB, 12 GiB) copied, 461 s, 27,0 MB/s
12489949184 bytes (12 GB, 12 GiB) copied, 462 s, 27,0 MB/s
12529860608 bytes (13 GB, 12 GiB) copied, 463 s, 27,1 MB/s
12569214976 bytes (13 GB, 12 GiB) copied, 464 s, 27,1 MB/s
12608995328 bytes (13 GB, 12 GiB) copied, 465 s, 27,1 MB/s
12648546304 bytes (13 GB, 12 GiB) copied, 466 s, 27,1 MB/s
12688097280 bytes (13 GB, 12 GiB) copied, 467 s, 27,2 MB/s
12727812096 bytes (13 GB, 12 GiB) copied, 468 s, 27,2 MB/s
12767199232 bytes (13 GB, 12 GiB) copied, 469 s, 27,2 MB/s
12807012352 bytes (13 GB, 12 GiB) copied, 470 s, 27,2 MB/s
12846301184 bytes (13 GB, 12 GiB) copied, 471 s, 27,3 MB/s
12885753856 bytes (13 GB, 12 GiB) copied, 472 s, 27,3 MB/s
12925566976 bytes (13 GB, 12 GiB) copied, 473 s, 27,3 MB/s
12965347328 bytes (13 GB, 12 GiB) copied, 474 s, 27,4 MB/s
13004832768 bytes (13 GB, 12 GiB) copied, 475 s, 27,4 MB/s
13044449280 bytes (13 GB, 12 GiB) copied, 476 s, 27,4 MB/s
13084164096 bytes (13 GB, 12 GiB) copied, 477 s, 27,4 MB/s
13123551232 bytes (13 GB, 12 GiB) copied, 478 s, 27,5 MB/s
13163397120 bytes (13 GB, 12 GiB) copied, 479 s, 27,5 MB/s
13203013632 bytes (13 GB, 12 GiB) copied, 480 s, 27,5 MB/s
13242335232 bytes (13 GB, 12 GiB) copied, 481 s, 27,5 MB/s
13282115584 bytes (13 GB, 12 GiB) copied, 482 s, 27,6 MB/s
13321535488 bytes (13 GB, 12 GiB) copied, 483 s, 27,6 MB/s
13361250304 bytes (13 GB, 12 GiB) copied, 484 s, 27,6 MB/s
13400801280 bytes (13 GB, 12 GiB) copied, 485 s, 27,6 MB/s
13440352256 bytes (13 GB, 13 GiB) copied, 486 s, 27,7 MB/s
13480165376 bytes (13 GB, 13 GiB) copied, 487 s, 27,7 MB/s
13519454208 bytes (14 GB, 13 GiB) copied, 488 s, 27,7 MB/s
13559365632 bytes (14 GB, 13 GiB) copied, 489 s, 27,7 MB/s
13598916608 bytes (14 GB, 13 GiB) copied, 490 s, 27,8 MB/s
13638270976 bytes (14 GB, 13 GiB) copied, 491 s, 27,8 MB/s
13678051328 bytes (14 GB, 13 GiB) copied, 492 s, 27,8 MB/s
13717536768 bytes (14 GB, 13 GiB) copied, 493 s, 27,8 MB/s
13757153280 bytes (14 GB, 13 GiB) copied, 494 s, 27,8 MB/s
13796802560 bytes (14 GB, 13 GiB) copied, 495 s, 27,9 MB/s
13836255232 bytes (14 GB, 13 GiB) copied, 496 s, 27,9 MB/s
13876068352 bytes (14 GB, 13 GiB) copied, 497 s, 27,9 MB/s
13915357184 bytes (14 GB, 13 GiB) copied, 498 s, 27,9 MB/s
13955268608 bytes (14 GB, 13 GiB) copied, 499 s, 28,0 MB/s
13994622976 bytes (14 GB, 13 GiB) copied, 500 s, 28,0 MB/s
14034403328 bytes (14 GB, 13 GiB) copied, 501 s, 28,0 MB/s
14073954304 bytes (14 GB, 13 GiB) copied, 502 s, 28,0 MB/s
14113505280 bytes (14 GB, 13 GiB) copied, 503 s, 28,1 MB/s
14153154560 bytes (14 GB, 13 GiB) copied, 504 s, 28,1 MB/s
14192607232 bytes (14 GB, 13 GiB) copied, 505 s, 28,1 MB/s
14232158208 bytes (14 GB, 13 GiB) copied, 506 s, 28,1 MB/s
14271709184 bytes (14 GB, 13 GiB) copied, 507 s, 28,1 MB/s
14311620608 bytes (14 GB, 13 GiB) copied, 508 s, 28,2 MB/s
14351171584 bytes (14 GB, 13 GiB) copied, 509 s, 28,2 MB/s
14390820864 bytes (14 GB, 13 GiB) copied, 510 s, 28,2 MB/s
14430994432 bytes (14 GB, 13 GiB) copied, 511 s, 28,2 MB/s
14471036928 bytes (14 GB, 13 GiB) copied, 512 s, 28,3 MB/s
14511013888 bytes (15 GB, 14 GiB) copied, 513 s, 28,3 MB/s
14551285760 bytes (15 GB, 14 GiB) copied, 514 s, 28,3 MB/s
14591295488 bytes (15 GB, 14 GiB) copied, 515 s, 28,3 MB/s
14631043072 bytes (15 GB, 14 GiB) copied, 516 s, 28,4 MB/s
14671413248 bytes (15 GB, 14 GiB) copied, 517 s, 28,4 MB/s
14711422976 bytes (15 GB, 14 GiB) copied, 518 s, 28,4 MB/s
14751367168 bytes (15 GB, 14 GiB) copied, 519 s, 28,4 MB/s
14791442432 bytes (15 GB, 14 GiB) copied, 520 s, 28,4 MB/s
14831550464 bytes (15 GB, 14 GiB) copied, 521 s, 28,5 MB/s
14871461888 bytes (15 GB, 14 GiB) copied, 522 s, 28,5 MB/s
14911733760 bytes (15 GB, 14 GiB) copied, 523 s, 28,5 MB/s
14951481344 bytes (15 GB, 14 GiB) copied, 524 s, 28,5 MB/s
14991851520 bytes (15 GB, 14 GiB) copied, 525 s, 28,6 MB/s
15031664640 bytes (15 GB, 14 GiB) copied, 526 s, 28,6 MB/s
15069970432 bytes (15 GB, 14 GiB) copied, 527 s, 28,6 MB/s
15111782400 bytes (15 GB, 14 GiB) copied, 528 s, 28,6 MB/s
15146287104 bytes (15 GB, 14 GiB) copied, 529 s, 28,6 MB/s
15191474176 bytes (15 GB, 14 GiB) copied, 530 s, 28,7 MB/s
15231614976 bytes (15 GB, 14 GiB) copied, 531 s, 28,7 MB/s
15270871040 bytes (15 GB, 14 GiB) copied, 532 s, 28,7 MB/s
15311634432 bytes (15 GB, 14 GiB) copied, 533 s, 28,7 MB/s
15348531200 bytes (15 GB, 14 GiB) copied, 534 s, 28,7 MB/s
15392014336 bytes (15 GB, 14 GiB) copied, 535 s, 28,8 MB/s
15432122368 bytes (15 GB, 14 GiB) copied, 536 s, 28,8 MB/s
15471312896 bytes (15 GB, 14 GiB) copied, 537 s, 28,8 MB/s
15512338432 bytes (16 GB, 14 GiB) copied, 538 s, 28,8 MB/s
15552348160 bytes (16 GB, 14 GiB) copied, 539 s, 28,9 MB/s
15591931904 bytes (16 GB, 15 GiB) copied, 540 s, 28,9 MB/s
15632465920 bytes (16 GB, 15 GiB) copied, 541 s, 28,9 MB/s
15671951360 bytes (16 GB, 15 GiB) copied, 542 s, 28,9 MB/s
15712288768 bytes (16 GB, 15 GiB) copied, 543 s, 28,9 MB/s
15752364032 bytes (16 GB, 15 GiB) copied, 544 s, 29,0 MB/s
15791915008 bytes (16 GB, 15 GiB) copied, 545 s, 29,0 MB/s
15831334912 bytes (16 GB, 15 GiB) copied, 546 s, 29,0 MB/s
15872753664 bytes (16 GB, 15 GiB) copied, 547 s, 29,0 MB/s
15912796160 bytes (16 GB, 15 GiB) copied, 548 s, 29,0 MB/s
15952773120 bytes (16 GB, 15 GiB) copied, 549 s, 29,1 MB/s
15992913920 bytes (16 GB, 15 GiB) copied, 550 s, 29,1 MB/s
16032563200 bytes (16 GB, 15 GiB) copied, 551 s, 29,1 MB/s
16073195520 bytes (16 GB, 15 GiB) copied, 552 s, 29,1 MB/s
16112025600 bytes (16 GB, 15 GiB) copied, 553 s, 29,1 MB/s
16151773184 bytes (16 GB, 15 GiB) copied, 554 s, 29,2 MB/s
16192045056 bytes (16 GB, 15 GiB) copied, 555 s, 29,2 MB/s
16231628800 bytes (16 GB, 15 GiB) copied, 556 s, 29,2 MB/s
16271441920 bytes (16 GB, 15 GiB) copied, 557 s, 29,2 MB/s
16309583872 bytes (16 GB, 15 GiB) copied, 558 s, 29,2 MB/s
16349659136 bytes (16 GB, 15 GiB) copied, 559 s, 29,2 MB/s
16389668864 bytes (16 GB, 15 GiB) copied, 560 s, 29,3 MB/s
16429416448 bytes (16 GB, 15 GiB) copied, 561 s, 29,3 MB/s
16469327872 bytes (16 GB, 15 GiB) copied, 562 s, 29,3 MB/s
16509534208 bytes (17 GB, 15 GiB) copied, 563 s, 29,3 MB/s
16548626432 bytes (17 GB, 15 GiB) copied, 564 s, 29,3 MB/s
16588636160 bytes (17 GB, 15 GiB) copied, 565 s, 29,4 MB/s
16627040256 bytes (17 GB, 15 GiB) copied, 566 s, 29,4 MB/s
16666853376 bytes (17 GB, 16 GiB) copied, 567 s, 29,4 MB/s
16706502656 bytes (17 GB, 16 GiB) copied, 568 s, 29,4 MB/s
16745070592 bytes (17 GB, 16 GiB) copied, 569 s, 29,4 MB/s
16785440768 bytes (17 GB, 16 GiB) copied, 570 s, 29,4 MB/s
16825221120 bytes (17 GB, 16 GiB) copied, 571 s, 29,5 MB/s
16865460224 bytes (17 GB, 16 GiB) copied, 572 s, 29,5 MB/s
16905109504 bytes (17 GB, 16 GiB) copied, 573 s, 29,5 MB/s
16944758784 bytes (17 GB, 16 GiB) copied, 574 s, 29,5 MB/s
16984539136 bytes (17 GB, 16 GiB) copied, 575 s, 29,5 MB/s
17024778240 bytes (17 GB, 16 GiB) copied, 576 s, 29,6 MB/s
17064787968 bytes (17 GB, 16 GiB) copied, 577 s, 29,6 MB/s
17104633856 bytes (17 GB, 16 GiB) copied, 578 s, 29,6 MB/s
17143660544 bytes (17 GB, 16 GiB) copied, 579 s, 29,6 MB/s
17183735808 bytes (17 GB, 16 GiB) copied, 580 s, 29,6 MB/s
17223024640 bytes (17 GB, 16 GiB) copied, 581 s, 29,6 MB/s
17262772224 bytes (17 GB, 16 GiB) copied, 582 s, 29,7 MB/s
17302683648 bytes (17 GB, 16 GiB) copied, 583 s, 29,7 MB/s
17342332928 bytes (17 GB, 16 GiB) copied, 584 s, 29,7 MB/s
17381982208 bytes (17 GB, 16 GiB) copied, 585 s, 29,7 MB/s
17421631488 bytes (17 GB, 16 GiB) copied, 586 s, 29,7 MB/s
17460822016 bytes (17 GB, 16 GiB) copied, 587 s, 29,7 MB/s
17500569600 bytes (18 GB, 16 GiB) copied, 588 s, 29,8 MB/s
17540218880 bytes (18 GB, 16 GiB) copied, 589 s, 29,8 MB/s
17579245568 bytes (18 GB, 16 GiB) copied, 590 s, 29,8 MB/s
17618993152 bytes (18 GB, 16 GiB) copied, 591 s, 29,8 MB/s
17658085376 bytes (18 GB, 16 GiB) copied, 592 s, 29,8 MB/s
17697734656 bytes (18 GB, 16 GiB) copied, 593 s, 29,8 MB/s
17735942144 bytes (18 GB, 17 GiB) copied, 594 s, 29,9 MB/s
17775001600 bytes (18 GB, 17 GiB) copied, 595 s, 29,9 MB/s
17815240704 bytes (18 GB, 17 GiB) copied, 596 s, 29,9 MB/s
17854889984 bytes (18 GB, 17 GiB) copied, 597 s, 29,9 MB/s
17894899712 bytes (18 GB, 17 GiB) copied, 598 s, 29,9 MB/s
17934909440 bytes (18 GB, 17 GiB) copied, 599 s, 29,9 MB/s
17973673984 bytes (18 GB, 17 GiB) copied, 600 s, 30,0 MB/s
18013683712 bytes (18 GB, 17 GiB) copied, 601 s, 30,0 MB/s
18053398528 bytes (18 GB, 17 GiB) copied, 602 s, 30,0 MB/s
18092949504 bytes (18 GB, 17 GiB) copied, 603 s, 30,0 MB/s
18132795392 bytes (18 GB, 17 GiB) copied, 604 s, 30,0 MB/s
18172641280 bytes (18 GB, 17 GiB) copied, 605 s, 30,0 MB/s
18212814848 bytes (18 GB, 17 GiB) copied, 606 s, 30,1 MB/s
18252726272 bytes (18 GB, 17 GiB) copied, 607 s, 30,1 MB/s
18291032064 bytes (18 GB, 17 GiB) copied, 608 s, 30,1 MB/s
18331402240 bytes (18 GB, 17 GiB) copied, 609 s, 30,1 MB/s
18370789376 bytes (18 GB, 17 GiB) copied, 610 s, 30,1 MB/s
18410700800 bytes (18 GB, 17 GiB) copied, 611 s, 30,1 MB/s
18450710528 bytes (18 GB, 17 GiB) copied, 612 s, 30,1 MB/s
18490720256 bytes (18 GB, 17 GiB) copied, 613 s, 30,2 MB/s
18530631680 bytes (19 GB, 17 GiB) copied, 614 s, 30,2 MB/s
18570674176 bytes (19 GB, 17 GiB) copied, 615 s, 30,2 MB/s
18610749440 bytes (19 GB, 17 GiB) copied, 616 s, 30,2 MB/s
18650398720 bytes (19 GB, 17 GiB) copied, 617 s, 30,2 MB/s
18690768896 bytes (19 GB, 17 GiB) copied, 618 s, 30,2 MB/s
18730549248 bytes (19 GB, 17 GiB) copied, 619 s, 30,3 MB/s
18770788352 bytes (19 GB, 17 GiB) copied, 620 s, 30,3 MB/s
18809716736 bytes (19 GB, 18 GiB) copied, 621 s, 30,3 MB/s
18848645120 bytes (19 GB, 18 GiB) copied, 622 s, 30,3 MB/s
18888654848 bytes (19 GB, 18 GiB) copied, 623 s, 30,3 MB/s
18928664576 bytes (19 GB, 18 GiB) copied, 624 s, 30,3 MB/s
18968313856 bytes (19 GB, 18 GiB) copied, 625 s, 30,3 MB/s
19008684032 bytes (19 GB, 18 GiB) copied, 626 s, 30,4 MB/s
19047907328 bytes (19 GB, 18 GiB) copied, 627 s, 30,4 MB/s
19087917056 bytes (19 GB, 18 GiB) copied, 628 s, 30,4 MB/s
19127992320 bytes (19 GB, 18 GiB) copied, 629 s, 30,4 MB/s
19166920704 bytes (19 GB, 18 GiB) copied, 630 s, 30,4 MB/s
19207290880 bytes (19 GB, 18 GiB) copied, 631 s, 30,4 MB/s
19247038464 bytes (19 GB, 18 GiB) copied, 632 s, 30,5 MB/s
19287212032 bytes (19 GB, 18 GiB) copied, 633 s, 30,5 MB/s
19326959616 bytes (19 GB, 18 GiB) copied, 634 s, 30,5 MB/s
19366969344 bytes (19 GB, 18 GiB) copied, 635 s, 30,5 MB/s
19406913536 bytes (19 GB, 18 GiB) copied, 636 s, 30,5 MB/s
19446628352 bytes (19 GB, 18 GiB) copied, 637 s, 30,5 MB/s
19486572544 bytes (19 GB, 18 GiB) copied, 638 s, 30,5 MB/s
19526647808 bytes (20 GB, 18 GiB) copied, 639 s, 30,6 MB/s
19566755840 bytes (20 GB, 18 GiB) copied, 640 s, 30,6 MB/s
19605028864 bytes (20 GB, 18 GiB) copied, 641 s, 30,6 MB/s
19645136896 bytes (20 GB, 18 GiB) copied, 642 s, 30,6 MB/s
19684884480 bytes (20 GB, 18 GiB) copied, 643 s, 30,6 MB/s
19725254656 bytes (20 GB, 18 GiB) copied, 644 s, 30,6 MB/s
19765264384 bytes (20 GB, 18 GiB) copied, 645 s, 30,6 MB/s
19805274112 bytes (20 GB, 18 GiB) copied, 646 s, 30,7 MB/s
19845283840 bytes (20 GB, 18 GiB) copied, 647 s, 30,7 MB/s
19885129728 bytes (20 GB, 19 GiB) copied, 648 s, 30,7 MB/s
19922223104 bytes (20 GB, 19 GiB) copied, 649 s, 30,7 MB/s
19961970688 bytes (20 GB, 19 GiB) copied, 650 s, 30,7 MB/s
20001718272 bytes (20 GB, 19 GiB) copied, 651 s, 30,7 MB/s
20041564160 bytes (20 GB, 19 GiB) copied, 652 s, 30,7 MB/s
20081377280 bytes (20 GB, 19 GiB) copied, 653 s, 30,8 MB/s
20121649152 bytes (20 GB, 19 GiB) copied, 654 s, 30,8 MB/s
20160315392 bytes (20 GB, 19 GiB) copied, 655 s, 30,8 MB/s
20200423424 bytes (20 GB, 19 GiB) copied, 656 s, 30,8 MB/s
20240334848 bytes (20 GB, 19 GiB) copied, 657 s, 30,8 MB/s
20280344576 bytes (20 GB, 19 GiB) copied, 658 s, 30,8 MB/s
20320354304 bytes (20 GB, 19 GiB) copied, 659 s, 30,8 MB/s
20360364032 bytes (20 GB, 19 GiB) copied, 660 s, 30,8 MB/s
20400308224 bytes (20 GB, 19 GiB) copied, 661 s, 30,9 MB/s
20440383488 bytes (20 GB, 19 GiB) copied, 662 s, 30,9 MB/s
20480163840 bytes (20 GB, 19 GiB) copied, 663 s, 30,9 MB/s
20520239104 bytes (21 GB, 19 GiB) copied, 664 s, 30,9 MB/s
20560412672 bytes (21 GB, 19 GiB) copied, 665 s, 30,9 MB/s
20600356864 bytes (21 GB, 19 GiB) copied, 666 s, 30,9 MB/s
20640432128 bytes (21 GB, 19 GiB) copied, 667 s, 30,9 MB/s
20679720960 bytes (21 GB, 19 GiB) copied, 668 s, 31,0 MB/s
20719828992 bytes (21 GB, 19 GiB) copied, 669 s, 31,0 MB/s
20759805952 bytes (21 GB, 19 GiB) copied, 670 s, 31,0 MB/s
20799488000 bytes (21 GB, 19 GiB) copied, 671 s, 31,0 MB/s
20839399424 bytes (21 GB, 19 GiB) copied, 672 s, 31,0 MB/s
20877606912 bytes (21 GB, 19 GiB) copied, 673 s, 31,0 MB/s
20917452800 bytes (21 GB, 19 GiB) copied, 674 s, 31,0 MB/s
20957626368 bytes (21 GB, 20 GiB) copied, 675 s, 31,0 MB/s
20997734400 bytes (21 GB, 20 GiB) copied, 676 s, 31,1 MB/s
21037645824 bytes (21 GB, 20 GiB) copied, 677 s, 31,1 MB/s
21075623936 bytes (21 GB, 20 GiB) copied, 678 s, 31,1 MB/s
21115764736 bytes (21 GB, 20 GiB) copied, 679 s, 31,1 MB/s
21154430976 bytes (21 GB, 20 GiB) copied, 680 s, 31,1 MB/s
21193719808 bytes (21 GB, 20 GiB) copied, 681 s, 31,1 MB/s
21232189440 bytes (21 GB, 20 GiB) copied, 682 s, 31,1 MB/s
21273739264 bytes (21 GB, 20 GiB) copied, 683 s, 31,1 MB/s
21313388544 bytes (21 GB, 20 GiB) copied, 684 s, 31,2 MB/s
21353234432 bytes (21 GB, 20 GiB) copied, 685 s, 31,2 MB/s
21392982016 bytes (21 GB, 20 GiB) copied, 686 s, 31,2 MB/s
21433057280 bytes (21 GB, 20 GiB) copied, 687 s, 31,2 MB/s
21472804864 bytes (21 GB, 20 GiB) copied, 688 s, 31,2 MB/s
21511274496 bytes (22 GB, 20 GiB) copied, 689 s, 31,2 MB/s
21551284224 bytes (22 GB, 20 GiB) copied, 690 s, 31,2 MB/s
21590212608 bytes (22 GB, 20 GiB) copied, 691 s, 31,2 MB/s
21629861888 bytes (22 GB, 20 GiB) copied, 692 s, 31,3 MB/s
21669871616 bytes (22 GB, 20 GiB) copied, 693 s, 31,3 MB/s
21708439552 bytes (22 GB, 20 GiB) copied, 694 s, 31,3 MB/s
21748809728 bytes (22 GB, 20 GiB) copied, 695 s, 31,3 MB/s
21788196864 bytes (22 GB, 20 GiB) copied, 696 s, 31,3 MB/s
21826666496 bytes (22 GB, 20 GiB) copied, 697 s, 31,3 MB/s
21866610688 bytes (22 GB, 20 GiB) copied, 698 s, 31,3 MB/s
21906685952 bytes (22 GB, 20 GiB) copied, 699 s, 31,3 MB/s
21946335232 bytes (22 GB, 20 GiB) copied, 700 s, 31,4 MB/s
21986705408 bytes (22 GB, 20 GiB) copied, 701 s, 31,4 MB/s
22024847360 bytes (22 GB, 21 GiB) copied, 702 s, 31,4 MB/s
22065020928 bytes (22 GB, 21 GiB) copied, 703 s, 31,4 MB/s
22104571904 bytes (22 GB, 21 GiB) copied, 704 s, 31,4 MB/s
22143860736 bytes (22 GB, 21 GiB) copied, 705 s, 31,4 MB/s
22183510016 bytes (22 GB, 21 GiB) copied, 706 s, 31,4 MB/s
22222733312 bytes (22 GB, 21 GiB) copied, 707 s, 31,4 MB/s
22262808576 bytes (22 GB, 21 GiB) copied, 708 s, 31,4 MB/s
22302982144 bytes (22 GB, 21 GiB) copied, 709 s, 31,5 MB/s
22342664192 bytes (22 GB, 21 GiB) copied, 710 s, 31,5 MB/s
22382837760 bytes (22 GB, 21 GiB) copied, 711 s, 31,5 MB/s
22422061056 bytes (22 GB, 21 GiB) copied, 712 s, 31,5 MB/s
22461775872 bytes (22 GB, 21 GiB) copied, 713 s, 31,5 MB/s
22501883904 bytes (23 GB, 21 GiB) copied, 714 s, 31,5 MB/s
22541795328 bytes (23 GB, 21 GiB) copied, 715 s, 31,5 MB/s
22582001664 bytes (23 GB, 21 GiB) copied, 716 s, 31,5 MB/s
22621814784 bytes (23 GB, 21 GiB) copied, 717 s, 31,6 MB/s
22662184960 bytes (23 GB, 21 GiB) copied, 718 s, 31,6 MB/s
22701965312 bytes (23 GB, 21 GiB) copied, 719 s, 31,6 MB/s
22741843968 bytes (23 GB, 21 GiB) copied, 720 s, 31,6 MB/s
22782181376 bytes (23 GB, 21 GiB) copied, 721 s, 31,6 MB/s
22821863424 bytes (23 GB, 21 GiB) copied, 722 s, 31,6 MB/s
22861414400 bytes (23 GB, 21 GiB) copied, 723 s, 31,6 MB/s
22901161984 bytes (23 GB, 21 GiB) copied, 724 s, 31,6 MB/s
22941532160 bytes (23 GB, 21 GiB) copied, 725 s, 31,6 MB/s
22981279744 bytes (23 GB, 21 GiB) copied, 726 s, 31,7 MB/s
23021191168 bytes (23 GB, 21 GiB) copied, 727 s, 31,7 MB/s
23059529728 bytes (23 GB, 21 GiB) copied, 728 s, 31,7 MB/s
23099768832 bytes (23 GB, 22 GiB) copied, 729 s, 31,7 MB/s
23139778560 bytes (23 GB, 22 GiB) copied, 730 s, 31,7 MB/s
23179788288 bytes (23 GB, 22 GiB) copied, 731 s, 31,7 MB/s
23219896320 bytes (23 GB, 22 GiB) copied, 732 s, 31,7 MB/s
23259807744 bytes (23 GB, 22 GiB) copied, 733 s, 31,7 MB/s
23300079616 bytes (23 GB, 22 GiB) copied, 734 s, 31,7 MB/s
23339827200 bytes (23 GB, 22 GiB) copied, 735 s, 31,8 MB/s
23380197376 bytes (23 GB, 22 GiB) copied, 736 s, 31,8 MB/s
23420043264 bytes (23 GB, 22 GiB) copied, 737 s, 31,8 MB/s
23460216832 bytes (23 GB, 22 GiB) copied, 738 s, 31,8 MB/s
23500226560 bytes (24 GB, 22 GiB) copied, 739 s, 31,8 MB/s
23540236288 bytes (24 GB, 22 GiB) copied, 740 s, 31,8 MB/s
23580344320 bytes (24 GB, 22 GiB) copied, 741 s, 31,8 MB/s
23620255744 bytes (24 GB, 22 GiB) copied, 742 s, 31,8 MB/s
23660036096 bytes (24 GB, 22 GiB) copied, 743 s, 31,8 MB/s
23699554304 bytes (24 GB, 22 GiB) copied, 744 s, 31,9 MB/s
23739924480 bytes (24 GB, 22 GiB) copied, 745 s, 31,9 MB/s
23779573760 bytes (24 GB, 22 GiB) copied, 746 s, 31,9 MB/s
23819943936 bytes (24 GB, 22 GiB) copied, 747 s, 31,9 MB/s
23859724288 bytes (24 GB, 22 GiB) copied, 748 s, 31,9 MB/s
23899799552 bytes (24 GB, 22 GiB) copied, 749 s, 31,9 MB/s
23939973120 bytes (24 GB, 22 GiB) copied, 750 s, 31,9 MB/s
23979982848 bytes (24 GB, 22 GiB) copied, 751 s, 31,9 MB/s
24019632128 bytes (24 GB, 22 GiB) copied, 752 s, 31,9 MB/s
24059281408 bytes (24 GB, 22 GiB) copied, 753 s, 32,0 MB/s
24099651584 bytes (24 GB, 22 GiB) copied, 754 s, 32,0 MB/s
24138285056 bytes (24 GB, 22 GiB) copied, 755 s, 32,0 MB/s
24178229248 bytes (24 GB, 23 GiB) copied, 756 s, 32,0 MB/s
24217518080 bytes (24 GB, 23 GiB) copied, 757 s, 32,0 MB/s
24256086016 bytes (24 GB, 23 GiB) copied, 758 s, 32,0 MB/s
24296456192 bytes (24 GB, 23 GiB) copied, 759 s, 32,0 MB/s
24336236544 bytes (24 GB, 23 GiB) copied, 760 s, 32,0 MB/s
24375033856 bytes (24 GB, 23 GiB) copied, 761 s, 32,0 MB/s
24415043584 bytes (24 GB, 23 GiB) copied, 762 s, 32,0 MB/s
24455315456 bytes (24 GB, 23 GiB) copied, 763 s, 32,1 MB/s
24493981696 bytes (24 GB, 23 GiB) copied, 764 s, 32,1 MB/s
24533434368 bytes (25 GB, 23 GiB) copied, 765 s, 32,1 MB/s
24572919808 bytes (25 GB, 23 GiB) copied, 766 s, 32,1 MB/s
24612208640 bytes (25 GB, 23 GiB) copied, 767 s, 32,1 MB/s
24651137024 bytes (25 GB, 23 GiB) copied, 768 s, 32,1 MB/s
24691507200 bytes (25 GB, 23 GiB) copied, 769 s, 32,1 MB/s
24729288704 bytes (25 GB, 23 GiB) copied, 770 s, 32,1 MB/s
24768937984 bytes (25 GB, 23 GiB) copied, 771 s, 32,1 MB/s
24809013248 bytes (25 GB, 23 GiB) copied, 772 s, 32,1 MB/s
24848662528 bytes (25 GB, 23 GiB) copied, 773 s, 32,1 MB/s
24886804480 bytes (25 GB, 23 GiB) copied, 774 s, 32,2 MB/s
24926814208 bytes (25 GB, 23 GiB) copied, 775 s, 32,2 MB/s
24966889472 bytes (25 GB, 23 GiB) copied, 776 s, 32,2 MB/s
25006374912 bytes (25 GB, 23 GiB) copied, 777 s, 32,2 MB/s
25046188032 bytes (25 GB, 23 GiB) copied, 778 s, 32,2 MB/s
25085837312 bytes (25 GB, 23 GiB) copied, 779 s, 32,2 MB/s
25124667392 bytes (25 GB, 23 GiB) copied, 780 s, 32,2 MB/s
25164775424 bytes (25 GB, 23 GiB) copied, 781 s, 32,2 MB/s
25204883456 bytes (25 GB, 23 GiB) copied, 782 s, 32,2 MB/s
25244794880 bytes (25 GB, 24 GiB) copied, 783 s, 32,2 MB/s
25284444160 bytes (25 GB, 24 GiB) copied, 784 s, 32,3 MB/s
25323110400 bytes (25 GB, 24 GiB) copied, 785 s, 32,3 MB/s
25363021824 bytes (25 GB, 24 GiB) copied, 786 s, 32,3 MB/s
25403293696 bytes (25 GB, 24 GiB) copied, 787 s, 32,3 MB/s
25443041280 bytes (25 GB, 24 GiB) copied, 788 s, 32,3 MB/s
25483378688 bytes (25 GB, 24 GiB) copied, 789 s, 32,3 MB/s
25522896896 bytes (26 GB, 24 GiB) copied, 790 s, 32,3 MB/s
25562710016 bytes (26 GB, 24 GiB) copied, 791 s, 32,3 MB/s
25603080192 bytes (26 GB, 24 GiB) copied, 792 s, 32,3 MB/s
25642270720 bytes (26 GB, 24 GiB) copied, 793 s, 32,3 MB/s
25682018304 bytes (26 GB, 24 GiB) copied, 794 s, 32,3 MB/s
25721798656 bytes (26 GB, 24 GiB) copied, 795 s, 32,4 MB/s
25761087488 bytes (26 GB, 24 GiB) copied, 796 s, 32,4 MB/s
25800212480 bytes (26 GB, 24 GiB) copied, 797 s, 32,4 MB/s
25836683264 bytes (26 GB, 24 GiB) copied, 798 s, 32,4 MB/s
25872826368 bytes (26 GB, 24 GiB) copied, 799 s, 32,4 MB/s
25909100544 bytes (26 GB, 24 GiB) copied, 800 s, 32,4 MB/s
25945997312 bytes (26 GB, 24 GiB) copied, 801 s, 32,4 MB/s
25985515520 bytes (26 GB, 24 GiB) copied, 802 s, 32,4 MB/s
26024902656 bytes (26 GB, 24 GiB) copied, 803 s, 32,4 MB/s
26064814080 bytes (26 GB, 24 GiB) copied, 804 s, 32,4 MB/s
26104823808 bytes (26 GB, 24 GiB) copied, 805 s, 32,4 MB/s
26145193984 bytes (26 GB, 24 GiB) copied, 806 s, 32,4 MB/s
26184843264 bytes (26 GB, 24 GiB) copied, 807 s, 32,4 MB/s
26225213440 bytes (26 GB, 24 GiB) copied, 808 s, 32,5 MB/s
26265059328 bytes (26 GB, 24 GiB) copied, 809 s, 32,5 MB/s
26305232896 bytes (26 GB, 24 GiB) copied, 810 s, 32,5 MB/s
26345177088 bytes (26 GB, 25 GiB) copied, 811 s, 32,5 MB/s
26385252352 bytes (26 GB, 25 GiB) copied, 812 s, 32,5 MB/s
26423623680 bytes (26 GB, 25 GiB) copied, 813 s, 32,5 MB/s
26462879744 bytes (26 GB, 25 GiB) copied, 814 s, 32,5 MB/s
26503118848 bytes (27 GB, 25 GiB) copied, 815 s, 32,5 MB/s
26542047232 bytes (27 GB, 25 GiB) copied, 816 s, 32,5 MB/s
26581794816 bytes (27 GB, 25 GiB) copied, 817 s, 32,5 MB/s
26621706240 bytes (27 GB, 25 GiB) copied, 818 s, 32,5 MB/s
26660732928 bytes (27 GB, 25 GiB) copied, 819 s, 32,6 MB/s
26700644352 bytes (27 GB, 25 GiB) copied, 820 s, 32,6 MB/s
26739736576 bytes (27 GB, 25 GiB) copied, 821 s, 32,6 MB/s
26779222016 bytes (27 GB, 25 GiB) copied, 822 s, 32,6 MB/s
26819395584 bytes (27 GB, 25 GiB) copied, 823 s, 32,6 MB/s
26859241472 bytes (27 GB, 25 GiB) copied, 824 s, 32,6 MB/s
26899611648 bytes (27 GB, 25 GiB) copied, 825 s, 32,6 MB/s
26939260928 bytes (27 GB, 25 GiB) copied, 826 s, 32,6 MB/s
26979401728 bytes (27 GB, 25 GiB) copied, 827 s, 32,6 MB/s
27019640832 bytes (27 GB, 25 GiB) copied, 828 s, 32,6 MB/s
27058995200 bytes (27 GB, 25 GiB) copied, 829 s, 32,6 MB/s
27098939392 bytes (27 GB, 25 GiB) copied, 830 s, 32,6 MB/s
27139211264 bytes (27 GB, 25 GiB) copied, 831 s, 32,7 MB/s
27179286528 bytes (27 GB, 25 GiB) copied, 832 s, 32,7 MB/s
27218968576 bytes (27 GB, 25 GiB) copied, 833 s, 32,7 MB/s
27257536512 bytes (27 GB, 25 GiB) copied, 834 s, 32,7 MB/s
27297447936 bytes (27 GB, 25 GiB) copied, 835 s, 32,7 MB/s
27337195520 bytes (27 GB, 25 GiB) copied, 836 s, 32,7 MB/s
27377565696 bytes (27 GB, 25 GiB) copied, 837 s, 32,7 MB/s
27417346048 bytes (27 GB, 26 GiB) copied, 838 s, 32,7 MB/s
27457585152 bytes (27 GB, 26 GiB) copied, 839 s, 32,7 MB/s
27497431040 bytes (27 GB, 26 GiB) copied, 840 s, 32,7 MB/s
27537604608 bytes (28 GB, 26 GiB) copied, 841 s, 32,7 MB/s
27577712640 bytes (28 GB, 26 GiB) copied, 842 s, 32,8 MB/s
27617624064 bytes (28 GB, 26 GiB) copied, 843 s, 32,8 MB/s
27657895936 bytes (28 GB, 26 GiB) copied, 844 s, 32,8 MB/s
27697643520 bytes (28 GB, 26 GiB) copied, 845 s, 32,8 MB/s
27737653248 bytes (28 GB, 26 GiB) copied, 846 s, 32,8 MB/s
27778023424 bytes (28 GB, 26 GiB) copied, 847 s, 32,8 MB/s
27817869312 bytes (28 GB, 26 GiB) copied, 848 s, 32,8 MB/s
27858042880 bytes (28 GB, 26 GiB) copied, 849 s, 32,8 MB/s
27898052608 bytes (28 GB, 26 GiB) copied, 850 s, 32,8 MB/s
27938062336 bytes (28 GB, 26 GiB) copied, 851 s, 32,8 MB/s
27978170368 bytes (28 GB, 26 GiB) copied, 852 s, 32,8 MB/s
28018081792 bytes (28 GB, 26 GiB) copied, 853 s, 32,8 MB/s
28058255360 bytes (28 GB, 26 GiB) copied, 854 s, 32,9 MB/s
28098002944 bytes (28 GB, 26 GiB) copied, 855 s, 32,9 MB/s
28137652224 bytes (28 GB, 26 GiB) copied, 856 s, 32,9 MB/s
28176318464 bytes (28 GB, 26 GiB) copied, 857 s, 32,9 MB/s
28214886400 bytes (28 GB, 26 GiB) copied, 858 s, 32,9 MB/s
28254535680 bytes (28 GB, 26 GiB) copied, 859 s, 32,9 MB/s
28293922816 bytes (28 GB, 26 GiB) copied, 860 s, 32,9 MB/s
28333473792 bytes (28 GB, 26 GiB) copied, 861 s, 32,9 MB/s
28373843968 bytes (28 GB, 26 GiB) copied, 862 s, 32,9 MB/s
28412772352 bytes (28 GB, 26 GiB) copied, 863 s, 32,9 MB/s
28453142528 bytes (28 GB, 26 GiB) copied, 864 s, 32,9 MB/s
28492791808 bytes (28 GB, 27 GiB) copied, 865 s, 32,9 MB/s
28532441088 bytes (29 GB, 27 GiB) copied, 866 s, 32,9 MB/s
28572712960 bytes (29 GB, 27 GiB) copied, 867 s, 33,0 MB/s
28612460544 bytes (29 GB, 27 GiB) copied, 868 s, 33,0 MB/s
28652830720 bytes (29 GB, 27 GiB) copied, 869 s, 33,0 MB/s
28692480000 bytes (29 GB, 27 GiB) copied, 870 s, 33,0 MB/s
28732850176 bytes (29 GB, 27 GiB) copied, 871 s, 33,0 MB/s
28772630528 bytes (29 GB, 27 GiB) copied, 872 s, 33,0 MB/s
28806021120 bytes (29 GB, 27 GiB) copied, 873 s, 33,0 MB/s
28831612928 bytes (29 GB, 27 GiB) copied, 874 s, 33,0 MB/s
28857565184 bytes (29 GB, 27 GiB) copied, 875 s, 33,0 MB/s
28886597632 bytes (29 GB, 27 GiB) copied, 876 s, 33,0 MB/s
28918480896 bytes (29 GB, 27 GiB) copied, 877 s, 33,0 MB/s
28954296320 bytes (29 GB, 27 GiB) copied, 878 s, 33,0 MB/s
28990177280 bytes (29 GB, 27 GiB) copied, 879 s, 33,0 MB/s
29030121472 bytes (29 GB, 27 GiB) copied, 880 s, 33,0 MB/s
29069869056 bytes (29 GB, 27 GiB) copied, 881 s, 33,0 MB/s
29110239232 bytes (29 GB, 27 GiB) copied, 882 s, 33,0 MB/s
29153492992 bytes (29 GB, 27 GiB) copied, 883 s, 33,0 MB/s
29198811136 bytes (29 GB, 27 GiB) copied, 884 s, 33,0 MB/s
29243604992 bytes (29 GB, 27 GiB) copied, 885 s, 33,0 MB/s
29288660992 bytes (29 GB, 27 GiB) copied, 886 s, 33,1 MB/s
29333291008 bytes (29 GB, 27 GiB) copied, 887 s, 33,1 MB/s
29373825024 bytes (29 GB, 27 GiB) copied, 888 s, 33,1 MB/s
29417144320 bytes (29 GB, 27 GiB) copied, 889 s, 33,1 MB/s
29458432000 bytes (29 GB, 27 GiB) copied, 890 s, 33,1 MB/s
29498802176 bytes (29 GB, 27 GiB) copied, 891 s, 33,1 MB/s
29539172352 bytes (30 GB, 28 GiB) copied, 892 s, 33,1 MB/s
29579902976 bytes (30 GB, 28 GiB) copied, 893 s, 33,1 MB/s
29621649408 bytes (30 GB, 28 GiB) copied, 894 s, 33,1 MB/s
29661921280 bytes (30 GB, 28 GiB) copied, 895 s, 33,1 MB/s
29702094848 bytes (30 GB, 28 GiB) copied, 896 s, 33,1 MB/s
29743316992 bytes (30 GB, 28 GiB) copied, 897 s, 33,2 MB/s
29783556096 bytes (30 GB, 28 GiB) copied, 898 s, 33,2 MB/s
29823500288 bytes (30 GB, 28 GiB) copied, 899 s, 33,2 MB/s
29863575552 bytes (30 GB, 28 GiB) copied, 900 s, 33,2 MB/s
29903585280 bytes (30 GB, 28 GiB) copied, 901 s, 33,2 MB/s
29943857152 bytes (30 GB, 28 GiB) copied, 902 s, 33,2 MB/s
29983604736 bytes (30 GB, 28 GiB) copied, 903 s, 33,2 MB/s
30023974912 bytes (30 GB, 28 GiB) copied, 904 s, 33,2 MB/s
30063624192 bytes (30 GB, 28 GiB) copied, 905 s, 33,2 MB/s
30103994368 bytes (30 GB, 28 GiB) copied, 906 s, 33,2 MB/s
30143840256 bytes (30 GB, 28 GiB) copied, 907 s, 33,2 MB/s
30184013824 bytes (30 GB, 28 GiB) copied, 908 s, 33,2 MB/s
30224023552 bytes (30 GB, 28 GiB) copied, 909 s, 33,2 MB/s
30264033280 bytes (30 GB, 28 GiB) copied, 910 s, 33,3 MB/s
30304239616 bytes (30 GB, 28 GiB) copied, 911 s, 33,3 MB/s
30344052736 bytes (30 GB, 28 GiB) copied, 912 s, 33,3 MB/s
30384422912 bytes (30 GB, 28 GiB) copied, 913 s, 33,3 MB/s
30424432640 bytes (30 GB, 28 GiB) copied, 914 s, 33,3 MB/s
30464278528 bytes (30 GB, 28 GiB) copied, 915 s, 33,3 MB/s
30504452096 bytes (31 GB, 28 GiB) copied, 916 s, 33,3 MB/s
30544461824 bytes (31 GB, 28 GiB) copied, 917 s, 33,3 MB/s
30584471552 bytes (31 GB, 28 GiB) copied, 918 s, 33,3 MB/s
30624645120 bytes (31 GB, 29 GiB) copied, 919 s, 33,3 MB/s
30664491008 bytes (31 GB, 29 GiB) copied, 920 s, 33,3 MB/s
30704861184 bytes (31 GB, 29 GiB) copied, 921 s, 33,3 MB/s
30744510464 bytes (31 GB, 29 GiB) copied, 922 s, 33,3 MB/s
30784880640 bytes (31 GB, 29 GiB) copied, 923 s, 33,4 MB/s
30824726528 bytes (31 GB, 29 GiB) copied, 924 s, 33,4 MB/s
30864900096 bytes (31 GB, 29 GiB) copied, 925 s, 33,4 MB/s
30904909824 bytes (31 GB, 29 GiB) copied, 926 s, 33,4 MB/s
30944919552 bytes (31 GB, 29 GiB) copied, 927 s, 33,4 MB/s
30985093120 bytes (31 GB, 29 GiB) copied, 928 s, 33,4 MB/s
31024939008 bytes (31 GB, 29 GiB) copied, 929 s, 33,4 MB/s
31065178112 bytes (31 GB, 29 GiB) copied, 930 s, 33,4 MB/s
31104958464 bytes (31 GB, 29 GiB) copied, 931 s, 33,4 MB/s
31145328640 bytes (31 GB, 29 GiB) copied, 932 s, 33,4 MB/s
31185108992 bytes (31 GB, 29 GiB) copied, 933 s, 33,4 MB/s
31225348096 bytes (31 GB, 29 GiB) copied, 934 s, 33,4 MB/s
31265357824 bytes (31 GB, 29 GiB) copied, 935 s, 33,4 MB/s
31305465856 bytes (31 GB, 29 GiB) copied, 936 s, 33,4 MB/s
31345377280 bytes (31 GB, 29 GiB) copied, 937 s, 33,5 MB/s
31385649152 bytes (31 GB, 29 GiB) copied, 938 s, 33,5 MB/s
31425396736 bytes (31 GB, 29 GiB) copied, 939 s, 33,5 MB/s
31465766912 bytes (31 GB, 29 GiB) copied, 940 s, 33,5 MB/s
31505776640 bytes (32 GB, 29 GiB) copied, 941 s, 33,5 MB/s
31545622528 bytes (32 GB, 29 GiB) copied, 942 s, 33,5 MB/s
31585796096 bytes (32 GB, 29 GiB) copied, 943 s, 33,5 MB/s
31625805824 bytes (32 GB, 29 GiB) copied, 944 s, 33,5 MB/s
31665913856 bytes (32 GB, 29 GiB) copied, 945 s, 33,5 MB/s
31705825280 bytes (32 GB, 30 GiB) copied, 946 s, 33,5 MB/s
31745835008 bytes (32 GB, 30 GiB) copied, 947 s, 33,5 MB/s
31786172416 bytes (32 GB, 30 GiB) copied, 948 s, 33,5 MB/s
31825854464 bytes (32 GB, 30 GiB) copied, 949 s, 33,5 MB/s
31866224640 bytes (32 GB, 30 GiB) copied, 950 s, 33,5 MB/s
31906070528 bytes (32 GB, 30 GiB) copied, 951 s, 33,6 MB/s
31946244096 bytes (32 GB, 30 GiB) copied, 952 s, 33,6 MB/s
31986253824 bytes (32 GB, 30 GiB) copied, 953 s, 33,6 MB/s
32026263552 bytes (32 GB, 30 GiB) copied, 954 s, 33,6 MB/s
32066273280 bytes (32 GB, 30 GiB) copied, 955 s, 33,6 MB/s
32106446848 bytes (32 GB, 30 GiB) copied, 956 s, 33,6 MB/s
32146292736 bytes (32 GB, 30 GiB) copied, 957 s, 33,6 MB/s
32186662912 bytes (32 GB, 30 GiB) copied, 958 s, 33,6 MB/s
32226312192 bytes (32 GB, 30 GiB) copied, 959 s, 33,6 MB/s
32266682368 bytes (32 GB, 30 GiB) copied, 960 s, 33,6 MB/s
32306626560 bytes (32 GB, 30 GiB) copied, 961 s, 33,6 MB/s
32346701824 bytes (32 GB, 30 GiB) copied, 962 s, 33,6 MB/s
32386809856 bytes (32 GB, 30 GiB) copied, 963 s, 33,6 MB/s
32426721280 bytes (32 GB, 30 GiB) copied, 964 s, 33,6 MB/s
32466894848 bytes (32 GB, 30 GiB) copied, 965 s, 33,6 MB/s
32506740736 bytes (33 GB, 30 GiB) copied, 966 s, 33,7 MB/s
32547110912 bytes (33 GB, 30 GiB) copied, 967 s, 33,7 MB/s
32587120640 bytes (33 GB, 30 GiB) copied, 968 s, 33,7 MB/s
32626900992 bytes (33 GB, 30 GiB) copied, 969 s, 33,7 MB/s
32667140096 bytes (33 GB, 30 GiB) copied, 970 s, 33,7 MB/s
32706789376 bytes (33 GB, 30 GiB) copied, 971 s, 33,7 MB/s
32747159552 bytes (33 GB, 30 GiB) copied, 972 s, 33,7 MB/s
32787005440 bytes (33 GB, 31 GiB) copied, 973 s, 33,7 MB/s
32826458112 bytes (33 GB, 31 GiB) copied, 974 s, 33,7 MB/s
32866631680 bytes (33 GB, 31 GiB) copied, 975 s, 33,7 MB/s
32906477568 bytes (33 GB, 31 GiB) copied, 976 s, 33,7 MB/s
32944324608 bytes (33 GB, 31 GiB) copied, 977 s, 33,7 MB/s
32982892544 bytes (33 GB, 31 GiB) copied, 978 s, 33,7 MB/s
33022181376 bytes (33 GB, 31 GiB) copied, 979 s, 33,7 MB/s
33062027264 bytes (33 GB, 31 GiB) copied, 980 s, 33,7 MB/s
33102200832 bytes (33 GB, 31 GiB) copied, 981 s, 33,7 MB/s
33142112256 bytes (33 GB, 31 GiB) copied, 982 s, 33,7 MB/s
33181859840 bytes (33 GB, 31 GiB) copied, 983 s, 33,8 MB/s
33222230016 bytes (33 GB, 31 GiB) copied, 984 s, 33,8 MB/s
33262075904 bytes (33 GB, 31 GiB) copied, 985 s, 33,8 MB/s
33302249472 bytes (33 GB, 31 GiB) copied, 986 s, 33,8 MB/s
33342193664 bytes (33 GB, 31 GiB) copied, 987 s, 33,8 MB/s
33382268928 bytes (33 GB, 31 GiB) copied, 988 s, 33,8 MB/s
33422442496 bytes (33 GB, 31 GiB) copied, 989 s, 33,8 MB/s
33462288384 bytes (33 GB, 31 GiB) copied, 990 s, 33,8 MB/s
33502625792 bytes (34 GB, 31 GiB) copied, 991 s, 33,8 MB/s
33542635520 bytes (34 GB, 31 GiB) copied, 992 s, 33,8 MB/s
33582317568 bytes (34 GB, 31 GiB) copied, 993 s, 33,8 MB/s
33622687744 bytes (34 GB, 31 GiB) copied, 994 s, 33,8 MB/s
33661976576 bytes (34 GB, 31 GiB) copied, 995 s, 33,8 MB/s
33701822464 bytes (34 GB, 31 GiB) copied, 996 s, 33,8 MB/s
33739833344 bytes (34 GB, 31 GiB) copied, 997 s, 33,8 MB/s
33779843072 bytes (34 GB, 31 GiB) copied, 998 s, 33,8 MB/s
33820180480 bytes (34 GB, 31 GiB) copied, 999 s, 33,9 MB/s
33859403776 bytes (34 GB, 32 GiB) copied, 1000 s, 33,9 MB/s
33899151360 bytes (34 GB, 32 GiB) copied, 1001 s, 33,9 MB/s
33939161088 bytes (34 GB, 32 GiB) copied, 1002 s, 33,9 MB/s
33978187776 bytes (34 GB, 32 GiB) copied, 1003 s, 33,9 MB/s
34015936512 bytes (34 GB, 32 GiB) copied, 1004 s, 33,9 MB/s
34054504448 bytes (34 GB, 32 GiB) copied, 1005 s, 33,9 MB/s
34094514176 bytes (34 GB, 32 GiB) copied, 1006 s, 33,9 MB/s
34134523904 bytes (34 GB, 32 GiB) copied, 1007 s, 33,9 MB/s
34174795776 bytes (34 GB, 32 GiB) copied, 1008 s, 33,9 MB/s
34214871040 bytes (34 GB, 32 GiB) copied, 1009 s, 33,9 MB/s
34252750848 bytes (34 GB, 32 GiB) copied, 1010 s, 33,9 MB/s
34291679232 bytes (34 GB, 32 GiB) copied, 1011 s, 33,9 MB/s
34331688960 bytes (34 GB, 32 GiB) copied, 1012 s, 33,9 MB/s
34372059136 bytes (34 GB, 32 GiB) copied, 1013 s, 33,9 MB/s
34411839488 bytes (34 GB, 32 GiB) copied, 1014 s, 33,9 MB/s
34452078592 bytes (34 GB, 32 GiB) copied, 1015 s, 33,9 MB/s
34491990016 bytes (34 GB, 32 GiB) copied, 1016 s, 33,9 MB/s
34532098048 bytes (35 GB, 32 GiB) copied, 1017 s, 34,0 MB/s
34572206080 bytes (35 GB, 32 GiB) copied, 1018 s, 34,0 MB/s
34612117504 bytes (35 GB, 32 GiB) copied, 1019 s, 34,0 MB/s
34652291072 bytes (35 GB, 32 GiB) copied, 1020 s, 34,0 MB/s
34692136960 bytes (35 GB, 32 GiB) copied, 1021 s, 34,0 MB/s
34732474368 bytes (35 GB, 32 GiB) copied, 1022 s, 34,0 MB/s
34772516864 bytes (35 GB, 32 GiB) copied, 1023 s, 34,0 MB/s
34812362752 bytes (35 GB, 32 GiB) copied, 1024 s, 34,0 MB/s
34852536320 bytes (35 GB, 32 GiB) copied, 1025 s, 34,0 MB/s
34892382208 bytes (35 GB, 32 GiB) copied, 1026 s, 34,0 MB/s
34931474432 bytes (35 GB, 33 GiB) copied, 1027 s, 34,0 MB/s
34971549696 bytes (35 GB, 33 GiB) copied, 1028 s, 34,0 MB/s
35011493888 bytes (35 GB, 33 GiB) copied, 1029 s, 34,0 MB/s
35051438080 bytes (35 GB, 33 GiB) copied, 1030 s, 34,0 MB/s
35091513344 bytes (35 GB, 33 GiB) copied, 1031 s, 34,0 MB/s
35130441728 bytes (35 GB, 33 GiB) copied, 1032 s, 34,0 MB/s
35169992704 bytes (35 GB, 33 GiB) copied, 1033 s, 34,0 MB/s
35209740288 bytes (35 GB, 33 GiB) copied, 1034 s, 34,1 MB/s
35250110464 bytes (35 GB, 33 GiB) copied, 1035 s, 34,1 MB/s
35289956352 bytes (35 GB, 33 GiB) copied, 1036 s, 34,1 MB/s
35328819200 bytes (35 GB, 33 GiB) copied, 1037 s, 34,1 MB/s
35368632320 bytes (35 GB, 33 GiB) copied, 1038 s, 34,1 MB/s
35408707584 bytes (35 GB, 33 GiB) copied, 1039 s, 34,1 MB/s
35446685696 bytes (35 GB, 33 GiB) copied, 1040 s, 34,1 MB/s
35486924800 bytes (35 GB, 33 GiB) copied, 1041 s, 34,1 MB/s
35526868992 bytes (36 GB, 33 GiB) copied, 1042 s, 34,1 MB/s
35566944256 bytes (36 GB, 33 GiB) copied, 1043 s, 34,1 MB/s
35607052288 bytes (36 GB, 33 GiB) copied, 1044 s, 34,1 MB/s
35646963712 bytes (36 GB, 33 GiB) copied, 1045 s, 34,1 MB/s
35687235584 bytes (36 GB, 33 GiB) copied, 1046 s, 34,1 MB/s
35726983168 bytes (36 GB, 33 GiB) copied, 1047 s, 34,1 MB/s
35766632448 bytes (36 GB, 33 GiB) copied, 1048 s, 34,1 MB/s
35806642176 bytes (36 GB, 33 GiB) copied, 1049 s, 34,1 MB/s
35846029312 bytes (36 GB, 33 GiB) copied, 1050 s, 34,1 MB/s
35885842432 bytes (36 GB, 33 GiB) copied, 1051 s, 34,1 MB/s
35925590016 bytes (36 GB, 33 GiB) copied, 1052 s, 34,1 MB/s
35964485632 bytes (36 GB, 33 GiB) copied, 1053 s, 34,2 MB/s
36004167680 bytes (36 GB, 34 GiB) copied, 1054 s, 34,2 MB/s
36044177408 bytes (36 GB, 34 GiB) copied, 1055 s, 34,2 MB/s
36083269632 bytes (36 GB, 34 GiB) copied, 1056 s, 34,2 MB/s
36123115520 bytes (36 GB, 34 GiB) copied, 1057 s, 34,2 MB/s
36163485696 bytes (36 GB, 34 GiB) copied, 1058 s, 34,2 MB/s
36203266048 bytes (36 GB, 34 GiB) copied, 1059 s, 34,2 MB/s
36243505152 bytes (36 GB, 34 GiB) copied, 1060 s, 34,2 MB/s
36283449344 bytes (36 GB, 34 GiB) copied, 1061 s, 34,2 MB/s
36323524608 bytes (36 GB, 34 GiB) copied, 1062 s, 34,2 MB/s
36363468800 bytes (36 GB, 34 GiB) copied, 1063 s, 34,2 MB/s
36401741824 bytes (36 GB, 34 GiB) copied, 1064 s, 34,2 MB/s
36442112000 bytes (36 GB, 34 GiB) copied, 1065 s, 34,2 MB/s
36481040384 bytes (36 GB, 34 GiB) copied, 1066 s, 34,2 MB/s
36521213952 bytes (37 GB, 34 GiB) copied, 1067 s, 34,2 MB/s
36559257600 bytes (37 GB, 34 GiB) copied, 1068 s, 34,2 MB/s
36598448128 bytes (37 GB, 34 GiB) copied, 1069 s, 34,2 MB/s
36638195712 bytes (37 GB, 34 GiB) copied, 1070 s, 34,2 MB/s
36676042752 bytes (37 GB, 34 GiB) copied, 1071 s, 34,2 MB/s
36716150784 bytes (37 GB, 34 GiB) copied, 1072 s, 34,3 MB/s
36755341312 bytes (37 GB, 34 GiB) copied, 1073 s, 34,3 MB/s
36794630144 bytes (37 GB, 34 GiB) copied, 1074 s, 34,3 MB/s
36834639872 bytes (37 GB, 34 GiB) copied, 1075 s, 34,3 MB/s
36874649600 bytes (37 GB, 34 GiB) copied, 1076 s, 34,3 MB/s
36914659328 bytes (37 GB, 34 GiB) copied, 1077 s, 34,3 MB/s
36954832896 bytes (37 GB, 34 GiB) copied, 1078 s, 34,3 MB/s
36994678784 bytes (37 GB, 34 GiB) copied, 1079 s, 34,3 MB/s
37035016192 bytes (37 GB, 34 GiB) copied, 1080 s, 34,3 MB/s
37074698240 bytes (37 GB, 35 GiB) copied, 1081 s, 34,3 MB/s
37115068416 bytes (37 GB, 35 GiB) copied, 1082 s, 34,3 MB/s
37154914304 bytes (37 GB, 35 GiB) copied, 1083 s, 34,3 MB/s
37195087872 bytes (37 GB, 35 GiB) copied, 1084 s, 34,3 MB/s
37235064832 bytes (37 GB, 35 GiB) copied, 1085 s, 34,3 MB/s
37275107328 bytes (37 GB, 35 GiB) copied, 1086 s, 34,3 MB/s
37315117056 bytes (37 GB, 35 GiB) copied, 1087 s, 34,3 MB/s
37355126784 bytes (37 GB, 35 GiB) copied, 1088 s, 34,3 MB/s
37395267584 bytes (37 GB, 35 GiB) copied, 1089 s, 34,3 MB/s
37435310080 bytes (37 GB, 35 GiB) copied, 1090 s, 34,3 MB/s
37475155968 bytes (37 GB, 35 GiB) copied, 1091 s, 34,3 MB/s
37515493376 bytes (38 GB, 35 GiB) copied, 1092 s, 34,4 MB/s
37555503104 bytes (38 GB, 35 GiB) copied, 1093 s, 34,4 MB/s
37595185152 bytes (38 GB, 35 GiB) copied, 1094 s, 34,4 MB/s
37635555328 bytes (38 GB, 35 GiB) copied, 1095 s, 34,4 MB/s
37675008000 bytes (38 GB, 35 GiB) copied, 1096 s, 34,4 MB/s
37714853888 bytes (38 GB, 35 GiB) copied, 1097 s, 34,4 MB/s
37754339328 bytes (38 GB, 35 GiB) copied, 1098 s, 34,4 MB/s
37794512896 bytes (38 GB, 35 GiB) copied, 1099 s, 34,4 MB/s
37834522624 bytes (38 GB, 35 GiB) copied, 1100 s, 34,4 MB/s
37874171904 bytes (38 GB, 35 GiB) copied, 1101 s, 34,4 MB/s
37914542080 bytes (38 GB, 35 GiB) copied, 1102 s, 34,4 MB/s
37952520192 bytes (38 GB, 35 GiB) copied, 1103 s, 34,4 MB/s
37992136704 bytes (38 GB, 35 GiB) copied, 1104 s, 34,4 MB/s
38032048128 bytes (38 GB, 35 GiB) copied, 1105 s, 34,4 MB/s
38072320000 bytes (38 GB, 35 GiB) copied, 1106 s, 34,4 MB/s
38112034816 bytes (38 GB, 35 GiB) copied, 1107 s, 34,4 MB/s
38152077312 bytes (38 GB, 36 GiB) copied, 1108 s, 34,4 MB/s
38191726592 bytes (38 GB, 36 GiB) copied, 1109 s, 34,4 MB/s
38232096768 bytes (38 GB, 36 GiB) copied, 1110 s, 34,4 MB/s
38272040960 bytes (38 GB, 36 GiB) copied, 1111 s, 34,4 MB/s
38312116224 bytes (38 GB, 36 GiB) copied, 1112 s, 34,5 MB/s
38352027648 bytes (38 GB, 36 GiB) copied, 1113 s, 34,5 MB/s
38391775232 bytes (38 GB, 36 GiB) copied, 1114 s, 34,5 MB/s
38432145408 bytes (38 GB, 36 GiB) copied, 1115 s, 34,5 MB/s
38471958528 bytes (38 GB, 36 GiB) copied, 1116 s, 34,5 MB/s
38511804416 bytes (39 GB, 36 GiB) copied, 1117 s, 34,5 MB/s
38549651456 bytes (39 GB, 36 GiB) copied, 1118 s, 34,5 MB/s
38589759488 bytes (39 GB, 36 GiB) copied, 1119 s, 34,5 MB/s
38629670912 bytes (39 GB, 36 GiB) copied, 1120 s, 34,5 MB/s
38668926976 bytes (39 GB, 36 GiB) copied, 1121 s, 34,5 MB/s
38708609024 bytes (39 GB, 36 GiB) copied, 1122 s, 34,5 MB/s
38747176960 bytes (39 GB, 36 GiB) copied, 1123 s, 34,5 MB/s
38787153920 bytes (39 GB, 36 GiB) copied, 1124 s, 34,5 MB/s
38826835968 bytes (39 GB, 36 GiB) copied, 1125 s, 34,5 MB/s
38866124800 bytes (39 GB, 36 GiB) copied, 1126 s, 34,5 MB/s
38906298368 bytes (39 GB, 36 GiB) copied, 1127 s, 34,5 MB/s
38944440320 bytes (39 GB, 36 GiB) copied, 1128 s, 34,5 MB/s
38983630848 bytes (39 GB, 36 GiB) copied, 1129 s, 34,5 MB/s
39022559232 bytes (39 GB, 36 GiB) copied, 1130 s, 34,5 MB/s
39060963328 bytes (39 GB, 36 GiB) copied, 1131 s, 34,5 MB/s
39101136896 bytes (39 GB, 36 GiB) copied, 1132 s, 34,5 MB/s
39141081088 bytes (39 GB, 36 GiB) copied, 1133 s, 34,5 MB/s
39181156352 bytes (39 GB, 36 GiB) copied, 1134 s, 34,6 MB/s
39221329920 bytes (39 GB, 37 GiB) copied, 1135 s, 34,6 MB/s
39261175808 bytes (39 GB, 37 GiB) copied, 1136 s, 34,6 MB/s
39301545984 bytes (39 GB, 37 GiB) copied, 1137 s, 34,6 MB/s
39341195264 bytes (39 GB, 37 GiB) copied, 1138 s, 34,6 MB/s
39381565440 bytes (39 GB, 37 GiB) copied, 1139 s, 34,6 MB/s
39421411328 bytes (39 GB, 37 GiB) copied, 1140 s, 34,6 MB/s
39461584896 bytes (39 GB, 37 GiB) copied, 1141 s, 34,6 MB/s
39501594624 bytes (40 GB, 37 GiB) copied, 1142 s, 34,6 MB/s
39541702656 bytes (40 GB, 37 GiB) copied, 1143 s, 34,6 MB/s
39581614080 bytes (40 GB, 37 GiB) copied, 1144 s, 34,6 MB/s
39621623808 bytes (40 GB, 37 GiB) copied, 1145 s, 34,6 MB/s
39661961216 bytes (40 GB, 37 GiB) copied, 1146 s, 34,6 MB/s
39700922368 bytes (40 GB, 37 GiB) copied, 1147 s, 34,6 MB/s
39741292544 bytes (40 GB, 37 GiB) copied, 1148 s, 34,6 MB/s
39780941824 bytes (40 GB, 37 GiB) copied, 1149 s, 34,6 MB/s
39821312000 bytes (40 GB, 37 GiB) copied, 1150 s, 34,6 MB/s
39861256192 bytes (40 GB, 37 GiB) copied, 1151 s, 34,6 MB/s
39901331456 bytes (40 GB, 37 GiB) copied, 1152 s, 34,6 MB/s
39941341184 bytes (40 GB, 37 GiB) copied, 1153 s, 34,6 MB/s
39981350912 bytes (40 GB, 37 GiB) copied, 1154 s, 34,6 MB/s
40021196800 bytes (40 GB, 37 GiB) copied, 1155 s, 34,7 MB/s
40061370368 bytes (40 GB, 37 GiB) copied, 1156 s, 34,7 MB/s
40099938304 bytes (40 GB, 37 GiB) copied, 1157 s, 34,7 MB/s
40140210176 bytes (40 GB, 37 GiB) copied, 1158 s, 34,7 MB/s
40179236864 bytes (40 GB, 37 GiB) copied, 1159 s, 34,7 MB/s
40218165248 bytes (40 GB, 37 GiB) copied, 1160 s, 34,7 MB/s
40258338816 bytes (40 GB, 37 GiB) copied, 1161 s, 34,7 MB/s
40298184704 bytes (40 GB, 38 GiB) copied, 1162 s, 34,7 MB/s
40338194432 bytes (40 GB, 38 GiB) copied, 1163 s, 34,7 MB/s
40377974784 bytes (40 GB, 38 GiB) copied, 1164 s, 34,7 MB/s
40417951744 bytes (40 GB, 38 GiB) copied, 1165 s, 34,7 MB/s
40457863168 bytes (40 GB, 38 GiB) copied, 1166 s, 34,7 MB/s
40498135040 bytes (40 GB, 38 GiB) copied, 1167 s, 34,7 MB/s
40537882624 bytes (41 GB, 38 GiB) copied, 1168 s, 34,7 MB/s
40578252800 bytes (41 GB, 38 GiB) copied, 1169 s, 34,7 MB/s
40617902080 bytes (41 GB, 38 GiB) copied, 1170 s, 34,7 MB/s
40658272256 bytes (41 GB, 38 GiB) copied, 1171 s, 34,7 MB/s
40698052608 bytes (41 GB, 38 GiB) copied, 1172 s, 34,7 MB/s
40736849920 bytes (41 GB, 38 GiB) copied, 1173 s, 34,7 MB/s
40776597504 bytes (41 GB, 38 GiB) copied, 1174 s, 34,7 MB/s
40816869376 bytes (41 GB, 38 GiB) copied, 1175 s, 34,7 MB/s
40856813568 bytes (41 GB, 38 GiB) copied, 1176 s, 34,7 MB/s
40896888832 bytes (41 GB, 38 GiB) copied, 1177 s, 34,7 MB/s
40936996864 bytes (41 GB, 38 GiB) copied, 1178 s, 34,8 MB/s
40976908288 bytes (41 GB, 38 GiB) copied, 1179 s, 34,8 MB/s
41015836672 bytes (41 GB, 38 GiB) copied, 1180 s, 34,8 MB/s
41054732288 bytes (41 GB, 38 GiB) copied, 1181 s, 34,8 MB/s
41094414336 bytes (41 GB, 38 GiB) copied, 1182 s, 34,8 MB/s
41134784512 bytes (41 GB, 38 GiB) copied, 1183 s, 34,8 MB/s
41174630400 bytes (41 GB, 38 GiB) copied, 1184 s, 34,8 MB/s
41214803968 bytes (41 GB, 38 GiB) copied, 1185 s, 34,8 MB/s
41253371904 bytes (41 GB, 38 GiB) copied, 1186 s, 34,8 MB/s
41293381632 bytes (41 GB, 38 GiB) copied, 1187 s, 34,8 MB/s
41331785728 bytes (41 GB, 38 GiB) copied, 1188 s, 34,8 MB/s
41371533312 bytes (41 GB, 39 GiB) copied, 1189 s, 34,8 MB/s
41410527232 bytes (41 GB, 39 GiB) copied, 1190 s, 34,8 MB/s
41449455616 bytes (41 GB, 39 GiB) copied, 1191 s, 34,8 MB/s
41489465344 bytes (41 GB, 39 GiB) copied, 1192 s, 34,8 MB/s
41529737216 bytes (42 GB, 39 GiB) copied, 1193 s, 34,8 MB/s
41569484800 bytes (42 GB, 39 GiB) copied, 1194 s, 34,8 MB/s
41609854976 bytes (42 GB, 39 GiB) copied, 1195 s, 34,8 MB/s
41649635328 bytes (42 GB, 39 GiB) copied, 1196 s, 34,8 MB/s
41689284608 bytes (42 GB, 39 GiB) copied, 1197 s, 34,8 MB/s
41729523712 bytes (42 GB, 39 GiB) copied, 1198 s, 34,8 MB/s
41769467904 bytes (42 GB, 39 GiB) copied, 1199 s, 34,8 MB/s
41809543168 bytes (42 GB, 39 GiB) copied, 1200 s, 34,8 MB/s
41848471552 bytes (42 GB, 39 GiB) copied, 1201 s, 34,8 MB/s
41887301632 bytes (42 GB, 39 GiB) copied, 1202 s, 34,8 MB/s
41927409664 bytes (42 GB, 39 GiB) copied, 1203 s, 34,9 MB/s
41967058944 bytes (42 GB, 39 GiB) copied, 1204 s, 34,9 MB/s
42006708224 bytes (42 GB, 39 GiB) copied, 1205 s, 34,9 MB/s
42046816256 bytes (42 GB, 39 GiB) copied, 1206 s, 34,9 MB/s
42086727680 bytes (42 GB, 39 GiB) copied, 1207 s, 34,9 MB/s
42126639104 bytes (42 GB, 39 GiB) copied, 1208 s, 34,9 MB/s
42166124544 bytes (42 GB, 39 GiB) copied, 1209 s, 34,9 MB/s
42204954624 bytes (42 GB, 39 GiB) copied, 1210 s, 34,9 MB/s
42245324800 bytes (42 GB, 39 GiB) copied, 1211 s, 34,9 MB/s
42284613632 bytes (42 GB, 39 GiB) copied, 1212 s, 34,9 MB/s
42324197376 bytes (42 GB, 39 GiB) copied, 1213 s, 34,9 MB/s
42363551744 bytes (42 GB, 39 GiB) copied, 1214 s, 34,9 MB/s
42403201024 bytes (42 GB, 39 GiB) copied, 1215 s, 34,9 MB/s
42443210752 bytes (42 GB, 40 GiB) copied, 1216 s, 34,9 MB/s
42482434048 bytes (42 GB, 40 GiB) copied, 1217 s, 34,9 MB/s
42522509312 bytes (43 GB, 40 GiB) copied, 1218 s, 34,9 MB/s
42562158592 bytes (43 GB, 40 GiB) copied, 1219 s, 34,9 MB/s
42600726528 bytes (43 GB, 40 GiB) copied, 1220 s, 34,9 MB/s
42640506880 bytes (43 GB, 40 GiB) copied, 1221 s, 34,9 MB/s
42680745984 bytes (43 GB, 40 GiB) copied, 1222 s, 34,9 MB/s
42720133120 bytes (43 GB, 40 GiB) copied, 1223 s, 34,9 MB/s
42759847936 bytes (43 GB, 40 GiB) copied, 1224 s, 34,9 MB/s
42798579712 bytes (43 GB, 40 GiB) copied, 1225 s, 34,9 MB/s
42838261760 bytes (43 GB, 40 GiB) copied, 1226 s, 34,9 MB/s
42878402560 bytes (43 GB, 40 GiB) copied, 1227 s, 34,9 MB/s
42918641664 bytes (43 GB, 40 GiB) copied, 1228 s, 34,9 MB/s
42958585856 bytes (43 GB, 40 GiB) copied, 1229 s, 35,0 MB/s
42998661120 bytes (43 GB, 40 GiB) copied, 1230 s, 35,0 MB/s
43038670848 bytes (43 GB, 40 GiB) copied, 1231 s, 35,0 MB/s
43078254592 bytes (43 GB, 40 GiB) copied, 1232 s, 35,0 MB/s
43117969408 bytes (43 GB, 40 GiB) copied, 1233 s, 35,0 MB/s
43158142976 bytes (43 GB, 40 GiB) copied, 1234 s, 35,0 MB/s
43198152704 bytes (43 GB, 40 GiB) copied, 1235 s, 35,0 MB/s
43237638144 bytes (43 GB, 40 GiB) copied, 1236 s, 35,0 MB/s
43277615104 bytes (43 GB, 40 GiB) copied, 1237 s, 35,0 MB/s
43316936704 bytes (43 GB, 40 GiB) copied, 1238 s, 35,0 MB/s
43355439104 bytes (43 GB, 40 GiB) copied, 1239 s, 35,0 MB/s
43395514368 bytes (43 GB, 40 GiB) copied, 1240 s, 35,0 MB/s
43435589632 bytes (43 GB, 40 GiB) copied, 1241 s, 35,0 MB/s
43475173376 bytes (43 GB, 40 GiB) copied, 1242 s, 35,0 MB/s
43514888192 bytes (44 GB, 41 GiB) copied, 1243 s, 35,0 MB/s
43553390592 bytes (44 GB, 41 GiB) copied, 1244 s, 35,0 MB/s
43592679424 bytes (44 GB, 41 GiB) copied, 1245 s, 35,0 MB/s
43632689152 bytes (44 GB, 41 GiB) copied, 1246 s, 35,0 MB/s
43672535040 bytes (44 GB, 41 GiB) copied, 1247 s, 35,0 MB/s
43712708608 bytes (44 GB, 41 GiB) copied, 1248 s, 35,0 MB/s
43751636992 bytes (44 GB, 41 GiB) copied, 1249 s, 35,0 MB/s
43791286272 bytes (44 GB, 41 GiB) copied, 1250 s, 35,0 MB/s
43830935552 bytes (44 GB, 41 GiB) copied, 1251 s, 35,0 MB/s
43870027776 bytes (44 GB, 41 GiB) copied, 1252 s, 35,0 MB/s
43909873664 bytes (44 GB, 41 GiB) copied, 1253 s, 35,0 MB/s
43949359104 bytes (44 GB, 41 GiB) copied, 1254 s, 35,0 MB/s
43988811776 bytes (44 GB, 41 GiB) copied, 1255 s, 35,1 MB/s
44028821504 bytes (44 GB, 41 GiB) copied, 1256 s, 35,1 MB/s
44068405248 bytes (44 GB, 41 GiB) copied, 1257 s, 35,1 MB/s
44108120064 bytes (44 GB, 41 GiB) copied, 1258 s, 35,1 MB/s
44148490240 bytes (44 GB, 41 GiB) copied, 1259 s, 35,1 MB/s
44188336128 bytes (44 GB, 41 GiB) copied, 1260 s, 35,1 MB/s
44228509696 bytes (44 GB, 41 GiB) copied, 1261 s, 35,1 MB/s
44268290048 bytes (44 GB, 41 GiB) copied, 1262 s, 35,1 MB/s
44308103168 bytes (44 GB, 41 GiB) copied, 1263 s, 35,1 MB/s
44348178432 bytes (44 GB, 41 GiB) copied, 1264 s, 35,1 MB/s
44387827712 bytes (44 GB, 41 GiB) copied, 1265 s, 35,1 MB/s
44427476992 bytes (44 GB, 41 GiB) copied, 1266 s, 35,1 MB/s
44467486720 bytes (44 GB, 41 GiB) copied, 1267 s, 35,1 MB/s
44506775552 bytes (45 GB, 41 GiB) copied, 1268 s, 35,1 MB/s
44547145728 bytes (45 GB, 41 GiB) copied, 1269 s, 35,1 MB/s
44586991616 bytes (45 GB, 42 GiB) copied, 1270 s, 35,1 MB/s
44627132416 bytes (45 GB, 42 GiB) copied, 1271 s, 35,1 MB/s
44667142144 bytes (45 GB, 42 GiB) copied, 1272 s, 35,1 MB/s
44704628736 bytes (45 GB, 42 GiB) copied, 1273 s, 35,1 MB/s
44740509696 bytes (45 GB, 42 GiB) copied, 1274 s, 35,1 MB/s
44776554496 bytes (45 GB, 42 GiB) copied, 1275 s, 35,1 MB/s
44812599296 bytes (45 GB, 42 GiB) copied, 1276 s, 35,1 MB/s
44848054272 bytes (45 GB, 42 GiB) copied, 1277 s, 35,1 MB/s
44884164608 bytes (45 GB, 42 GiB) copied, 1278 s, 35,1 MB/s
44920209408 bytes (45 GB, 42 GiB) copied, 1279 s, 35,1 MB/s
44956418048 bytes (45 GB, 42 GiB) copied, 1280 s, 35,1 MB/s
44993544192 bytes (45 GB, 42 GiB) copied, 1281 s, 35,1 MB/s
45033553920 bytes (45 GB, 42 GiB) copied, 1282 s, 35,1 MB/s
45073563648 bytes (45 GB, 42 GiB) copied, 1283 s, 35,1 MB/s
45113409536 bytes (45 GB, 42 GiB) copied, 1284 s, 35,1 MB/s
45153583104 bytes (45 GB, 42 GiB) copied, 1285 s, 35,1 MB/s
45193592832 bytes (45 GB, 42 GiB) copied, 1286 s, 35,1 MB/s
45233602560 bytes (45 GB, 42 GiB) copied, 1287 s, 35,1 MB/s
45273776128 bytes (45 GB, 42 GiB) copied, 1288 s, 35,2 MB/s
45313622016 bytes (45 GB, 42 GiB) copied, 1289 s, 35,2 MB/s
45353566208 bytes (45 GB, 42 GiB) copied, 1290 s, 35,2 MB/s
45393641472 bytes (45 GB, 42 GiB) copied, 1291 s, 35,2 MB/s
45431848960 bytes (45 GB, 42 GiB) copied, 1292 s, 35,2 MB/s
45472186368 bytes (45 GB, 42 GiB) copied, 1293 s, 35,2 MB/s
45511868416 bytes (46 GB, 42 GiB) copied, 1294 s, 35,2 MB/s
45552140288 bytes (46 GB, 42 GiB) copied, 1295 s, 35,2 MB/s
45591887872 bytes (46 GB, 42 GiB) copied, 1296 s, 35,2 MB/s
45630455808 bytes (46 GB, 42 GiB) copied, 1297 s, 35,2 MB/s
45670825984 bytes (46 GB, 43 GiB) copied, 1298 s, 35,2 MB/s
45710606336 bytes (46 GB, 43 GiB) copied, 1299 s, 35,2 MB/s
45750484992 bytes (46 GB, 43 GiB) copied, 1300 s, 35,2 MB/s
45790756864 bytes (46 GB, 43 GiB) copied, 1301 s, 35,2 MB/s
45829914624 bytes (46 GB, 43 GiB) copied, 1302 s, 35,2 MB/s
45869432832 bytes (46 GB, 43 GiB) copied, 1303 s, 35,2 MB/s
45909213184 bytes (46 GB, 43 GiB) copied, 1304 s, 35,2 MB/s
45947650048 bytes (46 GB, 43 GiB) copied, 1305 s, 35,2 MB/s
45987659776 bytes (46 GB, 43 GiB) copied, 1306 s, 35,2 MB/s
46027931648 bytes (46 GB, 43 GiB) copied, 1307 s, 35,2 MB/s
46067941376 bytes (46 GB, 43 GiB) copied, 1308 s, 35,2 MB/s
46106968064 bytes (46 GB, 43 GiB) copied, 1309 s, 35,2 MB/s
46146256896 bytes (46 GB, 43 GiB) copied, 1310 s, 35,2 MB/s
46186201088 bytes (46 GB, 43 GiB) copied, 1311 s, 35,2 MB/s
46225555456 bytes (46 GB, 43 GiB) copied, 1312 s, 35,2 MB/s
46264844288 bytes (46 GB, 43 GiB) copied, 1313 s, 35,2 MB/s
46304854016 bytes (46 GB, 43 GiB) copied, 1314 s, 35,2 MB/s
46344962048 bytes (46 GB, 43 GiB) copied, 1315 s, 35,2 MB/s
46384873472 bytes (46 GB, 43 GiB) copied, 1316 s, 35,2 MB/s
46425210880 bytes (46 GB, 43 GiB) copied, 1317 s, 35,3 MB/s
46464532480 bytes (46 GB, 43 GiB) copied, 1318 s, 35,3 MB/s
46504542208 bytes (47 GB, 43 GiB) copied, 1319 s, 35,3 MB/s
46544486400 bytes (47 GB, 43 GiB) copied, 1320 s, 35,3 MB/s
46584561664 bytes (47 GB, 43 GiB) copied, 1321 s, 35,3 MB/s
46624571392 bytes (47 GB, 43 GiB) copied, 1322 s, 35,3 MB/s
46664220672 bytes (47 GB, 43 GiB) copied, 1323 s, 35,3 MB/s
46703509504 bytes (47 GB, 43 GiB) copied, 1324 s, 35,3 MB/s
46743519232 bytes (47 GB, 44 GiB) copied, 1325 s, 35,3 MB/s
46783463424 bytes (47 GB, 44 GiB) copied, 1326 s, 35,3 MB/s
46823538688 bytes (47 GB, 44 GiB) copied, 1327 s, 35,3 MB/s
46863548416 bytes (47 GB, 44 GiB) copied, 1328 s, 35,3 MB/s
46903820288 bytes (47 GB, 44 GiB) copied, 1329 s, 35,3 MB/s
46943567872 bytes (47 GB, 44 GiB) copied, 1330 s, 35,3 MB/s
46983905280 bytes (47 GB, 44 GiB) copied, 1331 s, 35,3 MB/s
47023226880 bytes (47 GB, 44 GiB) copied, 1332 s, 35,3 MB/s
47063040000 bytes (47 GB, 44 GiB) copied, 1333 s, 35,3 MB/s
47102885888 bytes (47 GB, 44 GiB) copied, 1334 s, 35,3 MB/s
47143157760 bytes (47 GB, 44 GiB) copied, 1335 s, 35,3 MB/s
47183167488 bytes (47 GB, 44 GiB) copied, 1336 s, 35,3 MB/s
47221473280 bytes (47 GB, 44 GiB) copied, 1337 s, 35,3 MB/s
47261483008 bytes (47 GB, 44 GiB) copied, 1338 s, 35,3 MB/s
47300771840 bytes (47 GB, 44 GiB) copied, 1339 s, 35,3 MB/s
47340519424 bytes (47 GB, 44 GiB) copied, 1340 s, 35,3 MB/s
47380430848 bytes (47 GB, 44 GiB) copied, 1341 s, 35,3 MB/s
47420702720 bytes (47 GB, 44 GiB) copied, 1342 s, 35,3 MB/s
47460450304 bytes (47 GB, 44 GiB) copied, 1343 s, 35,3 MB/s
47500722176 bytes (48 GB, 44 GiB) copied, 1344 s, 35,3 MB/s
47540469760 bytes (48 GB, 44 GiB) copied, 1345 s, 35,3 MB/s
47580839936 bytes (48 GB, 44 GiB) copied, 1346 s, 35,3 MB/s
47620685824 bytes (48 GB, 44 GiB) copied, 1347 s, 35,4 MB/s
47660859392 bytes (48 GB, 44 GiB) copied, 1348 s, 35,4 MB/s
47700803584 bytes (48 GB, 44 GiB) copied, 1349 s, 35,4 MB/s
47740878848 bytes (48 GB, 44 GiB) copied, 1350 s, 35,4 MB/s
47780888576 bytes (48 GB, 44 GiB) copied, 1351 s, 35,4 MB/s
47821160448 bytes (48 GB, 45 GiB) copied, 1352 s, 35,4 MB/s
47860908032 bytes (48 GB, 45 GiB) copied, 1353 s, 35,4 MB/s
47901278208 bytes (48 GB, 45 GiB) copied, 1354 s, 35,4 MB/s
47941058560 bytes (48 GB, 45 GiB) copied, 1355 s, 35,4 MB/s
47981297664 bytes (48 GB, 45 GiB) copied, 1356 s, 35,4 MB/s
48021241856 bytes (48 GB, 45 GiB) copied, 1357 s, 35,4 MB/s
48061317120 bytes (48 GB, 45 GiB) copied, 1358 s, 35,4 MB/s
48101425152 bytes (48 GB, 45 GiB) copied, 1359 s, 35,4 MB/s
48141336576 bytes (48 GB, 45 GiB) copied, 1360 s, 35,4 MB/s
48181608448 bytes (48 GB, 45 GiB) copied, 1361 s, 35,4 MB/s
48221356032 bytes (48 GB, 45 GiB) copied, 1362 s, 35,4 MB/s
48261300224 bytes (48 GB, 45 GiB) copied, 1363 s, 35,4 MB/s
48300654592 bytes (48 GB, 45 GiB) copied, 1364 s, 35,4 MB/s
48340664320 bytes (48 GB, 45 GiB) copied, 1365 s, 35,4 MB/s
48380674048 bytes (48 GB, 45 GiB) copied, 1366 s, 35,4 MB/s
48420683776 bytes (48 GB, 45 GiB) copied, 1367 s, 35,4 MB/s
48460333056 bytes (48 GB, 45 GiB) copied, 1368 s, 35,4 MB/s
48499621888 bytes (48 GB, 45 GiB) copied, 1369 s, 35,4 MB/s
48539402240 bytes (49 GB, 45 GiB) copied, 1370 s, 35,4 MB/s
48577839104 bytes (49 GB, 45 GiB) copied, 1371 s, 35,4 MB/s
48617848832 bytes (49 GB, 45 GiB) copied, 1372 s, 35,4 MB/s
48657629184 bytes (49 GB, 45 GiB) copied, 1373 s, 35,4 MB/s
48697868288 bytes (49 GB, 45 GiB) copied, 1374 s, 35,4 MB/s
48737878016 bytes (49 GB, 45 GiB) copied, 1375 s, 35,4 MB/s
48777986048 bytes (49 GB, 45 GiB) copied, 1376 s, 35,4 MB/s
48817995776 bytes (49 GB, 45 GiB) copied, 1377 s, 35,5 MB/s
48857907200 bytes (49 GB, 46 GiB) copied, 1378 s, 35,5 MB/s
48898179072 bytes (49 GB, 46 GiB) copied, 1379 s, 35,5 MB/s
48937926656 bytes (49 GB, 46 GiB) copied, 1380 s, 35,5 MB/s
48978296832 bytes (49 GB, 46 GiB) copied, 1381 s, 35,5 MB/s
49017782272 bytes (49 GB, 46 GiB) copied, 1382 s, 35,5 MB/s
49057955840 bytes (49 GB, 46 GiB) copied, 1383 s, 35,5 MB/s
49097965568 bytes (49 GB, 46 GiB) copied, 1384 s, 35,5 MB/s
49137614848 bytes (49 GB, 46 GiB) copied, 1385 s, 35,5 MB/s
49177952256 bytes (49 GB, 46 GiB) copied, 1386 s, 35,5 MB/s
49217470464 bytes (49 GB, 46 GiB) copied, 1387 s, 35,5 MB/s
49257644032 bytes (49 GB, 46 GiB) copied, 1388 s, 35,5 MB/s
49297195008 bytes (49 GB, 46 GiB) copied, 1389 s, 35,5 MB/s
49336221696 bytes (49 GB, 46 GiB) copied, 1390 s, 35,5 MB/s
49376591872 bytes (49 GB, 46 GiB) copied, 1391 s, 35,5 MB/s
49416241152 bytes (49 GB, 46 GiB) copied, 1392 s, 35,5 MB/s
49456513024 bytes (49 GB, 46 GiB) copied, 1393 s, 35,5 MB/s
49496260608 bytes (49 GB, 46 GiB) copied, 1394 s, 35,5 MB/s
49536630784 bytes (50 GB, 46 GiB) copied, 1395 s, 35,5 MB/s
49576640512 bytes (50 GB, 46 GiB) copied, 1396 s, 35,5 MB/s
49615568896 bytes (50 GB, 46 GiB) copied, 1397 s, 35,5 MB/s
49655218176 bytes (50 GB, 46 GiB) copied, 1398 s, 35,5 MB/s
49694638080 bytes (50 GB, 46 GiB) copied, 1399 s, 35,5 MB/s
49733599232 bytes (50 GB, 46 GiB) copied, 1400 s, 35,5 MB/s
49773445120 bytes (50 GB, 46 GiB) copied, 1401 s, 35,5 MB/s
49813716992 bytes (50 GB, 46 GiB) copied, 1402 s, 35,5 MB/s
49853464576 bytes (50 GB, 46 GiB) copied, 1403 s, 35,5 MB/s
49893605376 bytes (50 GB, 46 GiB) copied, 1404 s, 35,5 MB/s
49933844480 bytes (50 GB, 47 GiB) copied, 1405 s, 35,5 MB/s
49973788672 bytes (50 GB, 47 GiB) copied, 1406 s, 35,5 MB/s
50013863936 bytes (50 GB, 47 GiB) copied, 1407 s, 35,5 MB/s
50053971968 bytes (50 GB, 47 GiB) copied, 1408 s, 35,5 MB/s
50093883392 bytes (50 GB, 47 GiB) copied, 1409 s, 35,6 MB/s
50134056960 bytes (50 GB, 47 GiB) copied, 1410 s, 35,6 MB/s
50173673472 bytes (50 GB, 47 GiB) copied, 1411 s, 35,6 MB/s
50213912576 bytes (50 GB, 47 GiB) copied, 1412 s, 35,6 MB/s
50253922304 bytes (50 GB, 47 GiB) copied, 1413 s, 35,6 MB/s
50293932032 bytes (50 GB, 47 GiB) copied, 1414 s, 35,6 MB/s
50334105600 bytes (50 GB, 47 GiB) copied, 1415 s, 35,6 MB/s
50373951488 bytes (50 GB, 47 GiB) copied, 1416 s, 35,6 MB/s
50414059520 bytes (50 GB, 47 GiB) copied, 1417 s, 35,6 MB/s
50453970944 bytes (50 GB, 47 GiB) copied, 1418 s, 35,6 MB/s
50493751296 bytes (50 GB, 47 GiB) copied, 1419 s, 35,6 MB/s
50533990400 bytes (51 GB, 47 GiB) copied, 1420 s, 35,6 MB/s
50572558336 bytes (51 GB, 47 GiB) copied, 1421 s, 35,6 MB/s
50612633600 bytes (51 GB, 47 GiB) copied, 1422 s, 35,6 MB/s
50651856896 bytes (51 GB, 47 GiB) copied, 1423 s, 35,6 MB/s
50691506176 bytes (51 GB, 47 GiB) copied, 1424 s, 35,6 MB/s
50730893312 bytes (51 GB, 47 GiB) copied, 1425 s, 35,6 MB/s
50769362944 bytes (51 GB, 47 GiB) copied, 1426 s, 35,6 MB/s
50809503744 bytes (51 GB, 47 GiB) copied, 1427 s, 35,6 MB/s
50849742848 bytes (51 GB, 47 GiB) copied, 1428 s, 35,6 MB/s
50889687040 bytes (51 GB, 47 GiB) copied, 1429 s, 35,6 MB/s
50929762304 bytes (51 GB, 47 GiB) copied, 1430 s, 35,6 MB/s
50967969792 bytes (51 GB, 47 GiB) copied, 1431 s, 35,6 MB/s
51008339968 bytes (51 GB, 48 GiB) copied, 1432 s, 35,6 MB/s
51048185856 bytes (51 GB, 48 GiB) copied, 1433 s, 35,6 MB/s
51088359424 bytes (51 GB, 48 GiB) copied, 1434 s, 35,6 MB/s
51128369152 bytes (51 GB, 48 GiB) copied, 1435 s, 35,6 MB/s
51168378880 bytes (51 GB, 48 GiB) copied, 1436 s, 35,6 MB/s
51208552448 bytes (51 GB, 48 GiB) copied, 1437 s, 35,6 MB/s
51248398336 bytes (51 GB, 48 GiB) copied, 1438 s, 35,6 MB/s
51288047616 bytes (51 GB, 48 GiB) copied, 1439 s, 35,6 MB/s
51328221184 bytes (51 GB, 48 GiB) copied, 1440 s, 35,6 MB/s
51368067072 bytes (51 GB, 48 GiB) copied, 1441 s, 35,6 MB/s
51408404480 bytes (51 GB, 48 GiB) copied, 1442 s, 35,7 MB/s
51448086528 bytes (51 GB, 48 GiB) copied, 1443 s, 35,7 MB/s
51488260096 bytes (51 GB, 48 GiB) copied, 1444 s, 35,7 MB/s
51527483392 bytes (52 GB, 48 GiB) copied, 1445 s, 35,7 MB/s
51567394816 bytes (52 GB, 48 GiB) copied, 1446 s, 35,7 MB/s
51606683648 bytes (52 GB, 48 GiB) copied, 1447 s, 35,7 MB/s
51646693376 bytes (52 GB, 48 GiB) copied, 1448 s, 35,7 MB/s
51685916672 bytes (52 GB, 48 GiB) copied, 1449 s, 35,7 MB/s
51725271040 bytes (52 GB, 48 GiB) copied, 1450 s, 35,7 MB/s
51765280768 bytes (52 GB, 48 GiB) copied, 1451 s, 35,7 MB/s
51805224960 bytes (52 GB, 48 GiB) copied, 1452 s, 35,7 MB/s
51844579328 bytes (52 GB, 48 GiB) copied, 1453 s, 35,7 MB/s
51884949504 bytes (52 GB, 48 GiB) copied, 1454 s, 35,7 MB/s
51924238336 bytes (52 GB, 48 GiB) copied, 1455 s, 35,7 MB/s
51964608512 bytes (52 GB, 48 GiB) copied, 1456 s, 35,7 MB/s
52002816000 bytes (52 GB, 48 GiB) copied, 1457 s, 35,7 MB/s
52041744384 bytes (52 GB, 48 GiB) copied, 1458 s, 35,7 MB/s
52081917952 bytes (52 GB, 49 GiB) copied, 1459 s, 35,7 MB/s
52120322048 bytes (52 GB, 49 GiB) copied, 1460 s, 35,7 MB/s
52160266240 bytes (52 GB, 49 GiB) copied, 1461 s, 35,7 MB/s
52200341504 bytes (52 GB, 49 GiB) copied, 1462 s, 35,7 MB/s
52240351232 bytes (52 GB, 49 GiB) copied, 1463 s, 35,7 MB/s
52280524800 bytes (52 GB, 49 GiB) copied, 1464 s, 35,7 MB/s
52320370688 bytes (52 GB, 49 GiB) copied, 1465 s, 35,7 MB/s
52360642560 bytes (52 GB, 49 GiB) copied, 1466 s, 35,7 MB/s
52400390144 bytes (52 GB, 49 GiB) copied, 1467 s, 35,7 MB/s
52440760320 bytes (52 GB, 49 GiB) copied, 1468 s, 35,7 MB/s
52480606208 bytes (52 GB, 49 GiB) copied, 1469 s, 35,7 MB/s
52520779776 bytes (53 GB, 49 GiB) copied, 1470 s, 35,7 MB/s
52560789504 bytes (53 GB, 49 GiB) copied, 1471 s, 35,7 MB/s
52600799232 bytes (53 GB, 49 GiB) copied, 1472 s, 35,7 MB/s
52640972800 bytes (53 GB, 49 GiB) copied, 1473 s, 35,7 MB/s
52680818688 bytes (53 GB, 49 GiB) copied, 1474 s, 35,7 MB/s
52721156096 bytes (53 GB, 49 GiB) copied, 1475 s, 35,7 MB/s
52760838144 bytes (53 GB, 49 GiB) copied, 1476 s, 35,7 MB/s
52801208320 bytes (53 GB, 49 GiB) copied, 1477 s, 35,7 MB/s
52841054208 bytes (53 GB, 49 GiB) copied, 1478 s, 35,8 MB/s
52881227776 bytes (53 GB, 49 GiB) copied, 1479 s, 35,8 MB/s
52921237504 bytes (53 GB, 49 GiB) copied, 1480 s, 35,8 MB/s
52961247232 bytes (53 GB, 49 GiB) copied, 1481 s, 35,8 MB/s
53001093120 bytes (53 GB, 49 GiB) copied, 1482 s, 35,8 MB/s
53040545792 bytes (53 GB, 49 GiB) copied, 1483 s, 35,8 MB/s
53079834624 bytes (53 GB, 49 GiB) copied, 1484 s, 35,8 MB/s
53119844352 bytes (53 GB, 49 GiB) copied, 1485 s, 35,8 MB/s
53159854080 bytes (53 GB, 50 GiB) copied, 1486 s, 35,8 MB/s
53198422016 bytes (53 GB, 50 GiB) copied, 1487 s, 35,8 MB/s
53238431744 bytes (53 GB, 50 GiB) copied, 1488 s, 35,8 MB/s
53276377088 bytes (53 GB, 50 GiB) copied, 1489 s, 35,8 MB/s
53316288512 bytes (53 GB, 50 GiB) copied, 1490 s, 35,8 MB/s
53356560384 bytes (53 GB, 50 GiB) copied, 1491 s, 35,8 MB/s
53395947520 bytes (53 GB, 50 GiB) copied, 1492 s, 35,8 MB/s
53436317696 bytes (53 GB, 50 GiB) copied, 1493 s, 35,8 MB/s
53476163584 bytes (53 GB, 50 GiB) copied, 1494 s, 35,8 MB/s
53515976704 bytes (54 GB, 50 GiB) copied, 1495 s, 35,8 MB/s
53555986432 bytes (54 GB, 50 GiB) copied, 1496 s, 35,8 MB/s
53596094464 bytes (54 GB, 50 GiB) copied, 1497 s, 35,8 MB/s
53636005888 bytes (54 GB, 50 GiB) copied, 1498 s, 35,8 MB/s
53676015616 bytes (54 GB, 50 GiB) copied, 1499 s, 35,8 MB/s
53715959808 bytes (54 GB, 50 GiB) copied, 1500 s, 35,8 MB/s
53756035072 bytes (54 GB, 50 GiB) copied, 1501 s, 35,8 MB/s
53796208640 bytes (54 GB, 50 GiB) copied, 1502 s, 35,8 MB/s
53836054528 bytes (54 GB, 50 GiB) copied, 1503 s, 35,8 MB/s
53875900416 bytes (54 GB, 50 GiB) copied, 1504 s, 35,8 MB/s
53914992640 bytes (54 GB, 50 GiB) copied, 1505 s, 35,8 MB/s
53955002368 bytes (54 GB, 50 GiB) copied, 1506 s, 35,8 MB/s
53995274240 bytes (54 GB, 50 GiB) copied, 1507 s, 35,8 MB/s
54035120128 bytes (54 GB, 50 GiB) copied, 1508 s, 35,8 MB/s
54075031552 bytes (54 GB, 50 GiB) copied, 1509 s, 35,8 MB/s
54113599488 bytes (54 GB, 50 GiB) copied, 1510 s, 35,8 MB/s
54153609216 bytes (54 GB, 50 GiB) copied, 1511 s, 35,8 MB/s
54193618944 bytes (54 GB, 50 GiB) copied, 1512 s, 35,8 MB/s
54232547328 bytes (54 GB, 51 GiB) copied, 1513 s, 35,8 MB/s
54272557056 bytes (54 GB, 51 GiB) copied, 1514 s, 35,8 MB/s
54311845888 bytes (54 GB, 51 GiB) copied, 1515 s, 35,8 MB/s
54350938112 bytes (54 GB, 51 GiB) copied, 1516 s, 35,9 MB/s
54390784000 bytes (54 GB, 51 GiB) copied, 1517 s, 35,9 MB/s
54430564352 bytes (54 GB, 51 GiB) copied, 1518 s, 35,9 MB/s
54470803456 bytes (54 GB, 51 GiB) copied, 1519 s, 35,9 MB/s
54509502464 bytes (55 GB, 51 GiB) copied, 1520 s, 35,9 MB/s
54548234240 bytes (55 GB, 51 GiB) copied, 1521 s, 35,9 MB/s
54588309504 bytes (55 GB, 51 GiB) copied, 1522 s, 35,9 MB/s
54628417536 bytes (55 GB, 51 GiB) copied, 1523 s, 35,9 MB/s
54668328960 bytes (55 GB, 51 GiB) copied, 1524 s, 35,9 MB/s
54708436992 bytes (55 GB, 51 GiB) copied, 1525 s, 35,9 MB/s
54748119040 bytes (55 GB, 51 GiB) copied, 1526 s, 35,9 MB/s
54787997696 bytes (55 GB, 51 GiB) copied, 1527 s, 35,9 MB/s
54828007424 bytes (55 GB, 51 GiB) copied, 1528 s, 35,9 MB/s
54868017152 bytes (55 GB, 51 GiB) copied, 1529 s, 35,9 MB/s
54908190720 bytes (55 GB, 51 GiB) copied, 1530 s, 35,9 MB/s
54947676160 bytes (55 GB, 51 GiB) copied, 1531 s, 35,9 MB/s
54986244096 bytes (55 GB, 51 GiB) copied, 1532 s, 35,9 MB/s
55026089984 bytes (55 GB, 51 GiB) copied, 1533 s, 35,9 MB/s
55065116672 bytes (55 GB, 51 GiB) copied, 1534 s, 35,9 MB/s
55104471040 bytes (55 GB, 51 GiB) copied, 1535 s, 35,9 MB/s
55144841216 bytes (55 GB, 51 GiB) copied, 1536 s, 35,9 MB/s
55184850944 bytes (55 GB, 51 GiB) copied, 1537 s, 35,9 MB/s
55224696832 bytes (55 GB, 51 GiB) copied, 1538 s, 35,9 MB/s
55264870400 bytes (55 GB, 51 GiB) copied, 1539 s, 35,9 MB/s
55304159232 bytes (55 GB, 52 GiB) copied, 1540 s, 35,9 MB/s
55344005120 bytes (55 GB, 52 GiB) copied, 1541 s, 35,9 MB/s
55382376448 bytes (55 GB, 52 GiB) copied, 1542 s, 35,9 MB/s
55422025728 bytes (55 GB, 52 GiB) copied, 1543 s, 35,9 MB/s
55462297600 bytes (55 GB, 52 GiB) copied, 1544 s, 35,9 MB/s
55501160448 bytes (56 GB, 52 GiB) copied, 1545 s, 35,9 MB/s
55541334016 bytes (56 GB, 52 GiB) copied, 1546 s, 35,9 MB/s
55581343744 bytes (56 GB, 52 GiB) copied, 1547 s, 35,9 MB/s
55620993024 bytes (56 GB, 52 GiB) copied, 1548 s, 35,9 MB/s
55659921408 bytes (56 GB, 52 GiB) copied, 1549 s, 35,9 MB/s
55699472384 bytes (56 GB, 52 GiB) copied, 1550 s, 35,9 MB/s
55739219968 bytes (56 GB, 52 GiB) copied, 1551 s, 35,9 MB/s
55779393536 bytes (56 GB, 52 GiB) copied, 1552 s, 35,9 MB/s
55817895936 bytes (56 GB, 52 GiB) copied, 1553 s, 35,9 MB/s
55857807360 bytes (56 GB, 52 GiB) copied, 1554 s, 35,9 MB/s
55897980928 bytes (56 GB, 52 GiB) copied, 1555 s, 35,9 MB/s
55937466368 bytes (56 GB, 52 GiB) copied, 1556 s, 35,9 MB/s
55977541632 bytes (56 GB, 52 GiB) copied, 1557 s, 36,0 MB/s
56016764928 bytes (56 GB, 52 GiB) copied, 1558 s, 36,0 MB/s
56056610816 bytes (56 GB, 52 GiB) copied, 1559 s, 36,0 MB/s
56096784384 bytes (56 GB, 52 GiB) copied, 1560 s, 36,0 MB/s
56135614464 bytes (56 GB, 52 GiB) copied, 1561 s, 36,0 MB/s
56175722496 bytes (56 GB, 52 GiB) copied, 1562 s, 36,0 MB/s
56215732224 bytes (56 GB, 52 GiB) copied, 1563 s, 36,0 MB/s
56255381504 bytes (56 GB, 52 GiB) copied, 1564 s, 36,0 MB/s
56295391232 bytes (56 GB, 52 GiB) copied, 1565 s, 36,0 MB/s
56333893632 bytes (56 GB, 52 GiB) copied, 1566 s, 36,0 MB/s
56373968896 bytes (56 GB, 53 GiB) copied, 1567 s, 36,0 MB/s
56413978624 bytes (56 GB, 53 GiB) copied, 1568 s, 36,0 MB/s
56454184960 bytes (56 GB, 53 GiB) copied, 1569 s, 36,0 MB/s
56493998080 bytes (56 GB, 53 GiB) copied, 1570 s, 36,0 MB/s
56534007808 bytes (57 GB, 53 GiB) copied, 1571 s, 36,0 MB/s
56572215296 bytes (57 GB, 53 GiB) copied, 1572 s, 36,0 MB/s
56611864576 bytes (57 GB, 53 GiB) copied, 1573 s, 36,0 MB/s
56652103680 bytes (57 GB, 53 GiB) copied, 1574 s, 36,0 MB/s
56691294208 bytes (57 GB, 53 GiB) copied, 1575 s, 36,0 MB/s
56731074560 bytes (57 GB, 53 GiB) copied, 1576 s, 36,0 MB/s
56770068480 bytes (57 GB, 53 GiB) copied, 1577 s, 36,0 MB/s
56808112128 bytes (57 GB, 53 GiB) copied, 1578 s, 36,0 MB/s
56846123008 bytes (57 GB, 53 GiB) copied, 1579 s, 36,0 MB/s
56882888704 bytes (57 GB, 53 GiB) copied, 1580 s, 36,0 MB/s
56922013696 bytes (57 GB, 53 GiB) copied, 1581 s, 36,0 MB/s
56961826816 bytes (57 GB, 53 GiB) copied, 1582 s, 36,0 MB/s
57000132608 bytes (57 GB, 53 GiB) copied, 1583 s, 36,0 MB/s
57040142336 bytes (57 GB, 53 GiB) copied, 1584 s, 36,0 MB/s
57080053760 bytes (57 GB, 53 GiB) copied, 1585 s, 36,0 MB/s
57120423936 bytes (57 GB, 53 GiB) copied, 1586 s, 36,0 MB/s
57159712768 bytes (57 GB, 53 GiB) copied, 1587 s, 36,0 MB/s
57195757568 bytes (57 GB, 53 GiB) copied, 1588 s, 36,0 MB/s
57230196736 bytes (57 GB, 53 GiB) copied, 1589 s, 36,0 MB/s
57262080000 bytes (57 GB, 53 GiB) copied, 1590 s, 36,0 MB/s
57290883072 bytes (57 GB, 53 GiB) copied, 1591 s, 36,0 MB/s
57316179968 bytes (57 GB, 53 GiB) copied, 1592 s, 36,0 MB/s
57338462208 bytes (57 GB, 53 GiB) copied, 1593 s, 36,0 MB/s
57358450688 bytes (57 GB, 53 GiB) copied, 1594 s, 36,0 MB/s
57376342016 bytes (57 GB, 53 GiB) copied, 1595 s, 36,0 MB/s
57392791552 bytes (57 GB, 53 GiB) copied, 1596 s, 36,0 MB/s
57407733760 bytes (57 GB, 53 GiB) copied, 1597 s, 35,9 MB/s
57422643200 bytes (57 GB, 53 GiB) copied, 1598 s, 35,9 MB/s
57437683712 bytes (57 GB, 53 GiB) copied, 1599 s, 35,9 MB/s
57452756992 bytes (57 GB, 54 GiB) copied, 1600 s, 35,9 MB/s
57467371520 bytes (57 GB, 54 GiB) copied, 1601 s, 35,9 MB/s
57481658368 bytes (57 GB, 54 GiB) copied, 1602 s, 35,9 MB/s
57496535040 bytes (57 GB, 54 GiB) copied, 1603 s, 35,9 MB/s
57511280640 bytes (58 GB, 54 GiB) copied, 1604 s, 35,9 MB/s
57526616064 bytes (58 GB, 54 GiB) copied, 1605 s, 35,8 MB/s
57542574080 bytes (58 GB, 54 GiB) copied, 1606 s, 35,8 MB/s
57558597632 bytes (58 GB, 54 GiB) copied, 1607 s, 35,8 MB/s
57574719488 bytes (58 GB, 54 GiB) copied, 1608 s, 35,8 MB/s
57590513664 bytes (58 GB, 54 GiB) copied, 1609 s, 35,8 MB/s
57606504448 bytes (58 GB, 54 GiB) copied, 1610 s, 35,8 MB/s
57622659072 bytes (58 GB, 54 GiB) copied, 1611 s, 35,8 MB/s
57638879232 bytes (58 GB, 54 GiB) copied, 1612 s, 35,8 MB/s
57656049664 bytes (58 GB, 54 GiB) copied, 1613 s, 35,7 MB/s
57673187328 bytes (58 GB, 54 GiB) copied, 1614 s, 35,7 MB/s
57690324992 bytes (58 GB, 54 GiB) copied, 1615 s, 35,7 MB/s
57707167744 bytes (58 GB, 54 GiB) copied, 1616 s, 35,7 MB/s
57723879424 bytes (58 GB, 54 GiB) copied, 1617 s, 35,7 MB/s
57740722176 bytes (58 GB, 54 GiB) copied, 1618 s, 35,7 MB/s
57759137792 bytes (58 GB, 54 GiB) copied, 1619 s, 35,7 MB/s
57776668672 bytes (58 GB, 54 GiB) copied, 1620 s, 35,7 MB/s
57793609728 bytes (58 GB, 54 GiB) copied, 1621 s, 35,7 MB/s
57810747392 bytes (58 GB, 54 GiB) copied, 1622 s, 35,6 MB/s
57828278272 bytes (58 GB, 54 GiB) copied, 1623 s, 35,6 MB/s
57846693888 bytes (58 GB, 54 GiB) copied, 1624 s, 35,6 MB/s
57865142272 bytes (58 GB, 54 GiB) copied, 1625 s, 35,6 MB/s
57883295744 bytes (58 GB, 54 GiB) copied, 1626 s, 35,6 MB/s
57901318144 bytes (58 GB, 54 GiB) copied, 1627 s, 35,6 MB/s
57919340544 bytes (58 GB, 54 GiB) copied, 1628 s, 35,6 MB/s
57937362944 bytes (58 GB, 54 GiB) copied, 1629 s, 35,6 MB/s
57955385344 bytes (58 GB, 54 GiB) copied, 1630 s, 35,6 MB/s
57973407744 bytes (58 GB, 54 GiB) copied, 1631 s, 35,5 MB/s
57991430144 bytes (58 GB, 54 GiB) copied, 1632 s, 35,5 MB/s
58009452544 bytes (58 GB, 54 GiB) copied, 1633 s, 35,5 MB/s
58027474944 bytes (58 GB, 54 GiB) copied, 1634 s, 35,5 MB/s
58045497344 bytes (58 GB, 54 GiB) copied, 1635 s, 35,5 MB/s
58063519744 bytes (58 GB, 54 GiB) copied, 1636 s, 35,5 MB/s
58081542144 bytes (58 GB, 54 GiB) copied, 1637 s, 35,5 MB/s
58099564544 bytes (58 GB, 54 GiB) copied, 1638 s, 35,5 MB/s
58117586944 bytes (58 GB, 54 GiB) copied, 1639 s, 35,5 MB/s
58135609344 bytes (58 GB, 54 GiB) copied, 1640 s, 35,4 MB/s
58153631744 bytes (58 GB, 54 GiB) copied, 1641 s, 35,4 MB/s
58171654144 bytes (58 GB, 54 GiB) copied, 1642 s, 35,4 MB/s
58189676544 bytes (58 GB, 54 GiB) copied, 1643 s, 35,4 MB/s
58207698944 bytes (58 GB, 54 GiB) copied, 1644 s, 35,4 MB/s
58225721344 bytes (58 GB, 54 GiB) copied, 1645 s, 35,4 MB/s
58243743744 bytes (58 GB, 54 GiB) copied, 1646 s, 35,4 MB/s
58263044096 bytes (58 GB, 54 GiB) copied, 1647 s, 35,4 MB/s
58282311680 bytes (58 GB, 54 GiB) copied, 1648 s, 35,4 MB/s
58300334080 bytes (58 GB, 54 GiB) copied, 1649 s, 35,4 MB/s
58318356480 bytes (58 GB, 54 GiB) copied, 1650 s, 35,3 MB/s
58336378880 bytes (58 GB, 54 GiB) copied, 1651 s, 35,3 MB/s
58355318784 bytes (58 GB, 54 GiB) copied, 1652 s, 35,3 MB/s
58374684672 bytes (58 GB, 54 GiB) copied, 1653 s, 35,3 MB/s
58392805376 bytes (58 GB, 54 GiB) copied, 1654 s, 35,3 MB/s
58410827776 bytes (58 GB, 54 GiB) copied, 1655 s, 35,3 MB/s
58428850176 bytes (58 GB, 54 GiB) copied, 1656 s, 35,3 MB/s
58446872576 bytes (58 GB, 54 GiB) copied, 1657 s, 35,3 MB/s
58464894976 bytes (58 GB, 54 GiB) copied, 1658 s, 35,3 MB/s
58484359168 bytes (58 GB, 54 GiB) copied, 1659 s, 35,3 MB/s
58503102464 bytes (59 GB, 54 GiB) copied, 1660 s, 35,2 MB/s
58521124864 bytes (59 GB, 55 GiB) copied, 1661 s, 35,2 MB/s
58539147264 bytes (59 GB, 55 GiB) copied, 1662 s, 35,2 MB/s
58557169664 bytes (59 GB, 55 GiB) copied, 1663 s, 35,2 MB/s
58576437248 bytes (59 GB, 55 GiB) copied, 1664 s, 35,2 MB/s
58594459648 bytes (59 GB, 55 GiB) copied, 1665 s, 35,2 MB/s
58612482048 bytes (59 GB, 55 GiB) copied, 1666 s, 35,2 MB/s
58630504448 bytes (59 GB, 55 GiB) copied, 1667 s, 35,2 MB/s
58648526848 bytes (59 GB, 55 GiB) copied, 1668 s, 35,2 MB/s
58666745856 bytes (59 GB, 55 GiB) copied, 1669 s, 35,2 MB/s
58684768256 bytes (59 GB, 55 GiB) copied, 1670 s, 35,1 MB/s
58702790656 bytes (59 GB, 55 GiB) copied, 1671 s, 35,1 MB/s
58720813056 bytes (59 GB, 55 GiB) copied, 1672 s, 35,1 MB/s
58738835456 bytes (59 GB, 55 GiB) copied, 1673 s, 35,1 MB/s
58756857856 bytes (59 GB, 55 GiB) copied, 1674 s, 35,1 MB/s
58776682496 bytes (59 GB, 55 GiB) copied, 1675 s, 35,1 MB/s
58795065344 bytes (59 GB, 55 GiB) copied, 1676 s, 35,1 MB/s
58813612032 bytes (59 GB, 55 GiB) copied, 1677 s, 35,1 MB/s
58831634432 bytes (59 GB, 55 GiB) copied, 1678 s, 35,1 MB/s
58849656832 bytes (59 GB, 55 GiB) copied, 1679 s, 35,1 MB/s
58867679232 bytes (59 GB, 55 GiB) copied, 1680 s, 35,0 MB/s
58887143424 bytes (59 GB, 55 GiB) copied, 1681 s, 35,0 MB/s
58906607616 bytes (59 GB, 55 GiB) copied, 1682 s, 35,0 MB/s
58924630016 bytes (59 GB, 55 GiB) copied, 1683 s, 35,0 MB/s
58942652416 bytes (59 GB, 55 GiB) copied, 1684 s, 35,0 MB/s
58960674816 bytes (59 GB, 55 GiB) copied, 1685 s, 35,0 MB/s
58979778560 bytes (59 GB, 55 GiB) copied, 1686 s, 35,0 MB/s
58999603200 bytes (59 GB, 55 GiB) copied, 1687 s, 35,0 MB/s
59017625600 bytes (59 GB, 55 GiB) copied, 1688 s, 35,0 MB/s
59035648000 bytes (59 GB, 55 GiB) copied, 1689 s, 35,0 MB/s
59053670400 bytes (59 GB, 55 GiB) copied, 1690 s, 34,9 MB/s
59071692800 bytes (59 GB, 55 GiB) copied, 1691 s, 34,9 MB/s
59090272256 bytes (59 GB, 55 GiB) copied, 1692 s, 34,9 MB/s
59110260736 bytes (59 GB, 55 GiB) copied, 1693 s, 34,9 MB/s
59129004032 bytes (59 GB, 55 GiB) copied, 1694 s, 34,9 MB/s
59147026432 bytes (59 GB, 55 GiB) copied, 1695 s, 34,9 MB/s
59165245440 bytes (59 GB, 55 GiB) copied, 1696 s, 34,9 MB/s
59183267840 bytes (59 GB, 55 GiB) copied, 1697 s, 34,9 MB/s
59201290240 bytes (59 GB, 55 GiB) copied, 1698 s, 34,9 MB/s
59219312640 bytes (59 GB, 55 GiB) copied, 1699 s, 34,9 MB/s
59237335040 bytes (59 GB, 55 GiB) copied, 1700 s, 34,8 MB/s
59255357440 bytes (59 GB, 55 GiB) copied, 1701 s, 34,8 MB/s
59273379840 bytes (59 GB, 55 GiB) copied, 1702 s, 34,8 MB/s
59292254208 bytes (59 GB, 55 GiB) copied, 1703 s, 34,8 MB/s
59312308224 bytes (59 GB, 55 GiB) copied, 1704 s, 34,8 MB/s
59332132864 bytes (59 GB, 55 GiB) copied, 1705 s, 34,8 MB/s
59350319104 bytes (59 GB, 55 GiB) copied, 1706 s, 34,8 MB/s
59368341504 bytes (59 GB, 55 GiB) copied, 1707 s, 34,8 MB/s
59386363904 bytes (59 GB, 55 GiB) copied, 1708 s, 34,8 MB/s
59404386304 bytes (59 GB, 55 GiB) copied, 1709 s, 34,8 MB/s
59424407552 bytes (59 GB, 55 GiB) copied, 1710 s, 34,8 MB/s
59444232192 bytes (59 GB, 55 GiB) copied, 1711 s, 34,7 MB/s
59462254592 bytes (59 GB, 55 GiB) copied, 1712 s, 34,7 MB/s
59480276992 bytes (59 GB, 55 GiB) copied, 1713 s, 34,7 MB/s
59498299392 bytes (59 GB, 55 GiB) copied, 1714 s, 34,7 MB/s
59517403136 bytes (60 GB, 55 GiB) copied, 1715 s, 34,7 MB/s
59536146432 bytes (60 GB, 55 GiB) copied, 1716 s, 34,7 MB/s
59554332672 bytes (60 GB, 55 GiB) copied, 1717 s, 34,7 MB/s
59572715520 bytes (60 GB, 55 GiB) copied, 1718 s, 34,7 MB/s
59590737920 bytes (60 GB, 55 GiB) copied, 1719 s, 34,7 MB/s
59608760320 bytes (60 GB, 56 GiB) copied, 1720 s, 34,7 MB/s
59628060672 bytes (60 GB, 56 GiB) copied, 1721 s, 34,6 MB/s
59647524864 bytes (60 GB, 56 GiB) copied, 1722 s, 34,6 MB/s
59666006016 bytes (60 GB, 56 GiB) copied, 1723 s, 34,6 MB/s
59684093952 bytes (60 GB, 56 GiB) copied, 1724 s, 34,6 MB/s
59702312960 bytes (60 GB, 56 GiB) copied, 1725 s, 34,6 MB/s
59720499200 bytes (60 GB, 56 GiB) copied, 1726 s, 34,6 MB/s
59740520448 bytes (60 GB, 56 GiB) copied, 1727 s, 34,6 MB/s
59759788032 bytes (60 GB, 56 GiB) copied, 1728 s, 34,6 MB/s
59777810432 bytes (60 GB, 56 GiB) copied, 1729 s, 34,6 MB/s
59797274624 bytes (60 GB, 56 GiB) copied, 1730 s, 34,6 MB/s
59817295872 bytes (60 GB, 56 GiB) copied, 1731 s, 34,6 MB/s
59836891136 bytes (60 GB, 56 GiB) copied, 1732 s, 34,5 MB/s
59855273984 bytes (60 GB, 56 GiB) copied, 1733 s, 34,5 MB/s
59873329152 bytes (60 GB, 56 GiB) copied, 1734 s, 34,5 MB/s
59891351552 bytes (60 GB, 56 GiB) copied, 1735 s, 34,5 MB/s
59909373952 bytes (60 GB, 56 GiB) copied, 1736 s, 34,5 MB/s
59927396352 bytes (60 GB, 56 GiB) copied, 1737 s, 34,5 MB/s
59945418752 bytes (60 GB, 56 GiB) copied, 1738 s, 34,5 MB/s
59965571072 bytes (60 GB, 56 GiB) copied, 1739 s, 34,5 MB/s
59984904192 bytes (60 GB, 56 GiB) copied, 1740 s, 34,5 MB/s
60003647488 bytes (60 GB, 56 GiB) copied, 1741 s, 34,5 MB/s
60021833728 bytes (60 GB, 56 GiB) copied, 1742 s, 34,5 MB/s
60039856128 bytes (60 GB, 56 GiB) copied, 1743 s, 34,4 MB/s
60058959872 bytes (60 GB, 56 GiB) copied, 1744 s, 34,4 MB/s
60079079424 bytes (60 GB, 56 GiB) copied, 1745 s, 34,4 MB/s
60099166208 bytes (60 GB, 56 GiB) copied, 1746 s, 34,4 MB/s
60117549056 bytes (60 GB, 56 GiB) copied, 1747 s, 34,4 MB/s
60135571456 bytes (60 GB, 56 GiB) copied, 1748 s, 34,4 MB/s
60153757696 bytes (60 GB, 56 GiB) copied, 1749 s, 34,4 MB/s
60172861440 bytes (60 GB, 56 GiB) copied, 1750 s, 34,4 MB/s
60192980992 bytes (60 GB, 56 GiB) copied, 1751 s, 34,4 MB/s
60212346880 bytes (60 GB, 56 GiB) copied, 1752 s, 34,4 MB/s
60230369280 bytes (60 GB, 56 GiB) copied, 1753 s, 34,4 MB/s
60248391680 bytes (60 GB, 56 GiB) copied, 1754 s, 34,3 MB/s
60267855872 bytes (60 GB, 56 GiB) copied, 1755 s, 34,3 MB/s
60287844352 bytes (60 GB, 56 GiB) copied, 1756 s, 34,3 MB/s
60306423808 bytes (60 GB, 56 GiB) copied, 1757 s, 34,3 MB/s
60324446208 bytes (60 GB, 56 GiB) copied, 1758 s, 34,3 MB/s
60342468608 bytes (60 GB, 56 GiB) copied, 1759 s, 34,3 MB/s
60361211904 bytes (60 GB, 56 GiB) copied, 1760 s, 34,3 MB/s
60381331456 bytes (60 GB, 56 GiB) copied, 1761 s, 34,3 MB/s
60400140288 bytes (60 GB, 56 GiB) copied, 1762 s, 34,3 MB/s
60418162688 bytes (60 GB, 56 GiB) copied, 1763 s, 34,3 MB/s
60436185088 bytes (60 GB, 56 GiB) copied, 1764 s, 34,3 MB/s
60454207488 bytes (60 GB, 56 GiB) copied, 1765 s, 34,3 MB/s
60473475072 bytes (60 GB, 56 GiB) copied, 1766 s, 34,2 MB/s
60493496320 bytes (60 GB, 56 GiB) copied, 1767 s, 34,2 MB/s
60513484800 bytes (61 GB, 56 GiB) copied, 1768 s, 34,2 MB/s
60532424704 bytes (61 GB, 56 GiB) copied, 1769 s, 34,2 MB/s
60550447104 bytes (61 GB, 56 GiB) copied, 1770 s, 34,2 MB/s
60568469504 bytes (61 GB, 56 GiB) copied, 1771 s, 34,2 MB/s
60588457984 bytes (61 GB, 56 GiB) copied, 1772 s, 34,2 MB/s
60608479232 bytes (61 GB, 56 GiB) copied, 1773 s, 34,2 MB/s
60627156992 bytes (61 GB, 56 GiB) copied, 1774 s, 34,2 MB/s
60645244928 bytes (61 GB, 56 GiB) copied, 1775 s, 34,2 MB/s
60663267328 bytes (61 GB, 56 GiB) copied, 1776 s, 34,2 MB/s
60682010624 bytes (61 GB, 57 GiB) copied, 1777 s, 34,1 MB/s
60701999104 bytes (61 GB, 57 GiB) copied, 1778 s, 34,1 MB/s
60721102848 bytes (61 GB, 57 GiB) copied, 1779 s, 34,1 MB/s
60739125248 bytes (61 GB, 57 GiB) copied, 1780 s, 34,1 MB/s
60757147648 bytes (61 GB, 57 GiB) copied, 1781 s, 34,1 MB/s
60775170048 bytes (61 GB, 57 GiB) copied, 1782 s, 34,1 MB/s
60794109952 bytes (61 GB, 57 GiB) copied, 1783 s, 34,1 MB/s
60812132352 bytes (61 GB, 57 GiB) copied, 1784 s, 34,1 MB/s
60830154752 bytes (61 GB, 57 GiB) copied, 1785 s, 34,1 MB/s
60848340992 bytes (61 GB, 57 GiB) copied, 1786 s, 34,1 MB/s
60866363392 bytes (61 GB, 57 GiB) copied, 1787 s, 34,1 MB/s
60885663744 bytes (61 GB, 57 GiB) copied, 1788 s, 34,1 MB/s
60903686144 bytes (61 GB, 57 GiB) copied, 1789 s, 34,0 MB/s
60922068992 bytes (61 GB, 57 GiB) copied, 1790 s, 34,0 MB/s
60940255232 bytes (61 GB, 57 GiB) copied, 1791 s, 34,0 MB/s
60958277632 bytes (61 GB, 57 GiB) copied, 1792 s, 34,0 MB/s
60977741824 bytes (61 GB, 57 GiB) copied, 1793 s, 34,0 MB/s
60996321280 bytes (61 GB, 57 GiB) copied, 1794 s, 34,0 MB/s
61016309760 bytes (61 GB, 57 GiB) copied, 1795 s, 34,0 MB/s
61036331008 bytes (61 GB, 57 GiB) copied, 1796 s, 34,0 MB/s
61054713856 bytes (61 GB, 57 GiB) copied, 1797 s, 34,0 MB/s
61072900096 bytes (61 GB, 57 GiB) copied, 1798 s, 34,0 MB/s
61090922496 bytes (61 GB, 57 GiB) copied, 1799 s, 34,0 MB/s
61110943744 bytes (61 GB, 57 GiB) copied, 1800 s, 34,0 MB/s
61130768384 bytes (61 GB, 57 GiB) copied, 1801 s, 33,9 MB/s
61149315072 bytes (61 GB, 57 GiB) copied, 1802 s, 33,9 MB/s
61167534080 bytes (61 GB, 57 GiB) copied, 1803 s, 33,9 MB/s
61185720320 bytes (61 GB, 57 GiB) copied, 1804 s, 33,9 MB/s
61204463616 bytes (61 GB, 57 GiB) copied, 1805 s, 33,9 MB/s
61223763968 bytes (61 GB, 57 GiB) copied, 1806 s, 33,9 MB/s
61242081280 bytes (61 GB, 57 GiB) copied, 1807 s, 33,9 MB/s
61260529664 bytes (61 GB, 57 GiB) copied, 1808 s, 33,9 MB/s
61278715904 bytes (61 GB, 57 GiB) copied, 1809 s, 33,9 MB/s
61296738304 bytes (61 GB, 57 GiB) copied, 1810 s, 33,9 MB/s
61316759552 bytes (61 GB, 57 GiB) copied, 1811 s, 33,9 MB/s
61336748032 bytes (61 GB, 57 GiB) copied, 1812 s, 33,9 MB/s
61356572672 bytes (61 GB, 57 GiB) copied, 1813 s, 33,8 MB/s
61374595072 bytes (61 GB, 57 GiB) copied, 1814 s, 33,8 MB/s
61392617472 bytes (61 GB, 57 GiB) copied, 1815 s, 33,8 MB/s
61410639872 bytes (61 GB, 57 GiB) copied, 1816 s, 33,8 MB/s
61431545856 bytes (61 GB, 57 GiB) copied, 1817 s, 33,8 MB/s
61451567104 bytes (61 GB, 57 GiB) copied, 1818 s, 33,8 MB/s
61471555584 bytes (61 GB, 57 GiB) copied, 1819 s, 33,8 MB/s
61491707904 bytes (61 GB, 57 GiB) copied, 1820 s, 33,8 MB/s
61511729152 bytes (62 GB, 57 GiB) copied, 1821 s, 33,8 MB/s
61531750400 bytes (62 GB, 57 GiB) copied, 1822 s, 33,8 MB/s
61551575040 bytes (62 GB, 57 GiB) copied, 1823 s, 33,8 MB/s
61570973696 bytes (62 GB, 57 GiB) copied, 1824 s, 33,8 MB/s
61591060480 bytes (62 GB, 57 GiB) copied, 1825 s, 33,7 MB/s
61611048960 bytes (62 GB, 57 GiB) copied, 1826 s, 33,7 MB/s
61631070208 bytes (62 GB, 57 GiB) copied, 1827 s, 33,7 MB/s
61650894848 bytes (62 GB, 57 GiB) copied, 1828 s, 33,7 MB/s
61669933056 bytes (62 GB, 57 GiB) copied, 1829 s, 33,7 MB/s
61688381440 bytes (62 GB, 57 GiB) copied, 1830 s, 33,7 MB/s
61706567680 bytes (62 GB, 57 GiB) copied, 1831 s, 33,7 MB/s
61726588928 bytes (62 GB, 57 GiB) copied, 1832 s, 33,7 MB/s
61746577408 bytes (62 GB, 58 GiB) copied, 1833 s, 33,7 MB/s
61766696960 bytes (62 GB, 58 GiB) copied, 1834 s, 33,7 MB/s
61786423296 bytes (62 GB, 58 GiB) copied, 1835 s, 33,7 MB/s
61804445696 bytes (62 GB, 58 GiB) copied, 1836 s, 33,7 MB/s
61823352832 bytes (62 GB, 58 GiB) copied, 1837 s, 33,7 MB/s
61843374080 bytes (62 GB, 58 GiB) copied, 1838 s, 33,6 MB/s
61862641664 bytes (62 GB, 58 GiB) copied, 1839 s, 33,6 MB/s
61883383808 bytes (62 GB, 58 GiB) copied, 1840 s, 33,6 MB/s
61905862656 bytes (62 GB, 58 GiB) copied, 1841 s, 33,6 MB/s
61929324544 bytes (62 GB, 58 GiB) copied, 1842 s, 33,6 MB/s
61952458752 bytes (62 GB, 58 GiB) copied, 1843 s, 33,6 MB/s
61975494656 bytes (62 GB, 58 GiB) copied, 1844 s, 33,6 MB/s
61998989312 bytes (62 GB, 58 GiB) copied, 1845 s, 33,6 MB/s
62021795840 bytes (62 GB, 58 GiB) copied, 1846 s, 33,6 MB/s
62042898432 bytes (62 GB, 58 GiB) copied, 1847 s, 33,6 MB/s
62064001024 bytes (62 GB, 58 GiB) copied, 1848 s, 33,6 MB/s
62084907008 bytes (62 GB, 58 GiB) copied, 1849 s, 33,6 MB/s
62105845760 bytes (62 GB, 58 GiB) copied, 1850 s, 33,6 MB/s
62126751744 bytes (62 GB, 58 GiB) copied, 1851 s, 33,6 MB/s
62147657728 bytes (62 GB, 58 GiB) copied, 1852 s, 33,6 MB/s
62168694784 bytes (62 GB, 58 GiB) copied, 1853 s, 33,6 MB/s
62189305856 bytes (62 GB, 58 GiB) copied, 1854 s, 33,5 MB/s
62208344064 bytes (62 GB, 58 GiB) copied, 1855 s, 33,5 MB/s
62227283968 bytes (62 GB, 58 GiB) copied, 1856 s, 33,5 MB/s
62246125568 bytes (62 GB, 58 GiB) copied, 1857 s, 33,5 MB/s
62266376192 bytes (62 GB, 58 GiB) copied, 1858 s, 33,5 MB/s
62286888960 bytes (62 GB, 58 GiB) copied, 1859 s, 33,5 MB/s
62305730560 bytes (62 GB, 58 GiB) copied, 1860 s, 33,5 MB/s
62324572160 bytes (62 GB, 58 GiB) copied, 1861 s, 33,5 MB/s
62343413760 bytes (62 GB, 58 GiB) copied, 1862 s, 33,5 MB/s
62362255360 bytes (62 GB, 58 GiB) copied, 1863 s, 33,5 MB/s
62381096960 bytes (62 GB, 58 GiB) copied, 1864 s, 33,5 MB/s
62401445888 bytes (62 GB, 58 GiB) copied, 1865 s, 33,5 MB/s
62420287488 bytes (62 GB, 58 GiB) copied, 1866 s, 33,5 MB/s
62439129088 bytes (62 GB, 58 GiB) copied, 1867 s, 33,4 MB/s
62457970688 bytes (62 GB, 58 GiB) copied, 1868 s, 33,4 MB/s
62476812288 bytes (62 GB, 58 GiB) copied, 1869 s, 33,4 MB/s
62495850496 bytes (62 GB, 58 GiB) copied, 1870 s, 33,4 MB/s
62514692096 bytes (63 GB, 58 GiB) copied, 1871 s, 33,4 MB/s
62533533696 bytes (63 GB, 58 GiB) copied, 1872 s, 33,4 MB/s
62552375296 bytes (63 GB, 58 GiB) copied, 1873 s, 33,4 MB/s
62571216896 bytes (63 GB, 58 GiB) copied, 1874 s, 33,4 MB/s
62590615552 bytes (63 GB, 58 GiB) copied, 1875 s, 33,4 MB/s
62609850368 bytes (63 GB, 58 GiB) copied, 1876 s, 33,4 MB/s
62628691968 bytes (63 GB, 58 GiB) copied, 1877 s, 33,4 MB/s
62647533568 bytes (63 GB, 58 GiB) copied, 1878 s, 33,4 MB/s
62667128832 bytes (63 GB, 58 GiB) copied, 1879 s, 33,4 MB/s
62685970432 bytes (63 GB, 58 GiB) copied, 1880 s, 33,3 MB/s
62704812032 bytes (63 GB, 58 GiB) copied, 1881 s, 33,3 MB/s
62723653632 bytes (63 GB, 58 GiB) copied, 1882 s, 33,3 MB/s
62742495232 bytes (63 GB, 58 GiB) copied, 1883 s, 33,3 MB/s
62761336832 bytes (63 GB, 58 GiB) copied, 1884 s, 33,3 MB/s
62780178432 bytes (63 GB, 58 GiB) copied, 1885 s, 33,3 MB/s
62799020032 bytes (63 GB, 58 GiB) copied, 1886 s, 33,3 MB/s
62817861632 bytes (63 GB, 59 GiB) copied, 1887 s, 33,3 MB/s
62836867072 bytes (63 GB, 59 GiB) copied, 1888 s, 33,3 MB/s
62855708672 bytes (63 GB, 59 GiB) copied, 1889 s, 33,3 MB/s
62874550272 bytes (63 GB, 59 GiB) copied, 1890 s, 33,3 MB/s
62893391872 bytes (63 GB, 59 GiB) copied, 1891 s, 33,3 MB/s
62912430080 bytes (63 GB, 59 GiB) copied, 1892 s, 33,3 MB/s
62931468288 bytes (63 GB, 59 GiB) copied, 1893 s, 33,2 MB/s
62950309888 bytes (63 GB, 59 GiB) copied, 1894 s, 33,2 MB/s
62969151488 bytes (63 GB, 59 GiB) copied, 1895 s, 33,2 MB/s
62987993088 bytes (63 GB, 59 GiB) copied, 1896 s, 33,2 MB/s
63006834688 bytes (63 GB, 59 GiB) copied, 1897 s, 33,2 MB/s
63025676288 bytes (63 GB, 59 GiB) copied, 1898 s, 33,2 MB/s
63045795840 bytes (63 GB, 59 GiB) copied, 1899 s, 33,2 MB/s
63064440832 bytes (63 GB, 59 GiB) copied, 1900 s, 33,2 MB/s
63083053056 bytes (63 GB, 59 GiB) copied, 1901 s, 33,2 MB/s
63101468672 bytes (63 GB, 59 GiB) copied, 1902 s, 33,2 MB/s
63119917056 bytes (63 GB, 59 GiB) copied, 1903 s, 33,2 MB/s
63138693120 bytes (63 GB, 59 GiB) copied, 1904 s, 33,2 MB/s
63157141504 bytes (63 GB, 59 GiB) copied, 1905 s, 33,2 MB/s
63175557120 bytes (63 GB, 59 GiB) copied, 1906 s, 33,1 MB/s
63194005504 bytes (63 GB, 59 GiB) copied, 1907 s, 33,1 MB/s
63212421120 bytes (63 GB, 59 GiB) copied, 1908 s, 33,1 MB/s
63231066112 bytes (63 GB, 59 GiB) copied, 1909 s, 33,1 MB/s
63250399232 bytes (63 GB, 59 GiB) copied, 1910 s, 33,1 MB/s
63268847616 bytes (63 GB, 59 GiB) copied, 1911 s, 33,1 MB/s
63287263232 bytes (63 GB, 59 GiB) copied, 1912 s, 33,1 MB/s
63305711616 bytes (63 GB, 59 GiB) copied, 1913 s, 33,1 MB/s
63324127232 bytes (63 GB, 59 GiB) copied, 1914 s, 33,1 MB/s
63343296512 bytes (63 GB, 59 GiB) copied, 1915 s, 33,1 MB/s
63363776512 bytes (63 GB, 59 GiB) copied, 1916 s, 33,1 MB/s
63384027136 bytes (63 GB, 59 GiB) copied, 1917 s, 33,1 MB/s
63403032576 bytes (63 GB, 59 GiB) copied, 1918 s, 33,1 MB/s
63421448192 bytes (63 GB, 59 GiB) copied, 1919 s, 33,0 MB/s
63439896576 bytes (63 GB, 59 GiB) copied, 1920 s, 33,0 MB/s
63460343808 bytes (63 GB, 59 GiB) copied, 1921 s, 33,0 MB/s
63479873536 bytes (63 GB, 59 GiB) copied, 1922 s, 33,0 MB/s
63498452992 bytes (63 GB, 59 GiB) copied, 1923 s, 33,0 MB/s
63516868608 bytes (64 GB, 59 GiB) copied, 1924 s, 33,0 MB/s
63535185920 bytes (64 GB, 59 GiB) copied, 1925 s, 33,0 MB/s
63554715648 bytes (64 GB, 59 GiB) copied, 1926 s, 33,0 MB/s
63574638592 bytes (64 GB, 59 GiB) copied, 1927 s, 33,0 MB/s
63593414656 bytes (64 GB, 59 GiB) copied, 1928 s, 33,0 MB/s
63611863040 bytes (64 GB, 59 GiB) copied, 1929 s, 33,0 MB/s
63630278656 bytes (64 GB, 59 GiB) copied, 1930 s, 33,0 MB/s
63648727040 bytes (64 GB, 59 GiB) copied, 1931 s, 33,0 MB/s
63668813824 bytes (64 GB, 59 GiB) copied, 1932 s, 33,0 MB/s
63687426048 bytes (64 GB, 59 GiB) copied, 1933 s, 32,9 MB/s
63705874432 bytes (64 GB, 59 GiB) copied, 1934 s, 32,9 MB/s
63724290048 bytes (64 GB, 59 GiB) copied, 1935 s, 32,9 MB/s
63742738432 bytes (64 GB, 59 GiB) copied, 1936 s, 32,9 MB/s
63761711104 bytes (64 GB, 59 GiB) copied, 1937 s, 32,9 MB/s
63780126720 bytes (64 GB, 59 GiB) copied, 1938 s, 32,9 MB/s
63798575104 bytes (64 GB, 59 GiB) copied, 1939 s, 32,9 MB/s
63816990720 bytes (64 GB, 59 GiB) copied, 1940 s, 32,9 MB/s
63835439104 bytes (64 GB, 59 GiB) copied, 1941 s, 32,9 MB/s
63853854720 bytes (64 GB, 59 GiB) copied, 1942 s, 32,9 MB/s
63873974272 bytes (64 GB, 59 GiB) copied, 1943 s, 32,9 MB/s
63894421504 bytes (64 GB, 60 GiB) copied, 1944 s, 32,9 MB/s
63913230336 bytes (64 GB, 60 GiB) copied, 1945 s, 32,9 MB/s
63931645952 bytes (64 GB, 60 GiB) copied, 1946 s, 32,9 MB/s
63950061568 bytes (64 GB, 60 GiB) copied, 1947 s, 32,8 MB/s
63970344960 bytes (64 GB, 60 GiB) copied, 1948 s, 32,8 MB/s
63989088256 bytes (64 GB, 60 GiB) copied, 1949 s, 32,8 MB/s
64007503872 bytes (64 GB, 60 GiB) copied, 1950 s, 32,8 MB/s
64025952256 bytes (64 GB, 60 GiB) copied, 1951 s, 32,8 MB/s
64044269568 bytes (64 GB, 60 GiB) copied, 1952 s, 32,8 MB/s
64063635456 bytes (64 GB, 60 GiB) copied, 1953 s, 32,8 MB/s
64083722240 bytes (64 GB, 60 GiB) copied, 1954 s, 32,8 MB/s
64102334464 bytes (64 GB, 60 GiB) copied, 1955 s, 32,8 MB/s
64120750080 bytes (64 GB, 60 GiB) copied, 1956 s, 32,8 MB/s
64139198464 bytes (64 GB, 60 GiB) copied, 1957 s, 32,8 MB/s
64157614080 bytes (64 GB, 60 GiB) copied, 1958 s, 32,8 MB/s
64177176576 bytes (64 GB, 60 GiB) copied, 1959 s, 32,8 MB/s
64195690496 bytes (64 GB, 60 GiB) copied, 1960 s, 32,8 MB/s
64214138880 bytes (64 GB, 60 GiB) copied, 1961 s, 32,7 MB/s
64232456192 bytes (64 GB, 60 GiB) copied, 1962 s, 32,7 MB/s
64251002880 bytes (64 GB, 60 GiB) copied, 1963 s, 32,7 MB/s
64271089664 bytes (64 GB, 60 GiB) copied, 1964 s, 32,7 MB/s
64291438592 bytes (64 GB, 60 GiB) copied, 1965 s, 32,7 MB/s
64310444032 bytes (64 GB, 60 GiB) copied, 1966 s, 32,7 MB/s
64329056256 bytes (64 GB, 60 GiB) copied, 1967 s, 32,7 MB/s
64347471872 bytes (64 GB, 60 GiB) copied, 1968 s, 32,7 MB/s
64365920256 bytes (64 GB, 60 GiB) copied, 1969 s, 32,7 MB/s
64384532480 bytes (64 GB, 60 GiB) copied, 1970 s, 32,7 MB/s
64402948096 bytes (64 GB, 60 GiB) copied, 1971 s, 32,7 MB/s
64421396480 bytes (64 GB, 60 GiB) copied, 1972 s, 32,7 MB/s
64439812096 bytes (64 GB, 60 GiB) copied, 1973 s, 32,7 MB/s
64460292096 bytes (64 GB, 60 GiB) copied, 1974 s, 32,7 MB/s
64480608256 bytes (64 GB, 60 GiB) copied, 1975 s, 32,6 MB/s
64499187712 bytes (64 GB, 60 GiB) copied, 1976 s, 32,6 MB/s
64518356992 bytes (65 GB, 60 GiB) copied, 1977 s, 32,6 MB/s
64537526272 bytes (65 GB, 60 GiB) copied, 1978 s, 32,6 MB/s
64556138496 bytes (65 GB, 60 GiB) copied, 1979 s, 32,6 MB/s
64574554112 bytes (65 GB, 60 GiB) copied, 1980 s, 32,6 MB/s
64593166336 bytes (65 GB, 60 GiB) copied, 1981 s, 32,6 MB/s
64611614720 bytes (65 GB, 60 GiB) copied, 1982 s, 32,6 MB/s
64632061952 bytes (65 GB, 60 GiB) copied, 1983 s, 32,6 MB/s
64652541952 bytes (65 GB, 60 GiB) copied, 1984 s, 32,6 MB/s
64671514624 bytes (65 GB, 60 GiB) copied, 1985 s, 32,6 MB/s
64689930240 bytes (65 GB, 60 GiB) copied, 1986 s, 32,6 MB/s
64708378624 bytes (65 GB, 60 GiB) copied, 1987 s, 32,6 MB/s
64727908352 bytes (65 GB, 60 GiB) copied, 1988 s, 32,6 MB/s
64746356736 bytes (65 GB, 60 GiB) copied, 1989 s, 32,6 MB/s
64764968960 bytes (65 GB, 60 GiB) copied, 1990 s, 32,5 MB/s
64783384576 bytes (65 GB, 60 GiB) copied, 1991 s, 32,5 MB/s
64801832960 bytes (65 GB, 60 GiB) copied, 1992 s, 32,5 MB/s
64820248576 bytes (65 GB, 60 GiB) copied, 1993 s, 32,5 MB/s
64840728576 bytes (65 GB, 60 GiB) copied, 1994 s, 32,5 MB/s
64861175808 bytes (65 GB, 60 GiB) copied, 1995 s, 32,5 MB/s
64881229824 bytes (65 GB, 60 GiB) copied, 1996 s, 32,5 MB/s
64899612672 bytes (65 GB, 60 GiB) copied, 1997 s, 32,5 MB/s
64918061056 bytes (65 GB, 60 GiB) copied, 1998 s, 32,5 MB/s
64937132032 bytes (65 GB, 60 GiB) copied, 1999 s, 32,5 MB/s
64955744256 bytes (65 GB, 60 GiB) copied, 2000 s, 32,5 MB/s
64974159872 bytes (65 GB, 61 GiB) copied, 2001 s, 32,5 MB/s
64992968704 bytes (65 GB, 61 GiB) copied, 2002 s, 32,5 MB/s
65011384320 bytes (65 GB, 61 GiB) copied, 2003 s, 32,5 MB/s
65030389760 bytes (65 GB, 61 GiB) copied, 2004 s, 32,5 MB/s
65050836992 bytes (65 GB, 61 GiB) copied, 2005 s, 32,4 MB/s
65070923776 bytes (65 GB, 61 GiB) copied, 2006 s, 32,4 MB/s
65089372160 bytes (65 GB, 61 GiB) copied, 2007 s, 32,4 MB/s
65107918848 bytes (65 GB, 61 GiB) copied, 2008 s, 32,4 MB/s
65126236160 bytes (65 GB, 61 GiB) copied, 2009 s, 32,4 MB/s
65145569280 bytes (65 GB, 61 GiB) copied, 2010 s, 32,4 MB/s
65166049280 bytes (65 GB, 61 GiB) copied, 2011 s, 32,4 MB/s
65184858112 bytes (65 GB, 61 GiB) copied, 2012 s, 32,4 MB/s
65203830784 bytes (65 GB, 61 GiB) copied, 2013 s, 32,4 MB/s
65222443008 bytes (65 GB, 61 GiB) copied, 2014 s, 32,4 MB/s
65241251840 bytes (65 GB, 61 GiB) copied, 2015 s, 32,4 MB/s
65261207552 bytes (65 GB, 61 GiB) copied, 2016 s, 32,4 MB/s
65281425408 bytes (65 GB, 61 GiB) copied, 2017 s, 32,4 MB/s
65300398080 bytes (65 GB, 61 GiB) copied, 2018 s, 32,4 MB/s
65318846464 bytes (65 GB, 61 GiB) copied, 2019 s, 32,4 MB/s
65337262080 bytes (65 GB, 61 GiB) copied, 2020 s, 32,3 MB/s
65356267520 bytes (65 GB, 61 GiB) copied, 2021 s, 32,3 MB/s
65376157696 bytes (65 GB, 61 GiB) copied, 2022 s, 32,3 MB/s
65394606080 bytes (65 GB, 61 GiB) copied, 2023 s, 32,3 MB/s
65413218304 bytes (65 GB, 61 GiB) copied, 2024 s, 32,3 MB/s
65431633920 bytes (65 GB, 61 GiB) copied, 2025 s, 32,3 MB/s
65450442752 bytes (65 GB, 61 GiB) copied, 2026 s, 32,3 MB/s
65470365696 bytes (65 GB, 61 GiB) copied, 2027 s, 32,3 MB/s
65488781312 bytes (65 GB, 61 GiB) copied, 2028 s, 32,3 MB/s
65507229696 bytes (66 GB, 61 GiB) copied, 2029 s, 32,3 MB/s
65525645312 bytes (66 GB, 61 GiB) copied, 2030 s, 32,3 MB/s
65545928704 bytes (66 GB, 61 GiB) copied, 2031 s, 32,3 MB/s
65566015488 bytes (66 GB, 61 GiB) copied, 2032 s, 32,3 MB/s
65585184768 bytes (66 GB, 61 GiB) copied, 2033 s, 32,3 MB/s
65603633152 bytes (66 GB, 61 GiB) copied, 2034 s, 32,3 MB/s
65622802432 bytes (66 GB, 61 GiB) copied, 2035 s, 32,2 MB/s
65641578496 bytes (66 GB, 61 GiB) copied, 2036 s, 32,2 MB/s
65660026880 bytes (66 GB, 61 GiB) copied, 2037 s, 32,2 MB/s
65679917056 bytes (66 GB, 61 GiB) copied, 2038 s, 32,2 MB/s
65700397056 bytes (66 GB, 61 GiB) copied, 2039 s, 32,2 MB/s
65720287232 bytes (66 GB, 61 GiB) copied, 2040 s, 32,2 MB/s
65738899456 bytes (66 GB, 61 GiB) copied, 2041 s, 32,2 MB/s
65757347840 bytes (66 GB, 61 GiB) copied, 2042 s, 32,2 MB/s
65775960064 bytes (66 GB, 61 GiB) copied, 2043 s, 32,2 MB/s
65796407296 bytes (66 GB, 61 GiB) copied, 2044 s, 32,2 MB/s
65815576576 bytes (66 GB, 61 GiB) copied, 2045 s, 32,2 MB/s
65834188800 bytes (66 GB, 61 GiB) copied, 2046 s, 32,2 MB/s
65852637184 bytes (66 GB, 61 GiB) copied, 2047 s, 32,2 MB/s
65871052800 bytes (66 GB, 61 GiB) copied, 2048 s, 32,2 MB/s
65890222080 bytes (66 GB, 61 GiB) copied, 2049 s, 32,2 MB/s
65910505472 bytes (66 GB, 61 GiB) copied, 2050 s, 32,2 MB/s
65928953856 bytes (66 GB, 61 GiB) copied, 2051 s, 32,1 MB/s
65947369472 bytes (66 GB, 61 GiB) copied, 2052 s, 32,1 MB/s
65965817856 bytes (66 GB, 61 GiB) copied, 2053 s, 32,1 MB/s
65984233472 bytes (66 GB, 61 GiB) copied, 2054 s, 32,1 MB/s
66004713472 bytes (66 GB, 61 GiB) copied, 2055 s, 32,1 MB/s
66025160704 bytes (66 GB, 61 GiB) copied, 2056 s, 32,1 MB/s
66043772928 bytes (66 GB, 62 GiB) copied, 2057 s, 32,1 MB/s
66062221312 bytes (66 GB, 62 GiB) copied, 2058 s, 32,1 MB/s
66080636928 bytes (66 GB, 62 GiB) copied, 2059 s, 32,1 MB/s
66100658176 bytes (66 GB, 62 GiB) copied, 2060 s, 32,1 MB/s
66119532544 bytes (66 GB, 62 GiB) copied, 2061 s, 32,1 MB/s
66137948160 bytes (66 GB, 62 GiB) copied, 2062 s, 32,1 MB/s
66156396544 bytes (66 GB, 62 GiB) copied, 2063 s, 32,1 MB/s
66174976000 bytes (66 GB, 62 GiB) copied, 2064 s, 32,1 MB/s
66193981440 bytes (66 GB, 62 GiB) copied, 2065 s, 32,1 MB/s
66214461440 bytes (66 GB, 62 GiB) copied, 2066 s, 32,0 MB/s
66234187776 bytes (66 GB, 62 GiB) copied, 2067 s, 32,0 MB/s
66253160448 bytes (66 GB, 62 GiB) copied, 2068 s, 32,0 MB/s
66271772672 bytes (66 GB, 62 GiB) copied, 2069 s, 32,0 MB/s
66290221056 bytes (66 GB, 62 GiB) copied, 2070 s, 32,0 MB/s
66310045696 bytes (66 GB, 62 GiB) copied, 2071 s, 32,0 MB/s
66330591232 bytes (66 GB, 62 GiB) copied, 2072 s, 32,0 MB/s
66349203456 bytes (66 GB, 62 GiB) copied, 2073 s, 32,0 MB/s
66367619072 bytes (66 GB, 62 GiB) copied, 2074 s, 32,0 MB/s
66386067456 bytes (66 GB, 62 GiB) copied, 2075 s, 32,0 MB/s
66404483072 bytes (66 GB, 62 GiB) copied, 2076 s, 32,0 MB/s
66424963072 bytes (66 GB, 62 GiB) copied, 2077 s, 32,0 MB/s
66444492800 bytes (66 GB, 62 GiB) copied, 2078 s, 32,0 MB/s
66463105024 bytes (66 GB, 62 GiB) copied, 2079 s, 32,0 MB/s
66481520640 bytes (66 GB, 62 GiB) copied, 2080 s, 32,0 MB/s
66499969024 bytes (66 GB, 62 GiB) copied, 2081 s, 32,0 MB/s
66519859200 bytes (67 GB, 62 GiB) copied, 2082 s, 31,9 MB/s
66539585536 bytes (67 GB, 62 GiB) copied, 2083 s, 31,9 MB/s
66558197760 bytes (67 GB, 62 GiB) copied, 2084 s, 31,9 MB/s
66576646144 bytes (67 GB, 62 GiB) copied, 2085 s, 31,9 MB/s
66595061760 bytes (67 GB, 62 GiB) copied, 2086 s, 31,9 MB/s
66614427648 bytes (67 GB, 62 GiB) copied, 2087 s, 31,9 MB/s
66632876032 bytes (67 GB, 62 GiB) copied, 2088 s, 31,9 MB/s
66651291648 bytes (67 GB, 62 GiB) copied, 2089 s, 31,9 MB/s
66669740032 bytes (67 GB, 62 GiB) copied, 2090 s, 31,9 MB/s
66688352256 bytes (67 GB, 62 GiB) copied, 2091 s, 31,9 MB/s
66708799488 bytes (67 GB, 62 GiB) copied, 2092 s, 31,9 MB/s
66728165376 bytes (67 GB, 62 GiB) copied, 2093 s, 31,9 MB/s
66746580992 bytes (67 GB, 62 GiB) copied, 2094 s, 31,9 MB/s
66765029376 bytes (67 GB, 62 GiB) copied, 2095 s, 31,9 MB/s
66783444992 bytes (67 GB, 62 GiB) copied, 2096 s, 31,9 MB/s
66802057216 bytes (67 GB, 62 GiB) copied, 2097 s, 31,9 MB/s
66822537216 bytes (67 GB, 62 GiB) copied, 2098 s, 31,9 MB/s
66842984448 bytes (67 GB, 62 GiB) copied, 2099 s, 31,8 MB/s
66861793280 bytes (67 GB, 62 GiB) copied, 2100 s, 31,8 MB/s
66880405504 bytes (67 GB, 62 GiB) copied, 2101 s, 31,8 MB/s
66898821120 bytes (67 GB, 62 GiB) copied, 2102 s, 31,8 MB/s
66917826560 bytes (67 GB, 62 GiB) copied, 2103 s, 31,8 MB/s
66938404864 bytes (67 GB, 62 GiB) copied, 2104 s, 31,8 MB/s
66958557184 bytes (67 GB, 62 GiB) copied, 2105 s, 31,8 MB/s
66977300480 bytes (67 GB, 62 GiB) copied, 2106 s, 31,8 MB/s
66995748864 bytes (67 GB, 62 GiB) copied, 2107 s, 31,8 MB/s
67014393856 bytes (67 GB, 62 GiB) copied, 2108 s, 31,8 MB/s
67033759744 bytes (67 GB, 62 GiB) copied, 2109 s, 31,8 MB/s
67054206976 bytes (67 GB, 62 GiB) copied, 2110 s, 31,8 MB/s
67073933312 bytes (67 GB, 62 GiB) copied, 2111 s, 31,8 MB/s
67092381696 bytes (67 GB, 62 GiB) copied, 2112 s, 31,8 MB/s
67110797312 bytes (67 GB, 63 GiB) copied, 2113 s, 31,8 MB/s
67129606144 bytes (67 GB, 63 GiB) copied, 2114 s, 31,8 MB/s
67148578816 bytes (67 GB, 63 GiB) copied, 2115 s, 31,7 MB/s
67167027200 bytes (67 GB, 63 GiB) copied, 2116 s, 31,7 MB/s
67185442816 bytes (67 GB, 63 GiB) copied, 2117 s, 31,7 MB/s
67203891200 bytes (67 GB, 63 GiB) copied, 2118 s, 31,7 MB/s
67224174592 bytes (67 GB, 63 GiB) copied, 2119 s, 31,7 MB/s
67243147264 bytes (67 GB, 63 GiB) copied, 2120 s, 31,7 MB/s
67261562880 bytes (67 GB, 63 GiB) copied, 2121 s, 31,7 MB/s
67280568320 bytes (67 GB, 63 GiB) copied, 2122 s, 31,7 MB/s
67299147776 bytes (67 GB, 63 GiB) copied, 2123 s, 31,7 MB/s
67317596160 bytes (67 GB, 63 GiB) copied, 2124 s, 31,7 MB/s
67336962048 bytes (67 GB, 63 GiB) copied, 2125 s, 31,7 MB/s
67357409280 bytes (67 GB, 63 GiB) copied, 2126 s, 31,7 MB/s
67377528832 bytes (67 GB, 63 GiB) copied, 2127 s, 31,7 MB/s
67396698112 bytes (67 GB, 63 GiB) copied, 2128 s, 31,7 MB/s
67415474176 bytes (67 GB, 63 GiB) copied, 2129 s, 31,7 MB/s
67433922560 bytes (67 GB, 63 GiB) copied, 2130 s, 31,7 MB/s
67453812736 bytes (67 GB, 63 GiB) copied, 2131 s, 31,7 MB/s
67473539072 bytes (67 GB, 63 GiB) copied, 2132 s, 31,6 MB/s
67492151296 bytes (67 GB, 63 GiB) copied, 2133 s, 31,6 MB/s
67510599680 bytes (68 GB, 63 GiB) copied, 2134 s, 31,6 MB/s
67529015296 bytes (68 GB, 63 GiB) copied, 2135 s, 31,6 MB/s
67547824128 bytes (68 GB, 63 GiB) copied, 2136 s, 31,6 MB/s
67567910912 bytes (68 GB, 63 GiB) copied, 2137 s, 31,6 MB/s
67586359296 bytes (68 GB, 63 GiB) copied, 2138 s, 31,6 MB/s
67604774912 bytes (68 GB, 63 GiB) copied, 2139 s, 31,6 MB/s
67623223296 bytes (68 GB, 63 GiB) copied, 2140 s, 31,6 MB/s
67641638912 bytes (68 GB, 63 GiB) copied, 2141 s, 31,6 MB/s
67662053376 bytes (68 GB, 63 GiB) copied, 2142 s, 31,6 MB/s
67681648640 bytes (68 GB, 63 GiB) copied, 2143 s, 31,6 MB/s
67700064256 bytes (68 GB, 63 GiB) copied, 2144 s, 31,6 MB/s
67718512640 bytes (68 GB, 63 GiB) copied, 2145 s, 31,6 MB/s
67736928256 bytes (68 GB, 63 GiB) copied, 2146 s, 31,6 MB/s
67756851200 bytes (68 GB, 63 GiB) copied, 2147 s, 31,6 MB/s
67775823872 bytes (68 GB, 63 GiB) copied, 2148 s, 31,6 MB/s
67794272256 bytes (68 GB, 63 GiB) copied, 2149 s, 31,5 MB/s
67812687872 bytes (68 GB, 63 GiB) copied, 2150 s, 31,5 MB/s
67831136256 bytes (68 GB, 63 GiB) copied, 2151 s, 31,5 MB/s
67850305536 bytes (68 GB, 63 GiB) copied, 2152 s, 31,5 MB/s
67870195712 bytes (68 GB, 63 GiB) copied, 2153 s, 31,5 MB/s
67888644096 bytes (68 GB, 63 GiB) copied, 2154 s, 31,5 MB/s
67907059712 bytes (68 GB, 63 GiB) copied, 2155 s, 31,5 MB/s
67925508096 bytes (68 GB, 63 GiB) copied, 2156 s, 31,5 MB/s
67943923712 bytes (68 GB, 63 GiB) copied, 2157 s, 31,5 MB/s
67963289600 bytes (68 GB, 63 GiB) copied, 2158 s, 31,5 MB/s
67983179776 bytes (68 GB, 63 GiB) copied, 2159 s, 31,5 MB/s
68001792000 bytes (68 GB, 63 GiB) copied, 2160 s, 31,5 MB/s
68020240384 bytes (68 GB, 63 GiB) copied, 2161 s, 31,5 MB/s
68038656000 bytes (68 GB, 63 GiB) copied, 2162 s, 31,5 MB/s
68057104384 bytes (68 GB, 63 GiB) copied, 2163 s, 31,5 MB/s
68077551616 bytes (68 GB, 63 GiB) copied, 2164 s, 31,5 MB/s
68098031616 bytes (68 GB, 63 GiB) copied, 2165 s, 31,5 MB/s
68117004288 bytes (68 GB, 63 GiB) copied, 2166 s, 31,4 MB/s
68135518208 bytes (68 GB, 63 GiB) copied, 2167 s, 31,4 MB/s
68153966592 bytes (68 GB, 63 GiB) copied, 2168 s, 31,4 MB/s
68172480512 bytes (68 GB, 63 GiB) copied, 2169 s, 31,4 MB/s
68192960512 bytes (68 GB, 64 GiB) copied, 2170 s, 31,4 MB/s
68212293632 bytes (68 GB, 64 GiB) copied, 2171 s, 31,4 MB/s
68230742016 bytes (68 GB, 64 GiB) copied, 2172 s, 31,4 MB/s
68249157632 bytes (68 GB, 64 GiB) copied, 2173 s, 31,4 MB/s
68268130304 bytes (68 GB, 64 GiB) copied, 2174 s, 31,4 MB/s
68288610304 bytes (68 GB, 64 GiB) copied, 2175 s, 31,4 MB/s
68308860928 bytes (68 GB, 64 GiB) copied, 2176 s, 31,4 MB/s
68327505920 bytes (68 GB, 64 GiB) copied, 2177 s, 31,4 MB/s
68345921536 bytes (68 GB, 64 GiB) copied, 2178 s, 31,4 MB/s
68365090816 bytes (68 GB, 64 GiB) copied, 2179 s, 31,4 MB/s
68383539200 bytes (68 GB, 64 GiB) copied, 2180 s, 31,4 MB/s
68402151424 bytes (68 GB, 64 GiB) copied, 2181 s, 31,4 MB/s
68420567040 bytes (68 GB, 64 GiB) copied, 2182 s, 31,4 MB/s
68439015424 bytes (68 GB, 64 GiB) copied, 2183 s, 31,4 MB/s
68457431040 bytes (68 GB, 64 GiB) copied, 2184 s, 31,3 MB/s
68477911040 bytes (68 GB, 64 GiB) copied, 2185 s, 31,3 MB/s
68498358272 bytes (68 GB, 64 GiB) copied, 2186 s, 31,3 MB/s
68517888000 bytes (69 GB, 64 GiB) copied, 2187 s, 31,3 MB/s
68536336384 bytes (69 GB, 64 GiB) copied, 2188 s, 31,3 MB/s
68554752000 bytes (69 GB, 64 GiB) copied, 2189 s, 31,3 MB/s
68573364224 bytes (69 GB, 64 GiB) copied, 2190 s, 31,3 MB/s
68593844224 bytes (69 GB, 64 GiB) copied, 2191 s, 31,3 MB/s
68613570560 bytes (69 GB, 64 GiB) copied, 2192 s, 31,3 MB/s
68631986176 bytes (69 GB, 64 GiB) copied, 2193 s, 31,3 MB/s
68650434560 bytes (69 GB, 64 GiB) copied, 2194 s, 31,3 MB/s
68668850176 bytes (69 GB, 64 GiB) copied, 2195 s, 31,3 MB/s
68687659008 bytes (69 GB, 64 GiB) copied, 2196 s, 31,3 MB/s
68707024896 bytes (69 GB, 64 GiB) copied, 2197 s, 31,3 MB/s
68725440512 bytes (69 GB, 64 GiB) copied, 2198 s, 31,3 MB/s
68743888896 bytes (69 GB, 64 GiB) copied, 2199 s, 31,3 MB/s
68762501120 bytes (69 GB, 64 GiB) copied, 2200 s, 31,3 MB/s
68782030848 bytes (69 GB, 64 GiB) copied, 2201 s, 31,3 MB/s
68802478080 bytes (69 GB, 64 GiB) copied, 2202 s, 31,2 MB/s
68822401024 bytes (69 GB, 64 GiB) copied, 2203 s, 31,2 MB/s
68840816640 bytes (69 GB, 64 GiB) copied, 2204 s, 31,2 MB/s
68859265024 bytes (69 GB, 64 GiB) copied, 2205 s, 31,2 MB/s
68877680640 bytes (69 GB, 64 GiB) copied, 2206 s, 31,2 MB/s
68897964032 bytes (69 GB, 64 GiB) copied, 2207 s, 31,2 MB/s
68916936704 bytes (69 GB, 64 GiB) copied, 2208 s, 31,2 MB/s
68935385088 bytes (69 GB, 64 GiB) copied, 2209 s, 31,2 MB/s
68953800704 bytes (69 GB, 64 GiB) copied, 2210 s, 31,2 MB/s
68972249088 bytes (69 GB, 64 GiB) copied, 2211 s, 31,2 MB/s
68992696320 bytes (69 GB, 64 GiB) copied, 2212 s, 31,2 MB/s
69012979712 bytes (69 GB, 64 GiB) copied, 2213 s, 31,2 MB/s
69031788544 bytes (69 GB, 64 GiB) copied, 2214 s, 31,2 MB/s
69050204160 bytes (69 GB, 64 GiB) copied, 2215 s, 31,2 MB/s
69068652544 bytes (69 GB, 64 GiB) copied, 2216 s, 31,2 MB/s
69087068160 bytes (69 GB, 64 GiB) copied, 2217 s, 31,2 MB/s
69106630656 bytes (69 GB, 64 GiB) copied, 2218 s, 31,2 MB/s
69126160384 bytes (69 GB, 64 GiB) copied, 2219 s, 31,2 MB/s
69144576000 bytes (69 GB, 64 GiB) copied, 2220 s, 31,1 MB/s
69163024384 bytes (69 GB, 64 GiB) copied, 2221 s, 31,1 MB/s
69181440000 bytes (69 GB, 64 GiB) copied, 2222 s, 31,1 MB/s
69199888384 bytes (69 GB, 64 GiB) copied, 2223 s, 31,1 MB/s
69220171776 bytes (69 GB, 64 GiB) copied, 2224 s, 31,1 MB/s
69240619008 bytes (69 GB, 64 GiB) copied, 2225 s, 31,1 MB/s
69259427840 bytes (69 GB, 65 GiB) copied, 2226 s, 31,1 MB/s
69277843456 bytes (69 GB, 65 GiB) copied, 2227 s, 31,1 MB/s
69296291840 bytes (69 GB, 65 GiB) copied, 2228 s, 31,1 MB/s
69315821568 bytes (69 GB, 65 GiB) copied, 2229 s, 31,1 MB/s
69335711744 bytes (69 GB, 65 GiB) copied, 2230 s, 31,1 MB/s
69354160128 bytes (69 GB, 65 GiB) copied, 2231 s, 31,1 MB/s
69372575744 bytes (69 GB, 65 GiB) copied, 2232 s, 31,1 MB/s
69391024128 bytes (69 GB, 65 GiB) copied, 2233 s, 31,1 MB/s
69410914304 bytes (69 GB, 65 GiB) copied, 2234 s, 31,1 MB/s
69430575104 bytes (69 GB, 65 GiB) copied, 2235 s, 31,1 MB/s
69448892416 bytes (69 GB, 65 GiB) copied, 2236 s, 31,1 MB/s
69467439104 bytes (69 GB, 65 GiB) copied, 2237 s, 31,1 MB/s
69485756416 bytes (69 GB, 65 GiB) copied, 2238 s, 31,0 MB/s
69504761856 bytes (70 GB, 65 GiB) copied, 2239 s, 31,0 MB/s
69523177472 bytes (70 GB, 65 GiB) copied, 2240 s, 31,0 MB/s
69541625856 bytes (70 GB, 65 GiB) copied, 2241 s, 31,0 MB/s
69560041472 bytes (70 GB, 65 GiB) copied, 2242 s, 31,0 MB/s
69578489856 bytes (70 GB, 65 GiB) copied, 2243 s, 31,0 MB/s
69596905472 bytes (70 GB, 65 GiB) copied, 2244 s, 31,0 MB/s
69617352704 bytes (70 GB, 65 GiB) copied, 2245 s, 31,0 MB/s
69637832704 bytes (70 GB, 65 GiB) copied, 2246 s, 31,0 MB/s
69658279936 bytes (70 GB, 65 GiB) copied, 2247 s, 31,0 MB/s
69676892160 bytes (70 GB, 65 GiB) copied, 2248 s, 31,0 MB/s
69695340544 bytes (70 GB, 65 GiB) copied, 2249 s, 31,0 MB/s
69713756160 bytes (70 GB, 65 GiB) copied, 2250 s, 31,0 MB/s
69733482496 bytes (70 GB, 65 GiB) copied, 2251 s, 31,0 MB/s
69752651776 bytes (70 GB, 65 GiB) copied, 2252 s, 31,0 MB/s
69771100160 bytes (70 GB, 65 GiB) copied, 2253 s, 31,0 MB/s
69789515776 bytes (70 GB, 65 GiB) copied, 2254 s, 31,0 MB/s
69807964160 bytes (70 GB, 65 GiB) copied, 2255 s, 31,0 MB/s
69826576384 bytes (70 GB, 65 GiB) copied, 2256 s, 31,0 MB/s
69844992000 bytes (70 GB, 65 GiB) copied, 2257 s, 30,9 MB/s
69863440384 bytes (70 GB, 65 GiB) copied, 2258 s, 30,9 MB/s
69881856000 bytes (70 GB, 65 GiB) copied, 2259 s, 30,9 MB/s
69900304384 bytes (70 GB, 65 GiB) copied, 2260 s, 30,9 MB/s
69918720000 bytes (70 GB, 65 GiB) copied, 2261 s, 30,9 MB/s
69937889280 bytes (70 GB, 65 GiB) copied, 2262 s, 30,9 MB/s
69956337664 bytes (70 GB, 65 GiB) copied, 2263 s, 30,9 MB/s
69974753280 bytes (70 GB, 65 GiB) copied, 2264 s, 30,9 MB/s
69993201664 bytes (70 GB, 65 GiB) copied, 2265 s, 30,9 MB/s
70011617280 bytes (70 GB, 65 GiB) copied, 2266 s, 30,9 MB/s
70030065664 bytes (70 GB, 65 GiB) copied, 2267 s, 30,9 MB/s
70048874496 bytes (70 GB, 65 GiB) copied, 2268 s, 30,9 MB/s
70067290112 bytes (70 GB, 65 GiB) copied, 2269 s, 30,9 MB/s
70085738496 bytes (70 GB, 65 GiB) copied, 2270 s, 30,9 MB/s
70104154112 bytes (70 GB, 65 GiB) copied, 2271 s, 30,9 MB/s
70122602496 bytes (70 GB, 65 GiB) copied, 2272 s, 30,9 MB/s
70143049728 bytes (70 GB, 65 GiB) copied, 2273 s, 30,9 MB/s
70162415616 bytes (70 GB, 65 GiB) copied, 2274 s, 30,9 MB/s
70180831232 bytes (70 GB, 65 GiB) copied, 2275 s, 30,8 MB/s
70199443456 bytes (70 GB, 65 GiB) copied, 2276 s, 30,8 MB/s
70217891840 bytes (70 GB, 65 GiB) copied, 2277 s, 30,8 MB/s
70236504064 bytes (70 GB, 65 GiB) copied, 2278 s, 30,8 MB/s
70255837184 bytes (70 GB, 65 GiB) copied, 2279 s, 30,8 MB/s
70274220032 bytes (70 GB, 65 GiB) copied, 2280 s, 30,8 MB/s
70292701184 bytes (70 GB, 65 GiB) copied, 2281 s, 30,8 MB/s
70311149568 bytes (70 GB, 65 GiB) copied, 2282 s, 30,8 MB/s
70329565184 bytes (70 GB, 65 GiB) copied, 2283 s, 30,8 MB/s
70349684736 bytes (70 GB, 66 GiB) copied, 2284 s, 30,8 MB/s
70370131968 bytes (70 GB, 66 GiB) copied, 2285 s, 30,8 MB/s
70390415360 bytes (70 GB, 66 GiB) copied, 2286 s, 30,8 MB/s
70408830976 bytes (70 GB, 66 GiB) copied, 2287 s, 30,8 MB/s
70427279360 bytes (70 GB, 66 GiB) copied, 2288 s, 30,8 MB/s
70445891584 bytes (70 GB, 66 GiB) copied, 2289 s, 30,8 MB/s
70466338816 bytes (70 GB, 66 GiB) copied, 2290 s, 30,8 MB/s
70485147648 bytes (70 GB, 66 GiB) copied, 2291 s, 30,8 MB/s
70503563264 bytes (71 GB, 66 GiB) copied, 2292 s, 30,8 MB/s
70522011648 bytes (71 GB, 66 GiB) copied, 2293 s, 30,8 MB/s
70540427264 bytes (71 GB, 66 GiB) copied, 2294 s, 30,7 MB/s
70560153600 bytes (71 GB, 66 GiB) copied, 2295 s, 30,7 MB/s
70578962432 bytes (71 GB, 66 GiB) copied, 2296 s, 30,7 MB/s
70597574656 bytes (71 GB, 66 GiB) copied, 2297 s, 30,7 MB/s
70615990272 bytes (71 GB, 66 GiB) copied, 2298 s, 30,7 MB/s
70634405888 bytes (71 GB, 66 GiB) copied, 2299 s, 30,7 MB/s
70652887040 bytes (71 GB, 66 GiB) copied, 2300 s, 30,7 MB/s
70671302656 bytes (71 GB, 66 GiB) copied, 2301 s, 30,7 MB/s
70689718272 bytes (71 GB, 66 GiB) copied, 2302 s, 30,7 MB/s
70708166656 bytes (71 GB, 66 GiB) copied, 2303 s, 30,7 MB/s
70726615040 bytes (71 GB, 66 GiB) copied, 2304 s, 30,7 MB/s
70745030656 bytes (71 GB, 66 GiB) copied, 2305 s, 30,7 MB/s
70765314048 bytes (71 GB, 66 GiB) copied, 2306 s, 30,7 MB/s
70784778240 bytes (71 GB, 66 GiB) copied, 2307 s, 30,7 MB/s
70803161088 bytes (71 GB, 66 GiB) copied, 2308 s, 30,7 MB/s
70821642240 bytes (71 GB, 66 GiB) copied, 2309 s, 30,7 MB/s
70840090624 bytes (71 GB, 66 GiB) copied, 2310 s, 30,7 MB/s
70860242944 bytes (71 GB, 66 GiB) copied, 2311 s, 30,7 MB/s
70879772672 bytes (71 GB, 66 GiB) copied, 2312 s, 30,7 MB/s
70898221056 bytes (71 GB, 66 GiB) copied, 2313 s, 30,7 MB/s
70916636672 bytes (71 GB, 66 GiB) copied, 2314 s, 30,6 MB/s
70935085056 bytes (71 GB, 66 GiB) copied, 2315 s, 30,6 MB/s
70953500672 bytes (71 GB, 66 GiB) copied, 2316 s, 30,6 MB/s
70972112896 bytes (71 GB, 66 GiB) copied, 2317 s, 30,6 MB/s
70990561280 bytes (71 GB, 66 GiB) copied, 2318 s, 30,6 MB/s
71008976896 bytes (71 GB, 66 GiB) copied, 2319 s, 30,6 MB/s
71027425280 bytes (71 GB, 66 GiB) copied, 2320 s, 30,6 MB/s
71045840896 bytes (71 GB, 66 GiB) copied, 2321 s, 30,6 MB/s
71064289280 bytes (71 GB, 66 GiB) copied, 2322 s, 30,6 MB/s
71084015616 bytes (71 GB, 66 GiB) copied, 2323 s, 30,6 MB/s
71102431232 bytes (71 GB, 66 GiB) copied, 2324 s, 30,6 MB/s
71120879616 bytes (71 GB, 66 GiB) copied, 2325 s, 30,6 MB/s
71139295232 bytes (71 GB, 66 GiB) copied, 2326 s, 30,6 MB/s
71157907456 bytes (71 GB, 66 GiB) copied, 2327 s, 30,6 MB/s
71177764864 bytes (71 GB, 66 GiB) copied, 2328 s, 30,6 MB/s
71196180480 bytes (71 GB, 66 GiB) copied, 2329 s, 30,6 MB/s
71214497792 bytes (71 GB, 66 GiB) copied, 2330 s, 30,6 MB/s
71233044480 bytes (71 GB, 66 GiB) copied, 2331 s, 30,6 MB/s
71251492864 bytes (71 GB, 66 GiB) copied, 2332 s, 30,6 MB/s
71269810176 bytes (71 GB, 66 GiB) copied, 2333 s, 30,5 MB/s
71288225792 bytes (71 GB, 66 GiB) copied, 2334 s, 30,5 MB/s
71308312576 bytes (71 GB, 66 GiB) copied, 2335 s, 30,5 MB/s
71327121408 bytes (71 GB, 66 GiB) copied, 2336 s, 30,5 MB/s
71345537024 bytes (71 GB, 66 GiB) copied, 2337 s, 30,5 MB/s
71363985408 bytes (71 GB, 66 GiB) copied, 2338 s, 30,5 MB/s
71382401024 bytes (71 GB, 66 GiB) copied, 2339 s, 30,5 MB/s
71400849408 bytes (71 GB, 66 GiB) copied, 2340 s, 30,5 MB/s
71420739584 bytes (71 GB, 67 GiB) copied, 2341 s, 30,5 MB/s
71439187968 bytes (71 GB, 67 GiB) copied, 2342 s, 30,5 MB/s
71457603584 bytes (71 GB, 67 GiB) copied, 2343 s, 30,5 MB/s
71476051968 bytes (71 GB, 67 GiB) copied, 2344 s, 30,5 MB/s
71494467584 bytes (71 GB, 67 GiB) copied, 2345 s, 30,5 MB/s
71513833472 bytes (72 GB, 67 GiB) copied, 2346 s, 30,5 MB/s
71534116864 bytes (72 GB, 67 GiB) copied, 2347 s, 30,5 MB/s
71552925696 bytes (72 GB, 67 GiB) copied, 2348 s, 30,5 MB/s
71571341312 bytes (72 GB, 67 GiB) copied, 2349 s, 30,5 MB/s
71589789696 bytes (72 GB, 67 GiB) copied, 2350 s, 30,5 MB/s
71608401920 bytes (72 GB, 67 GiB) copied, 2351 s, 30,5 MB/s
71628128256 bytes (72 GB, 67 GiB) copied, 2352 s, 30,5 MB/s
71646543872 bytes (72 GB, 67 GiB) copied, 2353 s, 30,4 MB/s
71664992256 bytes (72 GB, 67 GiB) copied, 2354 s, 30,4 MB/s
71683407872 bytes (72 GB, 67 GiB) copied, 2355 s, 30,4 MB/s
71701856256 bytes (72 GB, 67 GiB) copied, 2356 s, 30,4 MB/s
71720468480 bytes (72 GB, 67 GiB) copied, 2357 s, 30,4 MB/s
71738884096 bytes (72 GB, 67 GiB) copied, 2358 s, 30,4 MB/s
71757398016 bytes (72 GB, 67 GiB) copied, 2359 s, 30,4 MB/s
71775748096 bytes (72 GB, 67 GiB) copied, 2360 s, 30,4 MB/s
71794196480 bytes (72 GB, 67 GiB) copied, 2361 s, 30,4 MB/s
71812612096 bytes (72 GB, 67 GiB) copied, 2362 s, 30,4 MB/s
71831224320 bytes (72 GB, 67 GiB) copied, 2363 s, 30,4 MB/s
71851704320 bytes (72 GB, 67 GiB) copied, 2364 s, 30,4 MB/s
71871954944 bytes (72 GB, 67 GiB) copied, 2365 s, 30,4 MB/s
71890599936 bytes (72 GB, 67 GiB) copied, 2366 s, 30,4 MB/s
71909015552 bytes (72 GB, 67 GiB) copied, 2367 s, 30,4 MB/s
71927463936 bytes (72 GB, 67 GiB) copied, 2368 s, 30,4 MB/s
71947911168 bytes (72 GB, 67 GiB) copied, 2369 s, 30,4 MB/s
71967801344 bytes (72 GB, 67 GiB) copied, 2370 s, 30,4 MB/s
71986249728 bytes (72 GB, 67 GiB) copied, 2371 s, 30,4 MB/s
72004796416 bytes (72 GB, 67 GiB) copied, 2372 s, 30,4 MB/s
72023212032 bytes (72 GB, 67 GiB) copied, 2373 s, 30,4 MB/s
72043560960 bytes (72 GB, 67 GiB) copied, 2374 s, 30,3 MB/s
72062369792 bytes (72 GB, 67 GiB) copied, 2375 s, 30,3 MB/s
72080818176 bytes (72 GB, 67 GiB) copied, 2376 s, 30,3 MB/s
72099233792 bytes (72 GB, 67 GiB) copied, 2377 s, 30,3 MB/s
72117682176 bytes (72 GB, 67 GiB) copied, 2378 s, 30,3 MB/s
72137015296 bytes (72 GB, 67 GiB) copied, 2379 s, 30,3 MB/s
72157495296 bytes (72 GB, 67 GiB) copied, 2380 s, 30,3 MB/s
72176107520 bytes (72 GB, 67 GiB) copied, 2381 s, 30,3 MB/s
72194719744 bytes (72 GB, 67 GiB) copied, 2382 s, 30,3 MB/s
72213135360 bytes (72 GB, 67 GiB) copied, 2383 s, 30,3 MB/s
72231747584 bytes (72 GB, 67 GiB) copied, 2384 s, 30,3 MB/s
72250753024 bytes (72 GB, 67 GiB) copied, 2385 s, 30,3 MB/s
72271036416 bytes (72 GB, 67 GiB) copied, 2386 s, 30,3 MB/s
72289452032 bytes (72 GB, 67 GiB) copied, 2387 s, 30,3 MB/s
72307900416 bytes (72 GB, 67 GiB) copied, 2388 s, 30,3 MB/s
72327430144 bytes (72 GB, 67 GiB) copied, 2389 s, 30,3 MB/s
72346042368 bytes (72 GB, 67 GiB) copied, 2390 s, 30,3 MB/s
72364457984 bytes (72 GB, 67 GiB) copied, 2391 s, 30,3 MB/s
72382906368 bytes (72 GB, 67 GiB) copied, 2392 s, 30,3 MB/s
72401321984 bytes (72 GB, 67 GiB) copied, 2393 s, 30,3 MB/s
72419770368 bytes (72 GB, 67 GiB) copied, 2394 s, 30,3 MB/s
72438185984 bytes (72 GB, 67 GiB) copied, 2395 s, 30,2 MB/s
72456634368 bytes (72 GB, 67 GiB) copied, 2396 s, 30,2 MB/s
72477179904 bytes (72 GB, 67 GiB) copied, 2397 s, 30,2 MB/s
72497725440 bytes (72 GB, 68 GiB) copied, 2398 s, 30,2 MB/s
72516534272 bytes (73 GB, 68 GiB) copied, 2399 s, 30,2 MB/s
72534982656 bytes (73 GB, 68 GiB) copied, 2400 s, 30,2 MB/s
72553398272 bytes (73 GB, 68 GiB) copied, 2401 s, 30,2 MB/s
72573845504 bytes (73 GB, 68 GiB) copied, 2402 s, 30,2 MB/s
72593408000 bytes (73 GB, 68 GiB) copied, 2403 s, 30,2 MB/s
72612380672 bytes (73 GB, 68 GiB) copied, 2404 s, 30,2 MB/s
72630829056 bytes (73 GB, 68 GiB) copied, 2405 s, 30,2 MB/s
72649244672 bytes (73 GB, 68 GiB) copied, 2406 s, 30,2 MB/s
72667693056 bytes (73 GB, 68 GiB) copied, 2407 s, 30,2 MB/s
72686108672 bytes (73 GB, 68 GiB) copied, 2408 s, 30,2 MB/s
72705638400 bytes (73 GB, 68 GiB) copied, 2409 s, 30,2 MB/s
72725364736 bytes (73 GB, 68 GiB) copied, 2410 s, 30,2 MB/s
72743976960 bytes (73 GB, 68 GiB) copied, 2411 s, 30,2 MB/s
72762425344 bytes (73 GB, 68 GiB) copied, 2412 s, 30,2 MB/s
72780840960 bytes (73 GB, 68 GiB) copied, 2413 s, 30,2 MB/s
72799420416 bytes (73 GB, 68 GiB) copied, 2414 s, 30,2 MB/s
72819933184 bytes (73 GB, 68 GiB) copied, 2415 s, 30,2 MB/s
72840380416 bytes (73 GB, 68 GiB) copied, 2416 s, 30,1 MB/s
72859549696 bytes (73 GB, 68 GiB) copied, 2417 s, 30,1 MB/s
72877998080 bytes (73 GB, 68 GiB) copied, 2418 s, 30,1 MB/s
72896413696 bytes (73 GB, 68 GiB) copied, 2419 s, 30,1 MB/s
72915025920 bytes (73 GB, 68 GiB) copied, 2420 s, 30,1 MB/s
72933474304 bytes (73 GB, 68 GiB) copied, 2421 s, 30,1 MB/s
72951889920 bytes (73 GB, 68 GiB) copied, 2422 s, 30,1 MB/s
72970698752 bytes (73 GB, 68 GiB) copied, 2423 s, 30,1 MB/s
72989147136 bytes (73 GB, 68 GiB) copied, 2424 s, 30,1 MB/s
73007562752 bytes (73 GB, 68 GiB) copied, 2425 s, 30,1 MB/s
73027485696 bytes (73 GB, 68 GiB) copied, 2426 s, 30,1 MB/s
73047932928 bytes (73 GB, 68 GiB) copied, 2427 s, 30,1 MB/s
73067986944 bytes (73 GB, 68 GiB) copied, 2428 s, 30,1 MB/s
73086468096 bytes (73 GB, 68 GiB) copied, 2429 s, 30,1 MB/s
73104883712 bytes (73 GB, 68 GiB) copied, 2430 s, 30,1 MB/s
73123856384 bytes (73 GB, 68 GiB) copied, 2431 s, 30,1 MB/s
73142665216 bytes (73 GB, 68 GiB) copied, 2432 s, 30,1 MB/s
73161113600 bytes (73 GB, 68 GiB) copied, 2433 s, 30,1 MB/s
73179529216 bytes (73 GB, 68 GiB) copied, 2434 s, 30,1 MB/s
73197977600 bytes (73 GB, 68 GiB) copied, 2435 s, 30,1 MB/s
73216393216 bytes (73 GB, 68 GiB) copied, 2436 s, 30,1 MB/s
73236873216 bytes (73 GB, 68 GiB) copied, 2437 s, 30,1 MB/s
73257320448 bytes (73 GB, 68 GiB) copied, 2438 s, 30,0 MB/s
73275932672 bytes (73 GB, 68 GiB) copied, 2439 s, 30,0 MB/s
73294381056 bytes (73 GB, 68 GiB) copied, 2440 s, 30,0 MB/s
73312796672 bytes (73 GB, 68 GiB) copied, 2441 s, 30,0 MB/s
73331605504 bytes (73 GB, 68 GiB) copied, 2442 s, 30,0 MB/s
73350578176 bytes (73 GB, 68 GiB) copied, 2443 s, 30,0 MB/s
73368961024 bytes (73 GB, 68 GiB) copied, 2444 s, 30,0 MB/s
73387442176 bytes (73 GB, 68 GiB) copied, 2445 s, 30,0 MB/s
73405890560 bytes (73 GB, 68 GiB) copied, 2446 s, 30,0 MB/s
73424666624 bytes (73 GB, 68 GiB) copied, 2447 s, 30,0 MB/s
73444589568 bytes (73 GB, 68 GiB) copied, 2448 s, 30,0 MB/s
73463005184 bytes (73 GB, 68 GiB) copied, 2449 s, 30,0 MB/s
73481814016 bytes (73 GB, 68 GiB) copied, 2450 s, 30,0 MB/s
73500262400 bytes (74 GB, 68 GiB) copied, 2451 s, 30,0 MB/s
73520644096 bytes (74 GB, 68 GiB) copied, 2452 s, 30,0 MB/s
73540796416 bytes (74 GB, 68 GiB) copied, 2453 s, 30,0 MB/s
73560326144 bytes (74 GB, 69 GiB) copied, 2454 s, 30,0 MB/s
73579134976 bytes (74 GB, 69 GiB) copied, 2455 s, 30,0 MB/s
73597583360 bytes (74 GB, 69 GiB) copied, 2456 s, 30,0 MB/s
73615998976 bytes (74 GB, 69 GiB) copied, 2457 s, 30,0 MB/s
73634447360 bytes (74 GB, 69 GiB) copied, 2458 s, 30,0 MB/s
73654534144 bytes (74 GB, 69 GiB) copied, 2459 s, 30,0 MB/s
73674981376 bytes (74 GB, 69 GiB) copied, 2460 s, 29,9 MB/s
73693986816 bytes (74 GB, 69 GiB) copied, 2461 s, 29,9 MB/s
73712402432 bytes (74 GB, 69 GiB) copied, 2462 s, 29,9 MB/s
73730850816 bytes (74 GB, 69 GiB) copied, 2463 s, 29,9 MB/s
73749463040 bytes (74 GB, 69 GiB) copied, 2464 s, 29,9 MB/s
73768370176 bytes (74 GB, 69 GiB) copied, 2465 s, 29,9 MB/s
73788719104 bytes (74 GB, 69 GiB) copied, 2466 s, 29,9 MB/s
73807888384 bytes (74 GB, 69 GiB) copied, 2467 s, 29,9 MB/s
73826304000 bytes (74 GB, 69 GiB) copied, 2468 s, 29,9 MB/s
73844752384 bytes (74 GB, 69 GiB) copied, 2469 s, 29,9 MB/s
73865035776 bytes (74 GB, 69 GiB) copied, 2470 s, 29,9 MB/s
73884205056 bytes (74 GB, 69 GiB) copied, 2471 s, 29,9 MB/s
73902620672 bytes (74 GB, 69 GiB) copied, 2472 s, 29,9 MB/s
73921069056 bytes (74 GB, 69 GiB) copied, 2473 s, 29,9 MB/s
73939484672 bytes (74 GB, 69 GiB) copied, 2474 s, 29,9 MB/s
73957933056 bytes (74 GB, 69 GiB) copied, 2475 s, 29,9 MB/s
73978380288 bytes (74 GB, 69 GiB) copied, 2476 s, 29,9 MB/s
73998270464 bytes (74 GB, 69 GiB) copied, 2477 s, 29,9 MB/s
74016718848 bytes (74 GB, 69 GiB) copied, 2478 s, 29,9 MB/s
74035134464 bytes (74 GB, 69 GiB) copied, 2479 s, 29,9 MB/s
74054500352 bytes (74 GB, 69 GiB) copied, 2480 s, 29,9 MB/s
74074783744 bytes (74 GB, 69 GiB) copied, 2481 s, 29,9 MB/s
74093395968 bytes (74 GB, 69 GiB) copied, 2482 s, 29,9 MB/s
74112729088 bytes (74 GB, 69 GiB) copied, 2483 s, 29,8 MB/s
74131374080 bytes (74 GB, 69 GiB) copied, 2484 s, 29,8 MB/s
74149789696 bytes (74 GB, 69 GiB) copied, 2485 s, 29,8 MB/s
74168958976 bytes (74 GB, 69 GiB) copied, 2486 s, 29,8 MB/s
74189406208 bytes (74 GB, 69 GiB) copied, 2487 s, 29,8 MB/s
74208575488 bytes (74 GB, 69 GiB) copied, 2488 s, 29,8 MB/s
74227220480 bytes (74 GB, 69 GiB) copied, 2489 s, 29,8 MB/s
74245832704 bytes (74 GB, 69 GiB) copied, 2490 s, 29,8 MB/s
74264444928 bytes (74 GB, 69 GiB) copied, 2491 s, 29,8 MB/s
74284269568 bytes (74 GB, 69 GiB) copied, 2492 s, 29,8 MB/s
74304258048 bytes (74 GB, 69 GiB) copied, 2493 s, 29,8 MB/s
74322870272 bytes (74 GB, 69 GiB) copied, 2494 s, 29,8 MB/s
74341285888 bytes (74 GB, 69 GiB) copied, 2495 s, 29,8 MB/s
74359734272 bytes (74 GB, 69 GiB) copied, 2496 s, 29,8 MB/s
74378706944 bytes (74 GB, 69 GiB) copied, 2497 s, 29,8 MB/s
74399186944 bytes (74 GB, 69 GiB) copied, 2498 s, 29,8 MB/s
74418716672 bytes (74 GB, 69 GiB) copied, 2499 s, 29,8 MB/s
74437132288 bytes (74 GB, 69 GiB) copied, 2500 s, 29,8 MB/s
74455711744 bytes (74 GB, 69 GiB) copied, 2501 s, 29,8 MB/s
74474192896 bytes (74 GB, 69 GiB) copied, 2502 s, 29,8 MB/s
74493722624 bytes (74 GB, 69 GiB) copied, 2503 s, 29,8 MB/s
74514202624 bytes (75 GB, 69 GiB) copied, 2504 s, 29,8 MB/s
74532814848 bytes (75 GB, 69 GiB) copied, 2505 s, 29,8 MB/s
74551230464 bytes (75 GB, 69 GiB) copied, 2506 s, 29,7 MB/s
74569678848 bytes (75 GB, 69 GiB) copied, 2507 s, 29,7 MB/s
74588487680 bytes (75 GB, 69 GiB) copied, 2508 s, 29,7 MB/s
74607099904 bytes (75 GB, 69 GiB) copied, 2509 s, 29,7 MB/s
74625875968 bytes (75 GB, 70 GiB) copied, 2510 s, 29,7 MB/s
74644324352 bytes (75 GB, 70 GiB) copied, 2511 s, 29,7 MB/s
74662739968 bytes (75 GB, 70 GiB) copied, 2512 s, 29,7 MB/s
74683219968 bytes (75 GB, 70 GiB) copied, 2513 s, 29,7 MB/s
74703667200 bytes (75 GB, 70 GiB) copied, 2514 s, 29,7 MB/s
74723590144 bytes (75 GB, 70 GiB) copied, 2515 s, 29,7 MB/s
74742366208 bytes (75 GB, 70 GiB) copied, 2516 s, 29,7 MB/s
74760814592 bytes (75 GB, 70 GiB) copied, 2517 s, 29,7 MB/s
74779623424 bytes (75 GB, 70 GiB) copied, 2518 s, 29,7 MB/s
74798792704 bytes (75 GB, 70 GiB) copied, 2519 s, 29,7 MB/s
74819436544 bytes (75 GB, 70 GiB) copied, 2520 s, 29,7 MB/s
74839883776 bytes (75 GB, 70 GiB) copied, 2521 s, 29,7 MB/s
74859413504 bytes (75 GB, 70 GiB) copied, 2522 s, 29,7 MB/s
74878550016 bytes (75 GB, 70 GiB) copied, 2523 s, 29,7 MB/s
74896965632 bytes (75 GB, 70 GiB) copied, 2524 s, 29,7 MB/s
74915643392 bytes (75 GB, 70 GiB) copied, 2525 s, 29,7 MB/s
74934059008 bytes (75 GB, 70 GiB) copied, 2526 s, 29,7 MB/s
74952507392 bytes (75 GB, 70 GiB) copied, 2527 s, 29,7 MB/s
74970923008 bytes (75 GB, 70 GiB) copied, 2528 s, 29,7 MB/s
74990485504 bytes (75 GB, 70 GiB) copied, 2529 s, 29,7 MB/s
75008901120 bytes (75 GB, 70 GiB) copied, 2530 s, 29,6 MB/s
75027349504 bytes (75 GB, 70 GiB) copied, 2531 s, 29,6 MB/s
75045765120 bytes (75 GB, 70 GiB) copied, 2532 s, 29,6 MB/s
75064213504 bytes (75 GB, 70 GiB) copied, 2533 s, 29,6 MB/s
75083939840 bytes (75 GB, 70 GiB) copied, 2534 s, 29,6 MB/s
75104026624 bytes (75 GB, 70 GiB) copied, 2535 s, 29,6 MB/s
75122999296 bytes (75 GB, 70 GiB) copied, 2536 s, 29,6 MB/s
75141447680 bytes (75 GB, 70 GiB) copied, 2537 s, 29,6 MB/s
75159863296 bytes (75 GB, 70 GiB) copied, 2538 s, 29,6 MB/s
75180113920 bytes (75 GB, 70 GiB) copied, 2539 s, 29,6 MB/s
75199479808 bytes (75 GB, 70 GiB) copied, 2540 s, 29,6 MB/s
75217928192 bytes (75 GB, 70 GiB) copied, 2541 s, 29,6 MB/s
75236343808 bytes (75 GB, 70 GiB) copied, 2542 s, 29,6 MB/s
75254792192 bytes (75 GB, 70 GiB) copied, 2543 s, 29,6 MB/s
75273207808 bytes (75 GB, 70 GiB) copied, 2544 s, 29,6 MB/s
75293491200 bytes (75 GB, 70 GiB) copied, 2545 s, 29,6 MB/s
75312660480 bytes (75 GB, 70 GiB) copied, 2546 s, 29,6 MB/s
75332386816 bytes (75 GB, 70 GiB) copied, 2547 s, 29,6 MB/s
75351359488 bytes (75 GB, 70 GiB) copied, 2548 s, 29,6 MB/s
75369807872 bytes (75 GB, 70 GiB) copied, 2549 s, 29,6 MB/s
75388223488 bytes (75 GB, 70 GiB) copied, 2550 s, 29,6 MB/s
75408703488 bytes (75 GB, 70 GiB) copied, 2551 s, 29,6 MB/s
75429150720 bytes (75 GB, 70 GiB) copied, 2552 s, 29,6 MB/s
75449073664 bytes (75 GB, 70 GiB) copied, 2553 s, 29,6 MB/s
75467489280 bytes (75 GB, 70 GiB) copied, 2554 s, 29,5 MB/s
75485937664 bytes (75 GB, 70 GiB) copied, 2555 s, 29,5 MB/s
75504353280 bytes (76 GB, 70 GiB) copied, 2556 s, 29,5 MB/s
75524636672 bytes (76 GB, 70 GiB) copied, 2557 s, 29,5 MB/s
75544166400 bytes (76 GB, 70 GiB) copied, 2558 s, 29,5 MB/s
75562614784 bytes (76 GB, 70 GiB) copied, 2559 s, 29,5 MB/s
75581030400 bytes (76 GB, 70 GiB) copied, 2560 s, 29,5 MB/s
75599642624 bytes (76 GB, 70 GiB) copied, 2561 s, 29,5 MB/s
75620122624 bytes (76 GB, 70 GiB) copied, 2562 s, 29,5 MB/s
75638734848 bytes (76 GB, 70 GiB) copied, 2563 s, 29,5 MB/s
75657150464 bytes (76 GB, 70 GiB) copied, 2564 s, 29,5 MB/s
75675598848 bytes (76 GB, 70 GiB) copied, 2565 s, 29,5 MB/s
75694014464 bytes (76 GB, 70 GiB) copied, 2566 s, 29,5 MB/s
75713740800 bytes (76 GB, 71 GiB) copied, 2567 s, 29,5 MB/s
75734024192 bytes (76 GB, 71 GiB) copied, 2568 s, 29,5 MB/s
75752636416 bytes (76 GB, 71 GiB) copied, 2569 s, 29,5 MB/s
75771084800 bytes (76 GB, 71 GiB) copied, 2570 s, 29,5 MB/s
75790417920 bytes (76 GB, 71 GiB) copied, 2571 s, 29,5 MB/s
75810504704 bytes (76 GB, 71 GiB) copied, 2572 s, 29,5 MB/s
75829313536 bytes (76 GB, 71 GiB) copied, 2573 s, 29,5 MB/s
75847925760 bytes (76 GB, 71 GiB) copied, 2574 s, 29,5 MB/s
75866537984 bytes (76 GB, 71 GiB) copied, 2575 s, 29,5 MB/s
75885346816 bytes (76 GB, 71 GiB) copied, 2576 s, 29,5 MB/s
75903795200 bytes (76 GB, 71 GiB) copied, 2577 s, 29,5 MB/s
75923324928 bytes (76 GB, 71 GiB) copied, 2578 s, 29,5 MB/s
75943772160 bytes (76 GB, 71 GiB) copied, 2579 s, 29,4 MB/s
75962941440 bytes (76 GB, 71 GiB) copied, 2580 s, 29,4 MB/s
75981389824 bytes (76 GB, 71 GiB) copied, 2581 s, 29,4 MB/s
75999805440 bytes (76 GB, 71 GiB) copied, 2582 s, 29,4 MB/s
76018417664 bytes (76 GB, 71 GiB) copied, 2583 s, 29,4 MB/s
76038897664 bytes (76 GB, 71 GiB) copied, 2584 s, 29,4 MB/s
76058066944 bytes (76 GB, 71 GiB) copied, 2585 s, 29,4 MB/s
76077039616 bytes (76 GB, 71 GiB) copied, 2586 s, 29,4 MB/s
76095488000 bytes (76 GB, 71 GiB) copied, 2587 s, 29,4 MB/s
76113903616 bytes (76 GB, 71 GiB) copied, 2588 s, 29,4 MB/s
76133826560 bytes (76 GB, 71 GiB) copied, 2589 s, 29,4 MB/s
76154339328 bytes (76 GB, 71 GiB) copied, 2590 s, 29,4 MB/s
76173082624 bytes (76 GB, 71 GiB) copied, 2591 s, 29,4 MB/s
76191858688 bytes (76 GB, 71 GiB) copied, 2592 s, 29,4 MB/s
76210307072 bytes (76 GB, 71 GiB) copied, 2593 s, 29,4 MB/s
76229279744 bytes (76 GB, 71 GiB) copied, 2594 s, 29,4 MB/s
76249759744 bytes (76 GB, 71 GiB) copied, 2595 s, 29,4 MB/s
76269092864 bytes (76 GB, 71 GiB) copied, 2596 s, 29,4 MB/s
76287541248 bytes (76 GB, 71 GiB) copied, 2597 s, 29,4 MB/s
76306055168 bytes (76 GB, 71 GiB) copied, 2598 s, 29,4 MB/s
76325126144 bytes (76 GB, 71 GiB) copied, 2599 s, 29,4 MB/s
76343738368 bytes (76 GB, 71 GiB) copied, 2600 s, 29,4 MB/s
76362186752 bytes (76 GB, 71 GiB) copied, 2601 s, 29,4 MB/s
76381159424 bytes (76 GB, 71 GiB) copied, 2602 s, 29,4 MB/s
76400164864 bytes (76 GB, 71 GiB) copied, 2603 s, 29,4 MB/s
76418580480 bytes (76 GB, 71 GiB) copied, 2604 s, 29,3 MB/s
76437389312 bytes (76 GB, 71 GiB) copied, 2605 s, 29,3 MB/s
76457967616 bytes (76 GB, 71 GiB) copied, 2606 s, 29,3 MB/s
76478480384 bytes (76 GB, 71 GiB) copied, 2607 s, 29,3 MB/s
76497977344 bytes (76 GB, 71 GiB) copied, 2608 s, 29,3 MB/s
76516261888 bytes (77 GB, 71 GiB) copied, 2609 s, 29,3 MB/s
76534906880 bytes (77 GB, 71 GiB) copied, 2610 s, 29,3 MB/s
76555157504 bytes (77 GB, 71 GiB) copied, 2611 s, 29,3 MB/s
76574883840 bytes (77 GB, 71 GiB) copied, 2612 s, 29,3 MB/s
76593332224 bytes (77 GB, 71 GiB) copied, 2613 s, 29,3 MB/s
76611747840 bytes (77 GB, 71 GiB) copied, 2614 s, 29,3 MB/s
76630196224 bytes (77 GB, 71 GiB) copied, 2615 s, 29,3 MB/s
76650610688 bytes (77 GB, 71 GiB) copied, 2616 s, 29,3 MB/s
76670173184 bytes (77 GB, 71 GiB) copied, 2617 s, 29,3 MB/s
76689178624 bytes (77 GB, 71 GiB) copied, 2618 s, 29,3 MB/s
76707594240 bytes (77 GB, 71 GiB) copied, 2619 s, 29,3 MB/s
76726042624 bytes (77 GB, 71 GiB) copied, 2620 s, 29,3 MB/s
76744458240 bytes (77 GB, 71 GiB) copied, 2621 s, 29,3 MB/s
76764545024 bytes (77 GB, 71 GiB) copied, 2622 s, 29,3 MB/s
76783910912 bytes (77 GB, 72 GiB) copied, 2623 s, 29,3 MB/s
76802326528 bytes (77 GB, 72 GiB) copied, 2624 s, 29,3 MB/s
76820774912 bytes (77 GB, 72 GiB) copied, 2625 s, 29,3 MB/s
76839190528 bytes (77 GB, 72 GiB) copied, 2626 s, 29,3 MB/s
76859310080 bytes (77 GB, 72 GiB) copied, 2627 s, 29,3 MB/s
76878479360 bytes (77 GB, 72 GiB) copied, 2628 s, 29,3 MB/s
76896829440 bytes (77 GB, 72 GiB) copied, 2629 s, 29,2 MB/s
76915343360 bytes (77 GB, 72 GiB) copied, 2630 s, 29,2 MB/s
76933758976 bytes (77 GB, 72 GiB) copied, 2631 s, 29,2 MB/s
76952207360 bytes (77 GB, 72 GiB) copied, 2632 s, 29,2 MB/s
76972654592 bytes (77 GB, 72 GiB) copied, 2633 s, 29,2 MB/s
76993101824 bytes (77 GB, 72 GiB) copied, 2634 s, 29,2 MB/s
77012107264 bytes (77 GB, 72 GiB) copied, 2635 s, 29,2 MB/s
77030719488 bytes (77 GB, 72 GiB) copied, 2636 s, 29,2 MB/s
77049135104 bytes (77 GB, 72 GiB) copied, 2637 s, 29,2 MB/s
77068697600 bytes (77 GB, 72 GiB) copied, 2638 s, 29,2 MB/s
77088227328 bytes (77 GB, 72 GiB) copied, 2639 s, 29,2 MB/s
77106642944 bytes (77 GB, 72 GiB) copied, 2640 s, 29,2 MB/s
77125189632 bytes (77 GB, 72 GiB) copied, 2641 s, 29,2 MB/s
77143506944 bytes (77 GB, 72 GiB) copied, 2642 s, 29,2 MB/s
77164085248 bytes (77 GB, 72 GiB) copied, 2643 s, 29,2 MB/s
77184598016 bytes (77 GB, 72 GiB) copied, 2644 s, 29,2 MB/s
77203603456 bytes (77 GB, 72 GiB) copied, 2645 s, 29,2 MB/s
77222051840 bytes (77 GB, 72 GiB) copied, 2646 s, 29,2 MB/s
77240467456 bytes (77 GB, 72 GiB) copied, 2647 s, 29,2 MB/s
77258915840 bytes (77 GB, 72 GiB) copied, 2648 s, 29,2 MB/s
77279363072 bytes (77 GB, 72 GiB) copied, 2649 s, 29,2 MB/s
77299646464 bytes (77 GB, 72 GiB) copied, 2650 s, 29,2 MB/s
77318258688 bytes (77 GB, 72 GiB) copied, 2651 s, 29,2 MB/s
77336674304 bytes (77 GB, 72 GiB) copied, 2652 s, 29,2 MB/s
77355122688 bytes (77 GB, 72 GiB) copied, 2653 s, 29,2 MB/s
77373865984 bytes (77 GB, 72 GiB) copied, 2654 s, 29,2 MB/s
77394182144 bytes (77 GB, 72 GiB) copied, 2655 s, 29,2 MB/s
77412990976 bytes (77 GB, 72 GiB) copied, 2656 s, 29,1 MB/s
77431439360 bytes (77 GB, 72 GiB) copied, 2657 s, 29,1 MB/s
77449854976 bytes (77 GB, 72 GiB) copied, 2658 s, 29,1 MB/s
77468106752 bytes (77 GB, 72 GiB) copied, 2659 s, 29,1 MB/s
77474922496 bytes (77 GB, 72 GiB) copied, 2660 s, 29,1 MB/s
77480099840 bytes (77 GB, 72 GiB) copied, 2661 s, 29,1 MB/s
77487079424 bytes (77 GB, 72 GiB) copied, 2662 s, 29,1 MB/s
77496483840 bytes (77 GB, 72 GiB) copied, 2663 s, 29,1 MB/s
77507723264 bytes (78 GB, 72 GiB) copied, 2664 s, 29,1 MB/s
77521190912 bytes (78 GB, 72 GiB) copied, 2665 s, 29,1 MB/s
77535772672 bytes (78 GB, 72 GiB) copied, 2666 s, 29,1 MB/s
77552910336 bytes (78 GB, 72 GiB) copied, 2667 s, 29,1 MB/s
77572374528 bytes (78 GB, 72 GiB) copied, 2668 s, 29,1 MB/s
77592887296 bytes (78 GB, 72 GiB) copied, 2669 s, 29,1 MB/s
77613367296 bytes (78 GB, 72 GiB) copied, 2670 s, 29,1 MB/s
77636239360 bytes (78 GB, 72 GiB) copied, 2671 s, 29,1 MB/s
77659275264 bytes (78 GB, 72 GiB) copied, 2672 s, 29,1 MB/s
77682311168 bytes (78 GB, 72 GiB) copied, 2673 s, 29,1 MB/s
77708394496 bytes (78 GB, 72 GiB) copied, 2674 s, 29,1 MB/s
77732249600 bytes (78 GB, 72 GiB) copied, 2675 s, 29,1 MB/s
77755318272 bytes (78 GB, 72 GiB) copied, 2676 s, 29,1 MB/s
77778714624 bytes (78 GB, 72 GiB) copied, 2677 s, 29,1 MB/s
77801553920 bytes (78 GB, 72 GiB) copied, 2678 s, 29,1 MB/s
77824622592 bytes (78 GB, 72 GiB) copied, 2679 s, 29,0 MB/s
77847658496 bytes (78 GB, 73 GiB) copied, 2680 s, 29,0 MB/s
77870694400 bytes (78 GB, 73 GiB) copied, 2681 s, 29,0 MB/s
77892059136 bytes (78 GB, 73 GiB) copied, 2682 s, 29,0 MB/s
77912539136 bytes (78 GB, 73 GiB) copied, 2683 s, 29,0 MB/s
77932986368 bytes (78 GB, 73 GiB) copied, 2684 s, 29,0 MB/s
77953433600 bytes (78 GB, 73 GiB) copied, 2685 s, 29,0 MB/s
77974077440 bytes (78 GB, 73 GiB) copied, 2686 s, 29,0 MB/s
77994557440 bytes (78 GB, 73 GiB) copied, 2687 s, 29,0 MB/s
78015004672 bytes (78 GB, 73 GiB) copied, 2688 s, 29,0 MB/s
78035484672 bytes (78 GB, 73 GiB) copied, 2689 s, 29,0 MB/s
78055571456 bytes (78 GB, 73 GiB) copied, 2690 s, 29,0 MB/s
78074544128 bytes (78 GB, 73 GiB) copied, 2691 s, 29,0 MB/s
78094073856 bytes (78 GB, 73 GiB) copied, 2692 s, 29,0 MB/s
78112686080 bytes (78 GB, 73 GiB) copied, 2693 s, 29,0 MB/s
78131134464 bytes (78 GB, 73 GiB) copied, 2694 s, 29,0 MB/s
78150107136 bytes (78 GB, 73 GiB) copied, 2695 s, 29,0 MB/s
78170030080 bytes (78 GB, 73 GiB) copied, 2696 s, 29,0 MB/s
78190575616 bytes (78 GB, 73 GiB) copied, 2697 s, 29,0 MB/s
78210957312 bytes (78 GB, 73 GiB) copied, 2698 s, 29,0 MB/s
78229372928 bytes (78 GB, 73 GiB) copied, 2699 s, 29,0 MB/s
78247821312 bytes (78 GB, 73 GiB) copied, 2700 s, 29,0 MB/s
78267514880 bytes (78 GB, 73 GiB) copied, 2701 s, 29,0 MB/s
78287437824 bytes (78 GB, 73 GiB) copied, 2702 s, 29,0 MB/s
78306050048 bytes (78 GB, 73 GiB) copied, 2703 s, 29,0 MB/s
78324498432 bytes (78 GB, 73 GiB) copied, 2704 s, 29,0 MB/s
78342914048 bytes (78 GB, 73 GiB) copied, 2705 s, 29,0 MB/s
78361362432 bytes (78 GB, 73 GiB) copied, 2706 s, 29,0 MB/s
78381744128 bytes (78 GB, 73 GiB) copied, 2707 s, 29,0 MB/s
78401896448 bytes (78 GB, 73 GiB) copied, 2708 s, 29,0 MB/s
78420344832 bytes (78 GB, 73 GiB) copied, 2709 s, 28,9 MB/s
78438760448 bytes (78 GB, 73 GiB) copied, 2710 s, 28,9 MB/s
78457208832 bytes (78 GB, 73 GiB) copied, 2711 s, 28,9 MB/s
78477656064 bytes (78 GB, 73 GiB) copied, 2712 s, 28,9 MB/s
78497546240 bytes (78 GB, 73 GiB) copied, 2713 s, 28,9 MB/s
78515994624 bytes (79 GB, 73 GiB) copied, 2714 s, 28,9 MB/s
78534410240 bytes (79 GB, 73 GiB) copied, 2715 s, 28,9 MB/s
78552858624 bytes (79 GB, 73 GiB) copied, 2716 s, 28,9 MB/s
78571667456 bytes (79 GB, 73 GiB) copied, 2717 s, 28,9 MB/s
78590771200 bytes (79 GB, 73 GiB) copied, 2718 s, 28,9 MB/s
78609219584 bytes (79 GB, 73 GiB) copied, 2719 s, 28,9 MB/s
78627635200 bytes (79 GB, 73 GiB) copied, 2720 s, 28,9 MB/s
78646083584 bytes (79 GB, 73 GiB) copied, 2721 s, 28,9 MB/s
78664499200 bytes (79 GB, 73 GiB) copied, 2722 s, 28,9 MB/s
78684979200 bytes (79 GB, 73 GiB) copied, 2723 s, 28,9 MB/s
78704869376 bytes (79 GB, 73 GiB) copied, 2724 s, 28,9 MB/s
78725251072 bytes (79 GB, 73 GiB) copied, 2725 s, 28,9 MB/s
78744879104 bytes (79 GB, 73 GiB) copied, 2726 s, 28,9 MB/s
78763294720 bytes (79 GB, 73 GiB) copied, 2727 s, 28,9 MB/s
78781743104 bytes (79 GB, 73 GiB) copied, 2728 s, 28,9 MB/s
78802190336 bytes (79 GB, 73 GiB) copied, 2729 s, 28,9 MB/s
78821359616 bytes (79 GB, 73 GiB) copied, 2730 s, 28,9 MB/s
78839808000 bytes (79 GB, 73 GiB) copied, 2731 s, 28,9 MB/s
78858223616 bytes (79 GB, 73 GiB) copied, 2732 s, 28,9 MB/s
78876672000 bytes (79 GB, 73 GiB) copied, 2733 s, 28,9 MB/s
78896005120 bytes (79 GB, 73 GiB) copied, 2734 s, 28,9 MB/s
78915010560 bytes (79 GB, 73 GiB) copied, 2735 s, 28,9 MB/s
78933426176 bytes (79 GB, 74 GiB) copied, 2736 s, 28,8 MB/s
78951874560 bytes (79 GB, 74 GiB) copied, 2737 s, 28,8 MB/s
78970290176 bytes (79 GB, 74 GiB) copied, 2738 s, 28,8 MB/s
78989459456 bytes (79 GB, 74 GiB) copied, 2739 s, 28,8 MB/s
79009906688 bytes (79 GB, 74 GiB) copied, 2740 s, 28,8 MB/s
79029469184 bytes (79 GB, 74 GiB) copied, 2741 s, 28,8 MB/s
79047884800 bytes (79 GB, 74 GiB) copied, 2742 s, 28,8 MB/s
79066333184 bytes (79 GB, 74 GiB) copied, 2743 s, 28,8 MB/s
79084748800 bytes (79 GB, 74 GiB) copied, 2744 s, 28,8 MB/s
79104835584 bytes (79 GB, 74 GiB) copied, 2745 s, 28,8 MB/s
79123283968 bytes (79 GB, 74 GiB) copied, 2746 s, 28,8 MB/s
79141896192 bytes (79 GB, 74 GiB) copied, 2747 s, 28,8 MB/s
79160311808 bytes (79 GB, 74 GiB) copied, 2748 s, 28,8 MB/s
79180038144 bytes (79 GB, 74 GiB) copied, 2749 s, 28,8 MB/s
79199207424 bytes (79 GB, 74 GiB) copied, 2750 s, 28,8 MB/s
79217655808 bytes (79 GB, 74 GiB) copied, 2751 s, 28,8 MB/s
79236268032 bytes (79 GB, 74 GiB) copied, 2752 s, 28,8 MB/s
79254683648 bytes (79 GB, 74 GiB) copied, 2753 s, 28,8 MB/s
79273328640 bytes (79 GB, 74 GiB) copied, 2754 s, 28,8 MB/s
79291744256 bytes (79 GB, 74 GiB) copied, 2755 s, 28,8 MB/s
79312191488 bytes (79 GB, 74 GiB) copied, 2756 s, 28,8 MB/s
79332671488 bytes (79 GB, 74 GiB) copied, 2757 s, 28,8 MB/s
79352561664 bytes (79 GB, 74 GiB) copied, 2758 s, 28,8 MB/s
79371010048 bytes (79 GB, 74 GiB) copied, 2759 s, 28,8 MB/s
79389425664 bytes (79 GB, 74 GiB) copied, 2760 s, 28,8 MB/s
79408234496 bytes (79 GB, 74 GiB) copied, 2761 s, 28,8 MB/s
79428681728 bytes (79 GB, 74 GiB) copied, 2762 s, 28,8 MB/s
79448408064 bytes (79 GB, 74 GiB) copied, 2763 s, 28,8 MB/s
79467020288 bytes (79 GB, 74 GiB) copied, 2764 s, 28,8 MB/s
79485468672 bytes (79 GB, 74 GiB) copied, 2765 s, 28,7 MB/s
79503884288 bytes (80 GB, 74 GiB) copied, 2766 s, 28,7 MB/s
79523807232 bytes (80 GB, 74 GiB) copied, 2767 s, 28,7 MB/s
79542976512 bytes (80 GB, 74 GiB) copied, 2768 s, 28,7 MB/s
79561392128 bytes (80 GB, 74 GiB) copied, 2769 s, 28,7 MB/s
79580037120 bytes (80 GB, 74 GiB) copied, 2770 s, 28,7 MB/s
79598452736 bytes (80 GB, 74 GiB) copied, 2771 s, 28,7 MB/s
79617818624 bytes (80 GB, 74 GiB) copied, 2772 s, 28,7 MB/s
79638069248 bytes (80 GB, 74 GiB) copied, 2773 s, 28,7 MB/s
79656878080 bytes (80 GB, 74 GiB) copied, 2774 s, 28,7 MB/s
79675490304 bytes (80 GB, 74 GiB) copied, 2775 s, 28,7 MB/s
79693938688 bytes (80 GB, 74 GiB) copied, 2776 s, 28,7 MB/s
79712747520 bytes (80 GB, 74 GiB) copied, 2777 s, 28,7 MB/s
79731720192 bytes (80 GB, 74 GiB) copied, 2778 s, 28,7 MB/s
79750135808 bytes (80 GB, 74 GiB) copied, 2779 s, 28,7 MB/s
79768584192 bytes (80 GB, 74 GiB) copied, 2780 s, 28,7 MB/s
79786999808 bytes (80 GB, 74 GiB) copied, 2781 s, 28,7 MB/s
79805448192 bytes (80 GB, 74 GiB) copied, 2782 s, 28,7 MB/s
79824060416 bytes (80 GB, 74 GiB) copied, 2783 s, 28,7 MB/s
79844638720 bytes (80 GB, 74 GiB) copied, 2784 s, 28,7 MB/s
79864561664 bytes (80 GB, 74 GiB) copied, 2785 s, 28,7 MB/s
79883042816 bytes (80 GB, 74 GiB) copied, 2786 s, 28,7 MB/s
79901458432 bytes (80 GB, 74 GiB) copied, 2787 s, 28,7 MB/s
79921577984 bytes (80 GB, 74 GiB) copied, 2788 s, 28,7 MB/s
79941828608 bytes (80 GB, 74 GiB) copied, 2789 s, 28,7 MB/s
79960440832 bytes (80 GB, 74 GiB) copied, 2790 s, 28,7 MB/s
79978889216 bytes (80 GB, 74 GiB) copied, 2791 s, 28,7 MB/s
79997304832 bytes (80 GB, 75 GiB) copied, 2792 s, 28,7 MB/s
80015753216 bytes (80 GB, 75 GiB) copied, 2793 s, 28,6 MB/s
80034168832 bytes (80 GB, 75 GiB) copied, 2794 s, 28,6 MB/s
80054648832 bytes (80 GB, 75 GiB) copied, 2795 s, 28,6 MB/s
80075227136 bytes (80 GB, 75 GiB) copied, 2796 s, 28,6 MB/s
80094461952 bytes (80 GB, 75 GiB) copied, 2797 s, 28,6 MB/s
80112877568 bytes (80 GB, 75 GiB) copied, 2798 s, 28,6 MB/s
80131489792 bytes (80 GB, 75 GiB) copied, 2799 s, 28,6 MB/s
80151052288 bytes (80 GB, 75 GiB) copied, 2800 s, 28,6 MB/s
80171139072 bytes (80 GB, 75 GiB) copied, 2801 s, 28,6 MB/s
80189751296 bytes (80 GB, 75 GiB) copied, 2802 s, 28,6 MB/s
80208723968 bytes (80 GB, 75 GiB) copied, 2803 s, 28,6 MB/s
80227532800 bytes (80 GB, 75 GiB) copied, 2804 s, 28,6 MB/s
80246145024 bytes (80 GB, 75 GiB) copied, 2805 s, 28,6 MB/s
80265314304 bytes (80 GB, 75 GiB) copied, 2806 s, 28,6 MB/s
80285794304 bytes (80 GB, 75 GiB) copied, 2807 s, 28,6 MB/s
80304766976 bytes (80 GB, 75 GiB) copied, 2808 s, 28,6 MB/s
80323182592 bytes (80 GB, 75 GiB) copied, 2809 s, 28,6 MB/s
80341630976 bytes (80 GB, 75 GiB) copied, 2810 s, 28,6 MB/s
80360800256 bytes (80 GB, 75 GiB) copied, 2811 s, 28,6 MB/s
80380526592 bytes (80 GB, 75 GiB) copied, 2812 s, 28,6 MB/s
80398942208 bytes (80 GB, 75 GiB) copied, 2813 s, 28,6 MB/s
80417488896 bytes (80 GB, 75 GiB) copied, 2814 s, 28,6 MB/s
80435937280 bytes (80 GB, 75 GiB) copied, 2815 s, 28,6 MB/s
80454909952 bytes (80 GB, 75 GiB) copied, 2816 s, 28,6 MB/s
80475455488 bytes (80 GB, 75 GiB) copied, 2817 s, 28,6 MB/s
80495706112 bytes (80 GB, 75 GiB) copied, 2818 s, 28,6 MB/s
80514875392 bytes (81 GB, 75 GiB) copied, 2819 s, 28,6 MB/s
80533684224 bytes (81 GB, 75 GiB) copied, 2820 s, 28,6 MB/s
80552132608 bytes (81 GB, 75 GiB) copied, 2821 s, 28,6 MB/s
80570744832 bytes (81 GB, 75 GiB) copied, 2822 s, 28,6 MB/s
80591192064 bytes (81 GB, 75 GiB) copied, 2823 s, 28,5 MB/s
80611115008 bytes (81 GB, 75 GiB) copied, 2824 s, 28,5 MB/s
80629530624 bytes (81 GB, 75 GiB) copied, 2825 s, 28,5 MB/s
80647979008 bytes (81 GB, 75 GiB) copied, 2826 s, 28,5 MB/s
80666394624 bytes (81 GB, 75 GiB) copied, 2827 s, 28,5 MB/s
80686874624 bytes (81 GB, 75 GiB) copied, 2828 s, 28,5 MB/s
80706961408 bytes (81 GB, 75 GiB) copied, 2829 s, 28,5 MB/s
80725377024 bytes (81 GB, 75 GiB) copied, 2830 s, 28,5 MB/s
80743825408 bytes (81 GB, 75 GiB) copied, 2831 s, 28,5 MB/s
80762241024 bytes (81 GB, 75 GiB) copied, 2832 s, 28,5 MB/s
80781410304 bytes (81 GB, 75 GiB) copied, 2833 s, 28,5 MB/s
80801497088 bytes (81 GB, 75 GiB) copied, 2834 s, 28,5 MB/s
80819945472 bytes (81 GB, 75 GiB) copied, 2835 s, 28,5 MB/s
80838361088 bytes (81 GB, 75 GiB) copied, 2836 s, 28,5 MB/s
80856907776 bytes (81 GB, 75 GiB) copied, 2837 s, 28,5 MB/s
80877256704 bytes (81 GB, 75 GiB) copied, 2838 s, 28,5 MB/s
80895868928 bytes (81 GB, 75 GiB) copied, 2839 s, 28,5 MB/s
80914317312 bytes (81 GB, 75 GiB) copied, 2840 s, 28,5 MB/s
80932732928 bytes (81 GB, 75 GiB) copied, 2841 s, 28,5 MB/s
80951181312 bytes (81 GB, 75 GiB) copied, 2842 s, 28,5 MB/s
80969596928 bytes (81 GB, 75 GiB) copied, 2843 s, 28,5 MB/s
80989323264 bytes (81 GB, 75 GiB) copied, 2844 s, 28,5 MB/s
81008492544 bytes (81 GB, 75 GiB) copied, 2845 s, 28,5 MB/s
81027301376 bytes (81 GB, 75 GiB) copied, 2846 s, 28,5 MB/s
81045716992 bytes (81 GB, 75 GiB) copied, 2847 s, 28,5 MB/s
81064165376 bytes (81 GB, 75 GiB) copied, 2848 s, 28,5 MB/s
81083334656 bytes (81 GB, 76 GiB) copied, 2849 s, 28,5 MB/s
81103781888 bytes (81 GB, 76 GiB) copied, 2850 s, 28,5 MB/s
81124261888 bytes (81 GB, 76 GiB) copied, 2851 s, 28,5 MB/s
81144709120 bytes (81 GB, 76 GiB) copied, 2852 s, 28,5 MB/s
81163517952 bytes (81 GB, 76 GiB) copied, 2853 s, 28,4 MB/s
81181933568 bytes (81 GB, 76 GiB) copied, 2854 s, 28,4 MB/s
81202413568 bytes (81 GB, 76 GiB) copied, 2855 s, 28,4 MB/s
81222500352 bytes (81 GB, 76 GiB) copied, 2856 s, 28,4 MB/s
81241309184 bytes (81 GB, 76 GiB) copied, 2857 s, 28,4 MB/s
81259921408 bytes (81 GB, 76 GiB) copied, 2858 s, 28,4 MB/s
81278533632 bytes (81 GB, 76 GiB) copied, 2859 s, 28,4 MB/s
81297145856 bytes (81 GB, 76 GiB) copied, 2860 s, 28,4 MB/s
81317593088 bytes (81 GB, 76 GiB) copied, 2861 s, 28,4 MB/s
81336205312 bytes (81 GB, 76 GiB) copied, 2862 s, 28,4 MB/s
81354653696 bytes (81 GB, 76 GiB) copied, 2863 s, 28,4 MB/s
81373462528 bytes (81 GB, 76 GiB) copied, 2864 s, 28,4 MB/s
81392074752 bytes (81 GB, 76 GiB) copied, 2865 s, 28,4 MB/s
81411506176 bytes (81 GB, 76 GiB) copied, 2866 s, 28,4 MB/s
81432051712 bytes (81 GB, 76 GiB) copied, 2867 s, 28,4 MB/s
81451057152 bytes (81 GB, 76 GiB) copied, 2868 s, 28,4 MB/s
81469407232 bytes (81 GB, 76 GiB) copied, 2869 s, 28,4 MB/s
81487888384 bytes (81 GB, 76 GiB) copied, 2870 s, 28,4 MB/s
81508007936 bytes (82 GB, 76 GiB) copied, 2871 s, 28,4 MB/s
81526685696 bytes (82 GB, 76 GiB) copied, 2872 s, 28,4 MB/s
81545068544 bytes (82 GB, 76 GiB) copied, 2873 s, 28,4 MB/s
81563582464 bytes (82 GB, 76 GiB) copied, 2874 s, 28,4 MB/s
81582030848 bytes (82 GB, 76 GiB) copied, 2875 s, 28,4 MB/s
81600905216 bytes (82 GB, 76 GiB) copied, 2876 s, 28,4 MB/s
81621352448 bytes (82 GB, 76 GiB) copied, 2877 s, 28,4 MB/s
81641832448 bytes (82 GB, 76 GiB) copied, 2878 s, 28,4 MB/s
81661722624 bytes (82 GB, 76 GiB) copied, 2879 s, 28,4 MB/s
81680171008 bytes (82 GB, 76 GiB) copied, 2880 s, 28,4 MB/s
81698586624 bytes (82 GB, 76 GiB) copied, 2881 s, 28,4 MB/s
81717952512 bytes (82 GB, 76 GiB) copied, 2882 s, 28,4 MB/s
81738399744 bytes (82 GB, 76 GiB) copied, 2883 s, 28,4 MB/s
81757765632 bytes (82 GB, 76 GiB) copied, 2884 s, 28,3 MB/s
81776377856 bytes (82 GB, 76 GiB) copied, 2885 s, 28,3 MB/s
81794793472 bytes (82 GB, 76 GiB) copied, 2886 s, 28,3 MB/s
81813241856 bytes (82 GB, 76 GiB) copied, 2887 s, 28,3 MB/s
81833689088 bytes (82 GB, 76 GiB) copied, 2888 s, 28,3 MB/s
81853972480 bytes (82 GB, 76 GiB) copied, 2889 s, 28,3 MB/s
81872420864 bytes (82 GB, 76 GiB) copied, 2890 s, 28,3 MB/s
81890836480 bytes (82 GB, 76 GiB) copied, 2891 s, 28,3 MB/s
81909284864 bytes (82 GB, 76 GiB) copied, 2892 s, 28,3 MB/s
81928978432 bytes (82 GB, 76 GiB) copied, 2893 s, 28,3 MB/s
81948540928 bytes (82 GB, 76 GiB) copied, 2894 s, 28,3 MB/s
81967153152 bytes (82 GB, 76 GiB) copied, 2895 s, 28,3 MB/s
81985568768 bytes (82 GB, 76 GiB) copied, 2896 s, 28,3 MB/s
82004017152 bytes (82 GB, 76 GiB) copied, 2897 s, 28,3 MB/s
82022989824 bytes (82 GB, 76 GiB) copied, 2898 s, 28,3 MB/s
82041896960 bytes (82 GB, 76 GiB) copied, 2899 s, 28,3 MB/s
82060410880 bytes (82 GB, 76 GiB) copied, 2900 s, 28,3 MB/s
82078859264 bytes (82 GB, 76 GiB) copied, 2901 s, 28,3 MB/s
82097635328 bytes (82 GB, 76 GiB) copied, 2902 s, 28,3 MB/s
82117197824 bytes (82 GB, 76 GiB) copied, 2903 s, 28,3 MB/s
82136170496 bytes (82 GB, 76 GiB) copied, 2904 s, 28,3 MB/s
82156617728 bytes (82 GB, 77 GiB) copied, 2905 s, 28,3 MB/s
82176344064 bytes (82 GB, 77 GiB) copied, 2906 s, 28,3 MB/s
82194792448 bytes (82 GB, 77 GiB) copied, 2907 s, 28,3 MB/s
82213208064 bytes (82 GB, 77 GiB) copied, 2908 s, 28,3 MB/s
82232934400 bytes (82 GB, 77 GiB) copied, 2909 s, 28,3 MB/s
82253381632 bytes (82 GB, 77 GiB) copied, 2910 s, 28,3 MB/s
82272944128 bytes (82 GB, 77 GiB) copied, 2911 s, 28,3 MB/s
82291490816 bytes (82 GB, 77 GiB) copied, 2912 s, 28,3 MB/s
82309906432 bytes (82 GB, 77 GiB) copied, 2913 s, 28,3 MB/s
82328354816 bytes (82 GB, 77 GiB) copied, 2914 s, 28,3 MB/s
82347491328 bytes (82 GB, 77 GiB) copied, 2915 s, 28,2 MB/s
82367315968 bytes (82 GB, 77 GiB) copied, 2916 s, 28,2 MB/s
82385928192 bytes (82 GB, 77 GiB) copied, 2917 s, 28,2 MB/s
82404343808 bytes (82 GB, 77 GiB) copied, 2918 s, 28,2 MB/s
82422792192 bytes (82 GB, 77 GiB) copied, 2919 s, 28,2 MB/s
82441404416 bytes (82 GB, 77 GiB) copied, 2920 s, 28,2 MB/s
82459820032 bytes (82 GB, 77 GiB) copied, 2921 s, 28,2 MB/s
82478268416 bytes (82 GB, 77 GiB) copied, 2922 s, 28,2 MB/s
82496815104 bytes (82 GB, 77 GiB) copied, 2923 s, 28,2 MB/s
82515132416 bytes (83 GB, 77 GiB) copied, 2924 s, 28,2 MB/s
82533548032 bytes (83 GB, 77 GiB) copied, 2925 s, 28,2 MB/s
82553470976 bytes (83 GB, 77 GiB) copied, 2926 s, 28,2 MB/s
82572443648 bytes (83 GB, 77 GiB) copied, 2927 s, 28,2 MB/s
82590892032 bytes (83 GB, 77 GiB) copied, 2928 s, 28,2 MB/s
82609307648 bytes (83 GB, 77 GiB) copied, 2929 s, 28,2 MB/s
82627756032 bytes (83 GB, 77 GiB) copied, 2930 s, 28,2 MB/s
82646171648 bytes (83 GB, 77 GiB) copied, 2931 s, 28,2 MB/s
82664620032 bytes (83 GB, 77 GiB) copied, 2932 s, 28,2 MB/s
82683035648 bytes (83 GB, 77 GiB) copied, 2933 s, 28,2 MB/s
82701484032 bytes (83 GB, 77 GiB) copied, 2934 s, 28,2 MB/s
82719899648 bytes (83 GB, 77 GiB) copied, 2935 s, 28,2 MB/s
82738708480 bytes (83 GB, 77 GiB) copied, 2936 s, 28,2 MB/s
82758991872 bytes (83 GB, 77 GiB) copied, 2937 s, 28,2 MB/s
82779078656 bytes (83 GB, 77 GiB) copied, 2938 s, 28,2 MB/s
82797690880 bytes (83 GB, 77 GiB) copied, 2939 s, 28,2 MB/s
82816139264 bytes (83 GB, 77 GiB) copied, 2940 s, 28,2 MB/s
82834554880 bytes (83 GB, 77 GiB) copied, 2941 s, 28,2 MB/s
82853167104 bytes (83 GB, 77 GiB) copied, 2942 s, 28,2 MB/s
82871582720 bytes (83 GB, 77 GiB) copied, 2943 s, 28,2 MB/s
82890031104 bytes (83 GB, 77 GiB) copied, 2944 s, 28,2 MB/s
82908479488 bytes (83 GB, 77 GiB) copied, 2945 s, 28,2 MB/s
82926895104 bytes (83 GB, 77 GiB) copied, 2946 s, 28,1 MB/s
82945343488 bytes (83 GB, 77 GiB) copied, 2947 s, 28,1 MB/s
82965069824 bytes (83 GB, 77 GiB) copied, 2948 s, 28,1 MB/s
82984239104 bytes (83 GB, 77 GiB) copied, 2949 s, 28,1 MB/s
83002589184 bytes (83 GB, 77 GiB) copied, 2950 s, 28,1 MB/s
83021070336 bytes (83 GB, 77 GiB) copied, 2951 s, 28,1 MB/s
83039485952 bytes (83 GB, 77 GiB) copied, 2952 s, 28,1 MB/s
83057934336 bytes (83 GB, 77 GiB) copied, 2953 s, 28,1 MB/s
83078348800 bytes (83 GB, 77 GiB) copied, 2954 s, 28,1 MB/s
83097944064 bytes (83 GB, 77 GiB) copied, 2955 s, 28,1 MB/s
83116392448 bytes (83 GB, 77 GiB) copied, 2956 s, 28,1 MB/s
83134808064 bytes (83 GB, 77 GiB) copied, 2957 s, 28,1 MB/s
83153616896 bytes (83 GB, 77 GiB) copied, 2958 s, 28,1 MB/s
83172032512 bytes (83 GB, 77 GiB) copied, 2959 s, 28,1 MB/s
83190480896 bytes (83 GB, 77 GiB) copied, 2960 s, 28,1 MB/s
83208896512 bytes (83 GB, 77 GiB) copied, 2961 s, 28,1 MB/s
83227344896 bytes (83 GB, 78 GiB) copied, 2962 s, 28,1 MB/s
83245760512 bytes (83 GB, 78 GiB) copied, 2963 s, 28,1 MB/s
83264569344 bytes (83 GB, 78 GiB) copied, 2964 s, 28,1 MB/s
83285049344 bytes (83 GB, 78 GiB) copied, 2965 s, 28,1 MB/s
83305299968 bytes (83 GB, 78 GiB) copied, 2966 s, 28,1 MB/s
83323748352 bytes (83 GB, 78 GiB) copied, 2967 s, 28,1 MB/s
83342360576 bytes (83 GB, 78 GiB) copied, 2968 s, 28,1 MB/s
83360776192 bytes (83 GB, 78 GiB) copied, 2969 s, 28,1 MB/s
83380633600 bytes (83 GB, 78 GiB) copied, 2970 s, 28,1 MB/s
83399114752 bytes (83 GB, 78 GiB) copied, 2971 s, 28,1 MB/s
83417563136 bytes (83 GB, 78 GiB) copied, 2972 s, 28,1 MB/s
83435978752 bytes (83 GB, 78 GiB) copied, 2973 s, 28,1 MB/s
83454427136 bytes (83 GB, 78 GiB) copied, 2974 s, 28,1 MB/s
83473039360 bytes (83 GB, 78 GiB) copied, 2975 s, 28,1 MB/s
83492208640 bytes (83 GB, 78 GiB) copied, 2976 s, 28,1 MB/s
83510820864 bytes (84 GB, 78 GiB) copied, 2977 s, 28,1 MB/s
83529269248 bytes (84 GB, 78 GiB) copied, 2978 s, 28,0 MB/s
83547684864 bytes (84 GB, 78 GiB) copied, 2979 s, 28,0 MB/s
83566133248 bytes (84 GB, 78 GiB) copied, 2980 s, 28,0 MB/s
83585466368 bytes (84 GB, 78 GiB) copied, 2981 s, 28,0 MB/s
83604078592 bytes (84 GB, 78 GiB) copied, 2982 s, 28,0 MB/s
83622526976 bytes (84 GB, 78 GiB) copied, 2983 s, 28,0 MB/s
83640942592 bytes (84 GB, 78 GiB) copied, 2984 s, 28,0 MB/s
83659390976 bytes (84 GB, 78 GiB) copied, 2985 s, 28,0 MB/s
83677806592 bytes (84 GB, 78 GiB) copied, 2986 s, 28,0 MB/s
83697729536 bytes (84 GB, 78 GiB) copied, 2987 s, 28,0 MB/s
83718176768 bytes (84 GB, 78 GiB) copied, 2988 s, 28,0 MB/s
83736625152 bytes (84 GB, 78 GiB) copied, 2989 s, 28,0 MB/s
83755433984 bytes (84 GB, 78 GiB) copied, 2990 s, 28,0 MB/s
83773849600 bytes (84 GB, 78 GiB) copied, 2991 s, 28,0 MB/s
83793772544 bytes (84 GB, 78 GiB) copied, 2992 s, 28,0 MB/s
83813302272 bytes (84 GB, 78 GiB) copied, 2993 s, 28,0 MB/s
83831848960 bytes (84 GB, 78 GiB) copied, 2994 s, 28,0 MB/s
83850330112 bytes (84 GB, 78 GiB) copied, 2995 s, 28,0 MB/s
83868876800 bytes (84 GB, 78 GiB) copied, 2996 s, 28,0 MB/s
83887325184 bytes (84 GB, 78 GiB) copied, 2997 s, 28,0 MB/s
83907674112 bytes (84 GB, 78 GiB) copied, 2998 s, 28,0 MB/s
83926843392 bytes (84 GB, 78 GiB) copied, 2999 s, 28,0 MB/s
83945259008 bytes (84 GB, 78 GiB) copied, 3000 s, 28,0 MB/s
83964985344 bytes (84 GB, 78 GiB) copied, 3001 s, 28,0 MB/s
83985465344 bytes (84 GB, 78 GiB) copied, 3002 s, 28,0 MB/s
84004634624 bytes (84 GB, 78 GiB) copied, 3003 s, 28,0 MB/s
84023050240 bytes (84 GB, 78 GiB) copied, 3004 s, 28,0 MB/s
84041498624 bytes (84 GB, 78 GiB) copied, 3005 s, 28,0 MB/s
84059914240 bytes (84 GB, 78 GiB) copied, 3006 s, 28,0 MB/s
84078362624 bytes (84 GB, 78 GiB) copied, 3007 s, 28,0 MB/s
84096778240 bytes (84 GB, 78 GiB) copied, 3008 s, 28,0 MB/s
84115587072 bytes (84 GB, 78 GiB) copied, 3009 s, 28,0 MB/s
84136034304 bytes (84 GB, 78 GiB) copied, 3010 s, 28,0 MB/s
84155957248 bytes (84 GB, 78 GiB) copied, 3011 s, 27,9 MB/s
84174372864 bytes (84 GB, 78 GiB) copied, 3012 s, 27,9 MB/s
84192821248 bytes (84 GB, 78 GiB) copied, 3013 s, 27,9 MB/s
84211236864 bytes (84 GB, 78 GiB) copied, 3014 s, 27,9 MB/s
84229685248 bytes (84 GB, 78 GiB) copied, 3015 s, 27,9 MB/s
84250099712 bytes (84 GB, 78 GiB) copied, 3016 s, 27,9 MB/s
84269662208 bytes (84 GB, 78 GiB) copied, 3017 s, 27,9 MB/s
84288110592 bytes (84 GB, 78 GiB) copied, 3018 s, 27,9 MB/s
84306526208 bytes (84 GB, 79 GiB) copied, 3019 s, 27,9 MB/s
84324974592 bytes (84 GB, 79 GiB) copied, 3020 s, 27,9 MB/s
84343783424 bytes (84 GB, 79 GiB) copied, 3021 s, 27,9 MB/s
84362952704 bytes (84 GB, 79 GiB) copied, 3022 s, 27,9 MB/s
84381368320 bytes (84 GB, 79 GiB) copied, 3023 s, 27,9 MB/s
84400177152 bytes (84 GB, 79 GiB) copied, 3024 s, 27,9 MB/s
84418592768 bytes (84 GB, 79 GiB) copied, 3025 s, 27,9 MB/s
84437041152 bytes (84 GB, 79 GiB) copied, 3026 s, 27,9 MB/s
84457422848 bytes (84 GB, 79 GiB) copied, 3027 s, 27,9 MB/s
84477771776 bytes (84 GB, 79 GiB) copied, 3028 s, 27,9 MB/s
84496384000 bytes (84 GB, 79 GiB) copied, 3029 s, 27,9 MB/s
84514832384 bytes (85 GB, 79 GiB) copied, 3030 s, 27,9 MB/s
84533248000 bytes (85 GB, 79 GiB) copied, 3031 s, 27,9 MB/s
84552777728 bytes (85 GB, 79 GiB) copied, 3032 s, 27,9 MB/s
84572504064 bytes (85 GB, 79 GiB) copied, 3033 s, 27,9 MB/s
84591116288 bytes (85 GB, 79 GiB) copied, 3034 s, 27,9 MB/s
84609564672 bytes (85 GB, 79 GiB) copied, 3035 s, 27,9 MB/s
84627980288 bytes (85 GB, 79 GiB) copied, 3036 s, 27,9 MB/s
84646592512 bytes (85 GB, 79 GiB) copied, 3037 s, 27,9 MB/s
84667072512 bytes (85 GB, 79 GiB) copied, 3038 s, 27,9 MB/s
84685684736 bytes (85 GB, 79 GiB) copied, 3039 s, 27,9 MB/s
84704100352 bytes (85 GB, 79 GiB) copied, 3040 s, 27,9 MB/s
84722548736 bytes (85 GB, 79 GiB) copied, 3041 s, 27,9 MB/s
84741914624 bytes (85 GB, 79 GiB) copied, 3042 s, 27,9 MB/s
84762361856 bytes (85 GB, 79 GiB) copied, 3043 s, 27,9 MB/s
84781170688 bytes (85 GB, 79 GiB) copied, 3044 s, 27,9 MB/s
84799586304 bytes (85 GB, 79 GiB) copied, 3045 s, 27,8 MB/s
84818034688 bytes (85 GB, 79 GiB) copied, 3046 s, 27,8 MB/s
84836450304 bytes (85 GB, 79 GiB) copied, 3047 s, 27,8 MB/s
84855062528 bytes (85 GB, 79 GiB) copied, 3048 s, 27,8 MB/s
84873510912 bytes (85 GB, 79 GiB) copied, 3049 s, 27,8 MB/s
84891926528 bytes (85 GB, 79 GiB) copied, 3050 s, 27,8 MB/s
84910374912 bytes (85 GB, 79 GiB) copied, 3051 s, 27,8 MB/s
84928790528 bytes (85 GB, 79 GiB) copied, 3052 s, 27,8 MB/s
84947238912 bytes (85 GB, 79 GiB) copied, 3053 s, 27,8 MB/s
84967686144 bytes (85 GB, 79 GiB) copied, 3054 s, 27,8 MB/s
84987609088 bytes (85 GB, 79 GiB) copied, 3055 s, 27,8 MB/s
85006024704 bytes (85 GB, 79 GiB) copied, 3056 s, 27,8 MB/s
85024473088 bytes (85 GB, 79 GiB) copied, 3057 s, 27,8 MB/s
85042888704 bytes (85 GB, 79 GiB) copied, 3058 s, 27,8 MB/s
85061697536 bytes (85 GB, 79 GiB) copied, 3059 s, 27,8 MB/s
85082144768 bytes (85 GB, 79 GiB) copied, 3060 s, 27,8 MB/s
85101150208 bytes (85 GB, 79 GiB) copied, 3061 s, 27,8 MB/s
85119565824 bytes (85 GB, 79 GiB) copied, 3062 s, 27,8 MB/s
85138014208 bytes (85 GB, 79 GiB) copied, 3063 s, 27,8 MB/s
85156429824 bytes (85 GB, 79 GiB) copied, 3064 s, 27,8 MB/s
85176352768 bytes (85 GB, 79 GiB) copied, 3065 s, 27,8 MB/s
85196079104 bytes (85 GB, 79 GiB) copied, 3066 s, 27,8 MB/s
85214494720 bytes (85 GB, 79 GiB) copied, 3067 s, 27,8 MB/s
85232943104 bytes (85 GB, 79 GiB) copied, 3068 s, 27,8 MB/s
85251358720 bytes (85 GB, 79 GiB) copied, 3069 s, 27,8 MB/s
85269807104 bytes (85 GB, 79 GiB) copied, 3070 s, 27,8 MB/s
85290254336 bytes (85 GB, 79 GiB) copied, 3071 s, 27,8 MB/s
85309620224 bytes (85 GB, 79 GiB) copied, 3072 s, 27,8 MB/s
85328134144 bytes (85 GB, 79 GiB) copied, 3073 s, 27,8 MB/s
85346484224 bytes (85 GB, 79 GiB) copied, 3074 s, 27,8 MB/s
85365030912 bytes (85 GB, 80 GiB) copied, 3075 s, 27,8 MB/s
85384429568 bytes (85 GB, 80 GiB) copied, 3076 s, 27,8 MB/s
85402877952 bytes (85 GB, 80 GiB) copied, 3077 s, 27,8 MB/s
85421293568 bytes (85 GB, 80 GiB) copied, 3078 s, 27,8 MB/s
85439741952 bytes (85 GB, 80 GiB) copied, 3079 s, 27,7 MB/s
85458157568 bytes (85 GB, 80 GiB) copied, 3080 s, 27,7 MB/s
85478244352 bytes (85 GB, 80 GiB) copied, 3081 s, 27,7 MB/s
85497610240 bytes (85 GB, 80 GiB) copied, 3082 s, 27,7 MB/s
85516058624 bytes (86 GB, 80 GiB) copied, 3083 s, 27,7 MB/s
85534474240 bytes (86 GB, 80 GiB) copied, 3084 s, 27,7 MB/s
85552922624 bytes (86 GB, 80 GiB) copied, 3085 s, 27,7 MB/s
85571338240 bytes (86 GB, 80 GiB) copied, 3086 s, 27,7 MB/s
85591785472 bytes (86 GB, 80 GiB) copied, 3087 s, 27,7 MB/s
85611708416 bytes (86 GB, 80 GiB) copied, 3088 s, 27,7 MB/s
85630124032 bytes (86 GB, 80 GiB) copied, 3089 s, 27,7 MB/s
85648572416 bytes (86 GB, 80 GiB) copied, 3090 s, 27,7 MB/s
85666988032 bytes (86 GB, 80 GiB) copied, 3091 s, 27,7 MB/s
85686517760 bytes (86 GB, 80 GiB) copied, 3092 s, 27,7 MB/s
85706080256 bytes (86 GB, 80 GiB) copied, 3093 s, 27,7 MB/s
85724495872 bytes (86 GB, 80 GiB) copied, 3094 s, 27,7 MB/s
85742944256 bytes (86 GB, 80 GiB) copied, 3095 s, 27,7 MB/s
85761359872 bytes (86 GB, 80 GiB) copied, 3096 s, 27,7 MB/s
85780725760 bytes (86 GB, 80 GiB) copied, 3097 s, 27,7 MB/s
85800255488 bytes (86 GB, 80 GiB) copied, 3098 s, 27,7 MB/s
85818671104 bytes (86 GB, 80 GiB) copied, 3099 s, 27,7 MB/s
85837119488 bytes (86 GB, 80 GiB) copied, 3100 s, 27,7 MB/s
85855567872 bytes (86 GB, 80 GiB) copied, 3101 s, 27,7 MB/s
85873983488 bytes (86 GB, 80 GiB) copied, 3102 s, 27,7 MB/s
85894463488 bytes (86 GB, 80 GiB) copied, 3103 s, 27,7 MB/s
85914910720 bytes (86 GB, 80 GiB) copied, 3104 s, 27,7 MB/s
85933522944 bytes (86 GB, 80 GiB) copied, 3105 s, 27,7 MB/s
85951971328 bytes (86 GB, 80 GiB) copied, 3106 s, 27,7 MB/s
85970354176 bytes (86 GB, 80 GiB) copied, 3107 s, 27,7 MB/s
85989916672 bytes (86 GB, 80 GiB) copied, 3108 s, 27,7 MB/s
86008365056 bytes (86 GB, 80 GiB) copied, 3109 s, 27,7 MB/s
86026780672 bytes (86 GB, 80 GiB) copied, 3110 s, 27,7 MB/s
86045229056 bytes (86 GB, 80 GiB) copied, 3111 s, 27,7 MB/s
86063644672 bytes (86 GB, 80 GiB) copied, 3112 s, 27,7 MB/s
86082093056 bytes (86 GB, 80 GiB) copied, 3113 s, 27,7 MB/s
86101458944 bytes (86 GB, 80 GiB) copied, 3114 s, 27,6 MB/s
86121906176 bytes (86 GB, 80 GiB) copied, 3115 s, 27,6 MB/s
86142189568 bytes (86 GB, 80 GiB) copied, 3116 s, 27,6 MB/s
86160605184 bytes (86 GB, 80 GiB) copied, 3117 s, 27,6 MB/s
86179053568 bytes (86 GB, 80 GiB) copied, 3118 s, 27,6 MB/s
86197469184 bytes (86 GB, 80 GiB) copied, 3119 s, 27,6 MB/s
86217555968 bytes (86 GB, 80 GiB) copied, 3120 s, 27,6 MB/s
86236921856 bytes (86 GB, 80 GiB) copied, 3121 s, 27,6 MB/s
86255337472 bytes (86 GB, 80 GiB) copied, 3122 s, 27,6 MB/s
86273785856 bytes (86 GB, 80 GiB) copied, 3123 s, 27,6 MB/s
86292955136 bytes (86 GB, 80 GiB) copied, 3124 s, 27,6 MB/s
86312845312 bytes (86 GB, 80 GiB) copied, 3125 s, 27,6 MB/s
86331293696 bytes (86 GB, 80 GiB) copied, 3126 s, 27,6 MB/s
86349709312 bytes (86 GB, 80 GiB) copied, 3127 s, 27,6 MB/s
86368157696 bytes (86 GB, 80 GiB) copied, 3128 s, 27,6 MB/s
86386573312 bytes (86 GB, 80 GiB) copied, 3129 s, 27,6 MB/s
86405742592 bytes (86 GB, 80 GiB) copied, 3130 s, 27,6 MB/s
86426222592 bytes (86 GB, 80 GiB) copied, 3131 s, 27,6 MB/s
86445031424 bytes (86 GB, 81 GiB) copied, 3132 s, 27,6 MB/s
86463447040 bytes (86 GB, 81 GiB) copied, 3133 s, 27,6 MB/s
86481895424 bytes (86 GB, 81 GiB) copied, 3134 s, 27,6 MB/s
86500311040 bytes (87 GB, 81 GiB) copied, 3135 s, 27,6 MB/s
86518890496 bytes (87 GB, 81 GiB) copied, 3136 s, 27,6 MB/s
86539010048 bytes (87 GB, 81 GiB) copied, 3137 s, 27,6 MB/s
86557458432 bytes (87 GB, 81 GiB) copied, 3138 s, 27,6 MB/s
86575874048 bytes (87 GB, 81 GiB) copied, 3139 s, 27,6 MB/s
86594322432 bytes (87 GB, 81 GiB) copied, 3140 s, 27,6 MB/s
86612738048 bytes (87 GB, 81 GiB) copied, 3141 s, 27,6 MB/s
86631186432 bytes (87 GB, 81 GiB) copied, 3142 s, 27,6 MB/s
86649602048 bytes (87 GB, 81 GiB) copied, 3143 s, 27,6 MB/s
86668050432 bytes (87 GB, 81 GiB) copied, 3144 s, 27,6 MB/s
86686466048 bytes (87 GB, 81 GiB) copied, 3145 s, 27,6 MB/s
86705471488 bytes (87 GB, 81 GiB) copied, 3146 s, 27,6 MB/s
86725918720 bytes (87 GB, 81 GiB) copied, 3147 s, 27,6 MB/s
86746365952 bytes (87 GB, 81 GiB) copied, 3148 s, 27,6 MB/s
86766092288 bytes (87 GB, 81 GiB) copied, 3149 s, 27,6 MB/s
86784540672 bytes (87 GB, 81 GiB) copied, 3150 s, 27,6 MB/s
86802956288 bytes (87 GB, 81 GiB) copied, 3151 s, 27,5 MB/s
86821404672 bytes (87 GB, 81 GiB) copied, 3152 s, 27,5 MB/s
86841491456 bytes (87 GB, 81 GiB) copied, 3153 s, 27,5 MB/s
86860300288 bytes (87 GB, 81 GiB) copied, 3154 s, 27,5 MB/s
86878715904 bytes (87 GB, 81 GiB) copied, 3155 s, 27,5 MB/s
86897164288 bytes (87 GB, 81 GiB) copied, 3156 s, 27,5 MB/s
86915579904 bytes (87 GB, 81 GiB) copied, 3157 s, 27,5 MB/s
86935306240 bytes (87 GB, 81 GiB) copied, 3158 s, 27,5 MB/s
86955589632 bytes (87 GB, 81 GiB) copied, 3159 s, 27,5 MB/s
86974398464 bytes (87 GB, 81 GiB) copied, 3160 s, 27,5 MB/s
86992814080 bytes (87 GB, 81 GiB) copied, 3161 s, 27,5 MB/s
87011262464 bytes (87 GB, 81 GiB) copied, 3162 s, 27,5 MB/s
87031152640 bytes (87 GB, 81 GiB) copied, 3163 s, 27,5 MB/s
87050682368 bytes (87 GB, 81 GiB) copied, 3164 s, 27,5 MB/s
87069130752 bytes (87 GB, 81 GiB) copied, 3165 s, 27,5 MB/s
87087546368 bytes (87 GB, 81 GiB) copied, 3166 s, 27,5 MB/s
87105994752 bytes (87 GB, 81 GiB) copied, 3167 s, 27,5 MB/s
87124606976 bytes (87 GB, 81 GiB) copied, 3168 s, 27,5 MB/s
87143415808 bytes (87 GB, 81 GiB) copied, 3169 s, 27,5 MB/s
87161831424 bytes (87 GB, 81 GiB) copied, 3170 s, 27,5 MB/s
87180279808 bytes (87 GB, 81 GiB) copied, 3171 s, 27,5 MB/s
87198695424 bytes (87 GB, 81 GiB) copied, 3172 s, 27,5 MB/s
87217143808 bytes (87 GB, 81 GiB) copied, 3173 s, 27,5 MB/s
87236116480 bytes (87 GB, 81 GiB) copied, 3174 s, 27,5 MB/s
87256563712 bytes (87 GB, 81 GiB) copied, 3175 s, 27,5 MB/s
87276683264 bytes (87 GB, 81 GiB) copied, 3176 s, 27,5 MB/s
87295459328 bytes (87 GB, 81 GiB) copied, 3177 s, 27,5 MB/s
87313842176 bytes (87 GB, 81 GiB) copied, 3178 s, 27,5 MB/s
87332323328 bytes (87 GB, 81 GiB) copied, 3179 s, 27,5 MB/s
87352606720 bytes (87 GB, 81 GiB) copied, 3180 s, 27,5 MB/s
87372890112 bytes (87 GB, 81 GiB) copied, 3181 s, 27,5 MB/s
87391502336 bytes (87 GB, 81 GiB) copied, 3182 s, 27,5 MB/s
87409917952 bytes (87 GB, 81 GiB) copied, 3183 s, 27,5 MB/s
87428366336 bytes (87 GB, 81 GiB) copied, 3184 s, 27,5 MB/s
87447732224 bytes (87 GB, 81 GiB) copied, 3185 s, 27,5 MB/s
87467261952 bytes (87 GB, 81 GiB) copied, 3186 s, 27,5 MB/s
87485677568 bytes (87 GB, 81 GiB) copied, 3187 s, 27,5 MB/s
87504125952 bytes (88 GB, 81 GiB) copied, 3188 s, 27,4 MB/s
87522541568 bytes (88 GB, 82 GiB) copied, 3189 s, 27,4 MB/s
87541350400 bytes (88 GB, 82 GiB) copied, 3190 s, 27,4 MB/s
87561633792 bytes (88 GB, 82 GiB) copied, 3191 s, 27,4 MB/s
87580803072 bytes (88 GB, 82 GiB) copied, 3192 s, 27,4 MB/s
87599611904 bytes (88 GB, 82 GiB) copied, 3193 s, 27,4 MB/s
87618158592 bytes (88 GB, 82 GiB) copied, 3194 s, 27,4 MB/s
87636606976 bytes (88 GB, 82 GiB) copied, 3195 s, 27,4 MB/s
87656562688 bytes (88 GB, 82 GiB) copied, 3196 s, 27,4 MB/s
87676289024 bytes (88 GB, 82 GiB) copied, 3197 s, 27,4 MB/s
87694704640 bytes (88 GB, 82 GiB) copied, 3198 s, 27,4 MB/s
87713153024 bytes (88 GB, 82 GiB) copied, 3199 s, 27,4 MB/s
87731568640 bytes (88 GB, 82 GiB) copied, 3200 s, 27,4 MB/s
87750180864 bytes (88 GB, 82 GiB) copied, 3201 s, 27,4 MB/s
87768629248 bytes (88 GB, 82 GiB) copied, 3202 s, 27,4 MB/s
87787044864 bytes (88 GB, 82 GiB) copied, 3203 s, 27,4 MB/s
87805493248 bytes (88 GB, 82 GiB) copied, 3204 s, 27,4 MB/s
87823908864 bytes (88 GB, 82 GiB) copied, 3205 s, 27,4 MB/s
87842357248 bytes (88 GB, 82 GiB) copied, 3206 s, 27,4 MB/s
87862804480 bytes (88 GB, 82 GiB) copied, 3207 s, 27,4 MB/s
87883251712 bytes (88 GB, 82 GiB) copied, 3208 s, 27,4 MB/s
87902420992 bytes (88 GB, 82 GiB) copied, 3209 s, 27,4 MB/s
87921000448 bytes (88 GB, 82 GiB) copied, 3210 s, 27,4 MB/s
87939284992 bytes (88 GB, 82 GiB) copied, 3211 s, 27,4 MB/s
87957864448 bytes (88 GB, 82 GiB) copied, 3212 s, 27,4 MB/s
87976542208 bytes (88 GB, 82 GiB) copied, 3213 s, 27,4 MB/s
87994957824 bytes (88 GB, 82 GiB) copied, 3214 s, 27,4 MB/s
88013340672 bytes (88 GB, 82 GiB) copied, 3215 s, 27,4 MB/s
88031821824 bytes (88 GB, 82 GiB) copied, 3216 s, 27,4 MB/s
88050270208 bytes (88 GB, 82 GiB) copied, 3217 s, 27,4 MB/s
88070291456 bytes (88 GB, 82 GiB) copied, 3218 s, 27,4 MB/s
88089329664 bytes (88 GB, 82 GiB) copied, 3219 s, 27,4 MB/s
88107778048 bytes (88 GB, 82 GiB) copied, 3220 s, 27,4 MB/s
88126947328 bytes (88 GB, 82 GiB) copied, 3221 s, 27,4 MB/s
88145362944 bytes (88 GB, 82 GiB) copied, 3222 s, 27,4 MB/s
88164532224 bytes (88 GB, 82 GiB) copied, 3223 s, 27,4 MB/s
88184815616 bytes (88 GB, 82 GiB) copied, 3224 s, 27,4 MB/s
88203624448 bytes (88 GB, 82 GiB) copied, 3225 s, 27,3 MB/s
88222400512 bytes (88 GB, 82 GiB) copied, 3226 s, 27,3 MB/s
88240848896 bytes (88 GB, 82 GiB) copied, 3227 s, 27,3 MB/s
88260378624 bytes (88 GB, 82 GiB) copied, 3228 s, 27,3 MB/s
88279875584 bytes (88 GB, 82 GiB) copied, 3229 s, 27,3 MB/s
88298553344 bytes (88 GB, 82 GiB) copied, 3230 s, 27,3 MB/s
88316968960 bytes (88 GB, 82 GiB) copied, 3231 s, 27,3 MB/s
88335417344 bytes (88 GB, 82 GiB) copied, 3232 s, 27,3 MB/s
88353832960 bytes (88 GB, 82 GiB) copied, 3233 s, 27,3 MB/s
88373198848 bytes (88 GB, 82 GiB) copied, 3234 s, 27,3 MB/s
88393449472 bytes (88 GB, 82 GiB) copied, 3235 s, 27,3 MB/s
88412094464 bytes (88 GB, 82 GiB) copied, 3236 s, 27,3 MB/s
88430444544 bytes (88 GB, 82 GiB) copied, 3237 s, 27,3 MB/s
88448892928 bytes (88 GB, 82 GiB) copied, 3238 s, 27,3 MB/s
88467341312 bytes (88 GB, 82 GiB) copied, 3239 s, 27,3 MB/s
88486543360 bytes (88 GB, 82 GiB) copied, 3240 s, 27,3 MB/s
88505122816 bytes (89 GB, 82 GiB) copied, 3241 s, 27,3 MB/s
88523538432 bytes (89 GB, 82 GiB) copied, 3242 s, 27,3 MB/s
88541954048 bytes (89 GB, 82 GiB) copied, 3243 s, 27,3 MB/s
88560369664 bytes (89 GB, 82 GiB) copied, 3244 s, 27,3 MB/s
88578850816 bytes (89 GB, 82 GiB) copied, 3245 s, 27,3 MB/s
88597135360 bytes (89 GB, 83 GiB) copied, 3246 s, 27,3 MB/s
88615714816 bytes (89 GB, 83 GiB) copied, 3247 s, 27,3 MB/s
88634130432 bytes (89 GB, 83 GiB) copied, 3248 s, 27,3 MB/s
88652546048 bytes (89 GB, 83 GiB) copied, 3249 s, 27,3 MB/s
88670994432 bytes (89 GB, 83 GiB) copied, 3250 s, 27,3 MB/s
88689311744 bytes (89 GB, 83 GiB) copied, 3251 s, 27,3 MB/s
88707858432 bytes (89 GB, 83 GiB) copied, 3252 s, 27,3 MB/s
88726175744 bytes (89 GB, 83 GiB) copied, 3253 s, 27,3 MB/s
88744656896 bytes (89 GB, 83 GiB) copied, 3254 s, 27,3 MB/s
88763039744 bytes (89 GB, 83 GiB) copied, 3255 s, 27,3 MB/s
88781586432 bytes (89 GB, 83 GiB) copied, 3256 s, 27,3 MB/s
88800002048 bytes (89 GB, 83 GiB) copied, 3257 s, 27,3 MB/s
88818450432 bytes (89 GB, 83 GiB) copied, 3258 s, 27,3 MB/s
88836866048 bytes (89 GB, 83 GiB) copied, 3259 s, 27,3 MB/s
88855281664 bytes (89 GB, 83 GiB) copied, 3260 s, 27,3 MB/s
88873795584 bytes (89 GB, 83 GiB) copied, 3261 s, 27,3 MB/s
88892604416 bytes (89 GB, 83 GiB) copied, 3262 s, 27,3 MB/s
88911020032 bytes (89 GB, 83 GiB) copied, 3263 s, 27,2 MB/s
88929402880 bytes (89 GB, 83 GiB) copied, 3264 s, 27,2 MB/s
88947884032 bytes (89 GB, 83 GiB) copied, 3265 s, 27,2 MB/s
88966332416 bytes (89 GB, 83 GiB) copied, 3266 s, 27,2 MB/s
88984944640 bytes (89 GB, 83 GiB) copied, 3267 s, 27,2 MB/s
89003753472 bytes (89 GB, 83 GiB) copied, 3268 s, 27,2 MB/s
89022169088 bytes (89 GB, 83 GiB) copied, 3269 s, 27,2 MB/s
89040617472 bytes (89 GB, 83 GiB) copied, 3270 s, 27,2 MB/s
89059033088 bytes (89 GB, 83 GiB) copied, 3271 s, 27,2 MB/s
89077481472 bytes (89 GB, 83 GiB) copied, 3272 s, 27,2 MB/s
89095897088 bytes (89 GB, 83 GiB) copied, 3273 s, 27,2 MB/s
89115066368 bytes (89 GB, 83 GiB) copied, 3274 s, 27,2 MB/s
89133514752 bytes (89 GB, 83 GiB) copied, 3275 s, 27,2 MB/s
89151930368 bytes (89 GB, 83 GiB) copied, 3276 s, 27,2 MB/s
89170378752 bytes (89 GB, 83 GiB) copied, 3277 s, 27,2 MB/s
89188794368 bytes (89 GB, 83 GiB) copied, 3278 s, 27,2 MB/s
89207930880 bytes (89 GB, 83 GiB) copied, 3279 s, 27,2 MB/s
89227329536 bytes (89 GB, 83 GiB) copied, 3280 s, 27,2 MB/s
89245745152 bytes (89 GB, 83 GiB) copied, 3281 s, 27,2 MB/s
89264193536 bytes (89 GB, 83 GiB) copied, 3282 s, 27,2 MB/s
89282609152 bytes (89 GB, 83 GiB) copied, 3283 s, 27,2 MB/s
89301057536 bytes (89 GB, 83 GiB) copied, 3284 s, 27,2 MB/s
89319473152 bytes (89 GB, 83 GiB) copied, 3285 s, 27,2 MB/s
89337921536 bytes (89 GB, 83 GiB) copied, 3286 s, 27,2 MB/s
89356337152 bytes (89 GB, 83 GiB) copied, 3287 s, 27,2 MB/s
89374785536 bytes (89 GB, 83 GiB) copied, 3288 s, 27,2 MB/s
89393201152 bytes (89 GB, 83 GiB) copied, 3289 s, 27,2 MB/s
89411878912 bytes (89 GB, 83 GiB) copied, 3290 s, 27,2 MB/s
89431932928 bytes (89 GB, 83 GiB) copied, 3291 s, 27,2 MB/s
89451757568 bytes (89 GB, 83 GiB) copied, 3292 s, 27,2 MB/s
89469779968 bytes (89 GB, 83 GiB) copied, 3293 s, 27,2 MB/s
89487802368 bytes (89 GB, 83 GiB) copied, 3294 s, 27,2 MB/s
89505824768 bytes (90 GB, 83 GiB) copied, 3295 s, 27,2 MB/s
89523847168 bytes (90 GB, 83 GiB) copied, 3296 s, 27,2 MB/s
89541869568 bytes (90 GB, 83 GiB) copied, 3297 s, 27,2 MB/s
89559891968 bytes (90 GB, 83 GiB) copied, 3298 s, 27,2 MB/s
89577914368 bytes (90 GB, 83 GiB) copied, 3299 s, 27,2 MB/s
89595936768 bytes (90 GB, 83 GiB) copied, 3300 s, 27,2 MB/s
89615040512 bytes (90 GB, 83 GiB) copied, 3301 s, 27,1 MB/s
89634340864 bytes (90 GB, 83 GiB) copied, 3302 s, 27,1 MB/s
89652363264 bytes (90 GB, 83 GiB) copied, 3303 s, 27,1 MB/s
89670385664 bytes (90 GB, 84 GiB) copied, 3304 s, 27,1 MB/s
89688408064 bytes (90 GB, 84 GiB) copied, 3305 s, 27,1 MB/s
89706430464 bytes (90 GB, 84 GiB) copied, 3306 s, 27,1 MB/s
89725861888 bytes (90 GB, 84 GiB) copied, 3307 s, 27,1 MB/s
89745883136 bytes (90 GB, 84 GiB) copied, 3308 s, 27,1 MB/s
89765347328 bytes (90 GB, 84 GiB) copied, 3309 s, 27,1 MB/s
89783566336 bytes (90 GB, 84 GiB) copied, 3310 s, 27,1 MB/s
89801555968 bytes (90 GB, 84 GiB) copied, 3311 s, 27,1 MB/s
89819611136 bytes (90 GB, 84 GiB) copied, 3312 s, 27,1 MB/s
89837797376 bytes (90 GB, 84 GiB) copied, 3313 s, 27,1 MB/s
89856376832 bytes (90 GB, 84 GiB) copied, 3314 s, 27,1 MB/s
89874399232 bytes (90 GB, 84 GiB) copied, 3315 s, 27,1 MB/s
89892421632 bytes (90 GB, 84 GiB) copied, 3316 s, 27,1 MB/s
89910444032 bytes (90 GB, 84 GiB) copied, 3317 s, 27,1 MB/s
89928826880 bytes (90 GB, 84 GiB) copied, 3318 s, 27,1 MB/s
89947209728 bytes (90 GB, 84 GiB) copied, 3319 s, 27,1 MB/s
89965330432 bytes (90 GB, 84 GiB) copied, 3320 s, 27,1 MB/s
89983254528 bytes (90 GB, 84 GiB) copied, 3321 s, 27,1 MB/s
90001408000 bytes (90 GB, 84 GiB) copied, 3322 s, 27,1 MB/s
90019397632 bytes (90 GB, 84 GiB) copied, 3323 s, 27,1 MB/s
90038403072 bytes (90 GB, 84 GiB) copied, 3324 s, 27,1 MB/s
90058391552 bytes (90 GB, 84 GiB) copied, 3325 s, 27,1 MB/s
90076971008 bytes (90 GB, 84 GiB) copied, 3326 s, 27,1 MB/s
90095157248 bytes (90 GB, 84 GiB) copied, 3327 s, 27,1 MB/s
90113703936 bytes (90 GB, 84 GiB) copied, 3328 s, 27,1 MB/s
90132119552 bytes (90 GB, 84 GiB) copied, 3329 s, 27,1 MB/s
90152239104 bytes (90 GB, 84 GiB) copied, 3330 s, 27,1 MB/s
90171932672 bytes (90 GB, 84 GiB) copied, 3331 s, 27,1 MB/s
90189955072 bytes (90 GB, 84 GiB) copied, 3332 s, 27,1 MB/s
90207977472 bytes (90 GB, 84 GiB) copied, 3333 s, 27,1 MB/s
90225999872 bytes (90 GB, 84 GiB) copied, 3334 s, 27,1 MB/s
90244579328 bytes (90 GB, 84 GiB) copied, 3335 s, 27,1 MB/s
90264567808 bytes (90 GB, 84 GiB) copied, 3336 s, 27,1 MB/s
90284589056 bytes (90 GB, 84 GiB) copied, 3337 s, 27,1 MB/s
90303332352 bytes (90 GB, 84 GiB) copied, 3338 s, 27,1 MB/s
90321354752 bytes (90 GB, 84 GiB) copied, 3339 s, 27,1 MB/s
90339377152 bytes (90 GB, 84 GiB) copied, 3340 s, 27,0 MB/s
90358644736 bytes (90 GB, 84 GiB) copied, 3341 s, 27,0 MB/s
90378305536 bytes (90 GB, 84 GiB) copied, 3342 s, 27,0 MB/s
90396327936 bytes (90 GB, 84 GiB) copied, 3343 s, 27,0 MB/s
90414350336 bytes (90 GB, 84 GiB) copied, 3344 s, 27,0 MB/s
90432536576 bytes (90 GB, 84 GiB) copied, 3345 s, 27,0 MB/s
90450558976 bytes (90 GB, 84 GiB) copied, 3346 s, 27,0 MB/s
90469859328 bytes (90 GB, 84 GiB) copied, 3347 s, 27,0 MB/s
90488537088 bytes (90 GB, 84 GiB) copied, 3348 s, 27,0 MB/s
90506625024 bytes (91 GB, 84 GiB) copied, 3349 s, 27,0 MB/s
90524647424 bytes (91 GB, 84 GiB) copied, 3350 s, 27,0 MB/s
90542833664 bytes (91 GB, 84 GiB) copied, 3351 s, 27,0 MB/s
90561052672 bytes (91 GB, 84 GiB) copied, 3352 s, 27,0 MB/s
90579795968 bytes (91 GB, 84 GiB) copied, 3353 s, 27,0 MB/s
90598178816 bytes (91 GB, 84 GiB) copied, 3354 s, 27,0 MB/s
90616561664 bytes (91 GB, 84 GiB) copied, 3355 s, 27,0 MB/s
90635304960 bytes (91 GB, 84 GiB) copied, 3356 s, 27,0 MB/s
90653327360 bytes (91 GB, 84 GiB) copied, 3357 s, 27,0 MB/s
90673152000 bytes (91 GB, 84 GiB) copied, 3358 s, 27,0 MB/s
90693140480 bytes (91 GB, 84 GiB) copied, 3359 s, 27,0 MB/s
90712604672 bytes (91 GB, 84 GiB) copied, 3360 s, 27,0 MB/s
90730987520 bytes (91 GB, 84 GiB) copied, 3361 s, 27,0 MB/s
90749009920 bytes (91 GB, 85 GiB) copied, 3362 s, 27,0 MB/s
90767949824 bytes (91 GB, 85 GiB) copied, 3363 s, 27,0 MB/s
90787938304 bytes (91 GB, 85 GiB) copied, 3364 s, 27,0 MB/s
90806681600 bytes (91 GB, 85 GiB) copied, 3365 s, 27,0 MB/s
90824704000 bytes (91 GB, 85 GiB) copied, 3366 s, 27,0 MB/s
90842726400 bytes (91 GB, 85 GiB) copied, 3367 s, 27,0 MB/s
90860748800 bytes (91 GB, 85 GiB) copied, 3368 s, 27,0 MB/s
90879492096 bytes (91 GB, 85 GiB) copied, 3369 s, 27,0 MB/s
90897514496 bytes (91 GB, 85 GiB) copied, 3370 s, 27,0 MB/s
90915536896 bytes (91 GB, 85 GiB) copied, 3371 s, 27,0 MB/s
90933559296 bytes (91 GB, 85 GiB) copied, 3372 s, 27,0 MB/s
90951581696 bytes (91 GB, 85 GiB) copied, 3373 s, 27,0 MB/s
90971045888 bytes (91 GB, 85 GiB) copied, 3374 s, 27,0 MB/s
90989625344 bytes (91 GB, 85 GiB) copied, 3375 s, 27,0 MB/s
91007647744 bytes (91 GB, 85 GiB) copied, 3376 s, 27,0 MB/s
91025670144 bytes (91 GB, 85 GiB) copied, 3377 s, 27,0 MB/s
91043692544 bytes (91 GB, 85 GiB) copied, 3378 s, 27,0 MB/s
91062239232 bytes (91 GB, 85 GiB) copied, 3379 s, 26,9 MB/s
91082260480 bytes (91 GB, 85 GiB) copied, 3380 s, 26,9 MB/s
91102248960 bytes (91 GB, 85 GiB) copied, 3381 s, 26,9 MB/s
91120631808 bytes (91 GB, 85 GiB) copied, 3382 s, 26,9 MB/s
91138850816 bytes (91 GB, 85 GiB) copied, 3383 s, 26,9 MB/s
91156873216 bytes (91 GB, 85 GiB) copied, 3384 s, 26,9 MB/s
91175419904 bytes (91 GB, 85 GiB) copied, 3385 s, 26,9 MB/s
91195441152 bytes (91 GB, 85 GiB) copied, 3386 s, 26,9 MB/s
91214708736 bytes (91 GB, 85 GiB) copied, 3387 s, 26,9 MB/s
91232731136 bytes (91 GB, 85 GiB) copied, 3388 s, 26,9 MB/s
91250753536 bytes (91 GB, 85 GiB) copied, 3389 s, 26,9 MB/s
91268939776 bytes (91 GB, 85 GiB) copied, 3390 s, 26,9 MB/s
91288961024 bytes (91 GB, 85 GiB) copied, 3391 s, 26,9 MB/s
91308064768 bytes (91 GB, 85 GiB) copied, 3392 s, 26,9 MB/s
91326251008 bytes (91 GB, 85 GiB) copied, 3393 s, 26,9 MB/s
91344273408 bytes (91 GB, 85 GiB) copied, 3394 s, 26,9 MB/s
91362492416 bytes (91 GB, 85 GiB) copied, 3395 s, 26,9 MB/s
91380514816 bytes (91 GB, 85 GiB) copied, 3396 s, 26,9 MB/s
91400503296 bytes (91 GB, 85 GiB) copied, 3397 s, 26,9 MB/s
91419443200 bytes (91 GB, 85 GiB) copied, 3398 s, 26,9 MB/s
91437629440 bytes (91 GB, 85 GiB) copied, 3399 s, 26,9 MB/s
91455651840 bytes (91 GB, 85 GiB) copied, 3400 s, 26,9 MB/s
91473674240 bytes (91 GB, 85 GiB) copied, 3401 s, 26,9 MB/s
91492909056 bytes (91 GB, 85 GiB) copied, 3402 s, 26,9 MB/s
91512209408 bytes (92 GB, 85 GiB) copied, 3403 s, 26,9 MB/s
91530264576 bytes (92 GB, 85 GiB) copied, 3404 s, 26,9 MB/s
91548286976 bytes (92 GB, 85 GiB) copied, 3405 s, 26,9 MB/s
91566309376 bytes (92 GB, 85 GiB) copied, 3406 s, 26,9 MB/s
91585019904 bytes (92 GB, 85 GiB) copied, 3407 s, 26,9 MB/s
91605008384 bytes (92 GB, 85 GiB) copied, 3408 s, 26,9 MB/s
91623620608 bytes (92 GB, 85 GiB) copied, 3409 s, 26,9 MB/s
91642003456 bytes (92 GB, 85 GiB) copied, 3410 s, 26,9 MB/s
91660025856 bytes (92 GB, 85 GiB) copied, 3411 s, 26,9 MB/s
91678048256 bytes (92 GB, 85 GiB) copied, 3412 s, 26,9 MB/s
91697709056 bytes (92 GB, 85 GiB) copied, 3413 s, 26,9 MB/s
91717697536 bytes (92 GB, 85 GiB) copied, 3414 s, 26,9 MB/s
91736637440 bytes (92 GB, 85 GiB) copied, 3415 s, 26,9 MB/s
91754659840 bytes (92 GB, 85 GiB) copied, 3416 s, 26,9 MB/s
91772682240 bytes (92 GB, 85 GiB) copied, 3417 s, 26,9 MB/s
91791360000 bytes (92 GB, 85 GiB) copied, 3418 s, 26,9 MB/s
91811414016 bytes (92 GB, 86 GiB) copied, 3419 s, 26,9 MB/s
91831435264 bytes (92 GB, 86 GiB) copied, 3420 s, 26,9 MB/s
91851063296 bytes (92 GB, 86 GiB) copied, 3421 s, 26,8 MB/s
91869282304 bytes (92 GB, 86 GiB) copied, 3422 s, 26,8 MB/s
91887304704 bytes (92 GB, 86 GiB) copied, 3423 s, 26,8 MB/s
91906048000 bytes (92 GB, 86 GiB) copied, 3424 s, 26,8 MB/s
91925315584 bytes (92 GB, 86 GiB) copied, 3425 s, 26,8 MB/s
91943895040 bytes (92 GB, 86 GiB) copied, 3426 s, 26,8 MB/s
91962081280 bytes (92 GB, 86 GiB) copied, 3427 s, 26,8 MB/s
91980103680 bytes (92 GB, 86 GiB) copied, 3428 s, 26,8 MB/s
91999404032 bytes (92 GB, 86 GiB) copied, 3429 s, 26,8 MB/s
92017426432 bytes (92 GB, 86 GiB) copied, 3430 s, 26,8 MB/s
92035448832 bytes (92 GB, 86 GiB) copied, 3431 s, 26,8 MB/s
92053831680 bytes (92 GB, 86 GiB) copied, 3432 s, 26,8 MB/s
92071985152 bytes (92 GB, 86 GiB) copied, 3433 s, 26,8 MB/s
92090335232 bytes (92 GB, 86 GiB) copied, 3434 s, 26,8 MB/s
92110225408 bytes (92 GB, 86 GiB) copied, 3435 s, 26,8 MB/s
92130246656 bytes (92 GB, 86 GiB) copied, 3436 s, 26,8 MB/s
92149710848 bytes (92 GB, 86 GiB) copied, 3437 s, 26,8 MB/s
92167733248 bytes (92 GB, 86 GiB) copied, 3438 s, 26,8 MB/s
92186279936 bytes (92 GB, 86 GiB) copied, 3439 s, 26,8 MB/s
92205678592 bytes (92 GB, 86 GiB) copied, 3440 s, 26,8 MB/s
92224847872 bytes (92 GB, 86 GiB) copied, 3441 s, 26,8 MB/s
92243591168 bytes (92 GB, 86 GiB) copied, 3442 s, 26,8 MB/s
92262170624 bytes (92 GB, 86 GiB) copied, 3443 s, 26,8 MB/s
92280193024 bytes (92 GB, 86 GiB) copied, 3444 s, 26,8 MB/s
92298379264 bytes (92 GB, 86 GiB) copied, 3445 s, 26,8 MB/s
92317679616 bytes (92 GB, 86 GiB) copied, 3446 s, 26,8 MB/s
92337668096 bytes (92 GB, 86 GiB) copied, 3447 s, 26,8 MB/s
92356149248 bytes (92 GB, 86 GiB) copied, 3448 s, 26,8 MB/s
92374630400 bytes (92 GB, 86 GiB) copied, 3449 s, 26,8 MB/s
92393537536 bytes (92 GB, 86 GiB) copied, 3450 s, 26,8 MB/s
92411920384 bytes (92 GB, 86 GiB) copied, 3451 s, 26,8 MB/s
92431941632 bytes (92 GB, 86 GiB) copied, 3452 s, 26,8 MB/s
92451766272 bytes (92 GB, 86 GiB) copied, 3453 s, 26,8 MB/s
92470673408 bytes (92 GB, 86 GiB) copied, 3454 s, 26,8 MB/s
92489252864 bytes (92 GB, 86 GiB) copied, 3455 s, 26,8 MB/s
92507406336 bytes (93 GB, 86 GiB) copied, 3456 s, 26,8 MB/s
92526018560 bytes (93 GB, 86 GiB) copied, 3457 s, 26,8 MB/s
92546007040 bytes (93 GB, 86 GiB) copied, 3458 s, 26,8 MB/s
92565241856 bytes (93 GB, 86 GiB) copied, 3459 s, 26,8 MB/s
92583493632 bytes (93 GB, 86 GiB) copied, 3460 s, 26,8 MB/s
92601876480 bytes (93 GB, 86 GiB) copied, 3461 s, 26,8 MB/s
92620455936 bytes (93 GB, 86 GiB) copied, 3462 s, 26,8 MB/s
92640444416 bytes (93 GB, 86 GiB) copied, 3463 s, 26,8 MB/s
92659384320 bytes (93 GB, 86 GiB) copied, 3464 s, 26,7 MB/s
92677767168 bytes (93 GB, 86 GiB) copied, 3465 s, 26,7 MB/s
92696674304 bytes (93 GB, 86 GiB) copied, 3466 s, 26,7 MB/s
92715057152 bytes (93 GB, 86 GiB) copied, 3467 s, 26,7 MB/s
92734521344 bytes (93 GB, 86 GiB) copied, 3468 s, 26,7 MB/s
92753821696 bytes (93 GB, 86 GiB) copied, 3469 s, 26,7 MB/s
92772368384 bytes (93 GB, 86 GiB) copied, 3470 s, 26,7 MB/s
92790587392 bytes (93 GB, 86 GiB) copied, 3471 s, 26,7 MB/s
92808970240 bytes (93 GB, 86 GiB) copied, 3472 s, 26,7 MB/s
92827713536 bytes (93 GB, 86 GiB) copied, 3473 s, 26,7 MB/s
92847702016 bytes (93 GB, 86 GiB) copied, 3474 s, 26,7 MB/s
92867723264 bytes (93 GB, 86 GiB) copied, 3475 s, 26,7 MB/s
92887187456 bytes (93 GB, 87 GiB) copied, 3476 s, 26,7 MB/s
92905570304 bytes (93 GB, 87 GiB) copied, 3477 s, 26,7 MB/s
92923592704 bytes (93 GB, 87 GiB) copied, 3478 s, 26,7 MB/s
92943220736 bytes (93 GB, 87 GiB) copied, 3479 s, 26,7 MB/s
92963241984 bytes (93 GB, 87 GiB) copied, 3480 s, 26,7 MB/s
92982345728 bytes (93 GB, 87 GiB) copied, 3481 s, 26,7 MB/s
93000728576 bytes (93 GB, 87 GiB) copied, 3482 s, 26,7 MB/s
93020880896 bytes (93 GB, 87 GiB) copied, 3483 s, 26,7 MB/s
93039230976 bytes (93 GB, 87 GiB) copied, 3484 s, 26,7 MB/s
93057318912 bytes (93 GB, 87 GiB) copied, 3485 s, 26,7 MB/s
93075865600 bytes (93 GB, 87 GiB) copied, 3486 s, 26,7 MB/s
93094543360 bytes (93 GB, 87 GiB) copied, 3487 s, 26,7 MB/s
93112827904 bytes (93 GB, 87 GiB) copied, 3488 s, 26,7 MB/s
93130850304 bytes (93 GB, 87 GiB) copied, 3489 s, 26,7 MB/s
93149036544 bytes (93 GB, 87 GiB) copied, 3490 s, 26,7 MB/s
93167058944 bytes (93 GB, 87 GiB) copied, 3491 s, 26,7 MB/s
93186981888 bytes (93 GB, 87 GiB) copied, 3492 s, 26,7 MB/s
93207068672 bytes (93 GB, 87 GiB) copied, 3493 s, 26,7 MB/s
93226172416 bytes (93 GB, 87 GiB) copied, 3494 s, 26,7 MB/s
93244555264 bytes (93 GB, 87 GiB) copied, 3495 s, 26,7 MB/s
93263134720 bytes (93 GB, 87 GiB) copied, 3496 s, 26,7 MB/s
93282041856 bytes (93 GB, 87 GiB) copied, 3497 s, 26,7 MB/s
93302063104 bytes (93 GB, 87 GiB) copied, 3498 s, 26,7 MB/s
93320970240 bytes (93 GB, 87 GiB) copied, 3499 s, 26,7 MB/s
93338992640 bytes (93 GB, 87 GiB) copied, 3500 s, 26,7 MB/s
93357146112 bytes (93 GB, 87 GiB) copied, 3501 s, 26,7 MB/s
93375168512 bytes (93 GB, 87 GiB) copied, 3502 s, 26,7 MB/s
93394337792 bytes (93 GB, 87 GiB) copied, 3503 s, 26,7 MB/s
93414326272 bytes (93 GB, 87 GiB) copied, 3504 s, 26,7 MB/s
93434347520 bytes (93 GB, 87 GiB) copied, 3505 s, 26,7 MB/s
93452730368 bytes (93 GB, 87 GiB) copied, 3506 s, 26,7 MB/s
93471244288 bytes (93 GB, 87 GiB) copied, 3507 s, 26,7 MB/s
93489233920 bytes (93 GB, 87 GiB) copied, 3508 s, 26,7 MB/s
93508960256 bytes (94 GB, 87 GiB) copied, 3509 s, 26,6 MB/s
93528752128 bytes (94 GB, 87 GiB) copied, 3510 s, 26,6 MB/s
93546971136 bytes (94 GB, 87 GiB) copied, 3511 s, 26,6 MB/s
93564993536 bytes (94 GB, 87 GiB) copied, 3512 s, 26,6 MB/s
93583015936 bytes (94 GB, 87 GiB) copied, 3513 s, 26,6 MB/s
93602414592 bytes (94 GB, 87 GiB) copied, 3514 s, 26,6 MB/s
93622435840 bytes (94 GB, 87 GiB) copied, 3515 s, 26,6 MB/s
93642129408 bytes (94 GB, 87 GiB) copied, 3516 s, 26,6 MB/s
93660708864 bytes (94 GB, 87 GiB) copied, 3517 s, 26,6 MB/s
93678731264 bytes (94 GB, 87 GiB) copied, 3518 s, 26,6 MB/s
93697277952 bytes (94 GB, 87 GiB) copied, 3519 s, 26,6 MB/s
93717463040 bytes (94 GB, 87 GiB) copied, 3520 s, 26,6 MB/s
93737484288 bytes (94 GB, 87 GiB) copied, 3521 s, 26,6 MB/s
93756391424 bytes (94 GB, 87 GiB) copied, 3522 s, 26,6 MB/s
93774675968 bytes (94 GB, 87 GiB) copied, 3523 s, 26,6 MB/s
93792993280 bytes (94 GB, 87 GiB) copied, 3524 s, 26,6 MB/s
93811539968 bytes (94 GB, 87 GiB) copied, 3525 s, 26,6 MB/s
93831561216 bytes (94 GB, 87 GiB) copied, 3526 s, 26,6 MB/s
93851549696 bytes (94 GB, 87 GiB) copied, 3527 s, 26,6 MB/s
93869932544 bytes (94 GB, 87 GiB) copied, 3528 s, 26,6 MB/s
93887954944 bytes (94 GB, 87 GiB) copied, 3529 s, 26,6 MB/s
93907058688 bytes (94 GB, 87 GiB) copied, 3530 s, 26,6 MB/s
93926490112 bytes (94 GB, 87 GiB) copied, 3531 s, 26,6 MB/s
93944545280 bytes (94 GB, 87 GiB) copied, 3532 s, 26,6 MB/s
93962567680 bytes (94 GB, 88 GiB) copied, 3533 s, 26,6 MB/s
93980590080 bytes (94 GB, 88 GiB) copied, 3534 s, 26,6 MB/s
93998612480 bytes (94 GB, 88 GiB) copied, 3535 s, 26,6 MB/s
94017912832 bytes (94 GB, 88 GiB) copied, 3536 s, 26,6 MB/s
94037901312 bytes (94 GB, 88 GiB) copied, 3537 s, 26,6 MB/s
94056972288 bytes (94 GB, 88 GiB) copied, 3538 s, 26,6 MB/s
94075027456 bytes (94 GB, 88 GiB) copied, 3539 s, 26,6 MB/s
94093737984 bytes (94 GB, 88 GiB) copied, 3540 s, 26,6 MB/s
94112153600 bytes (94 GB, 88 GiB) copied, 3541 s, 26,6 MB/s
94132174848 bytes (94 GB, 88 GiB) copied, 3542 s, 26,6 MB/s
94152163328 bytes (94 GB, 88 GiB) copied, 3543 s, 26,6 MB/s
94171987968 bytes (94 GB, 88 GiB) copied, 3544 s, 26,6 MB/s
94190141440 bytes (94 GB, 88 GiB) copied, 3545 s, 26,6 MB/s
94208098304 bytes (94 GB, 88 GiB) copied, 3546 s, 26,6 MB/s
94227136512 bytes (94 GB, 88 GiB) copied, 3547 s, 26,6 MB/s
94247157760 bytes (94 GB, 88 GiB) copied, 3548 s, 26,6 MB/s
94266982400 bytes (94 GB, 88 GiB) copied, 3549 s, 26,6 MB/s
94285168640 bytes (94 GB, 88 GiB) copied, 3550 s, 26,6 MB/s
94303551488 bytes (94 GB, 88 GiB) copied, 3551 s, 26,6 MB/s
94321934336 bytes (94 GB, 88 GiB) copied, 3552 s, 26,6 MB/s
94341955584 bytes (94 GB, 88 GiB) copied, 3553 s, 26,6 MB/s
94361944064 bytes (94 GB, 88 GiB) copied, 3554 s, 26,6 MB/s
94380523520 bytes (94 GB, 88 GiB) copied, 3555 s, 26,5 MB/s
94398840832 bytes (94 GB, 88 GiB) copied, 3556 s, 26,5 MB/s
94416928768 bytes (94 GB, 88 GiB) copied, 3557 s, 26,5 MB/s
94436032512 bytes (94 GB, 88 GiB) copied, 3558 s, 26,5 MB/s
94454415360 bytes (94 GB, 88 GiB) copied, 3559 s, 26,5 MB/s
94472437760 bytes (94 GB, 88 GiB) copied, 3560 s, 26,5 MB/s
94490460160 bytes (94 GB, 88 GiB) copied, 3561 s, 26,5 MB/s
94508482560 bytes (95 GB, 88 GiB) copied, 3562 s, 26,5 MB/s
94527946752 bytes (95 GB, 88 GiB) copied, 3563 s, 26,5 MB/s
94547771392 bytes (95 GB, 88 GiB) copied, 3564 s, 26,5 MB/s
94565957632 bytes (95 GB, 88 GiB) copied, 3565 s, 26,5 MB/s
94583980032 bytes (95 GB, 88 GiB) copied, 3566 s, 26,5 MB/s
94602002432 bytes (95 GB, 88 GiB) copied, 3567 s, 26,5 MB/s
94620024832 bytes (95 GB, 88 GiB) copied, 3568 s, 26,5 MB/s
94638047232 bytes (95 GB, 88 GiB) copied, 3569 s, 26,5 MB/s
94656790528 bytes (95 GB, 88 GiB) copied, 3570 s, 26,5 MB/s
94674812928 bytes (95 GB, 88 GiB) copied, 3571 s, 26,5 MB/s
94692835328 bytes (95 GB, 88 GiB) copied, 3572 s, 26,5 MB/s
94710857728 bytes (95 GB, 88 GiB) copied, 3573 s, 26,5 MB/s
94728880128 bytes (95 GB, 88 GiB) copied, 3574 s, 26,5 MB/s
94747820032 bytes (95 GB, 88 GiB) copied, 3575 s, 26,5 MB/s
94766006272 bytes (95 GB, 88 GiB) copied, 3576 s, 26,5 MB/s
94784028672 bytes (95 GB, 88 GiB) copied, 3577 s, 26,5 MB/s
94802051072 bytes (95 GB, 88 GiB) copied, 3578 s, 26,5 MB/s
94820073472 bytes (95 GB, 88 GiB) copied, 3579 s, 26,5 MB/s
94838095872 bytes (95 GB, 88 GiB) copied, 3580 s, 26,5 MB/s
94857756672 bytes (95 GB, 88 GiB) copied, 3581 s, 26,5 MB/s
94876303360 bytes (95 GB, 88 GiB) copied, 3582 s, 26,5 MB/s
94894522368 bytes (95 GB, 88 GiB) copied, 3583 s, 26,5 MB/s
94912544768 bytes (95 GB, 88 GiB) copied, 3584 s, 26,5 MB/s
94930567168 bytes (95 GB, 88 GiB) copied, 3585 s, 26,5 MB/s
94948589568 bytes (95 GB, 88 GiB) copied, 3586 s, 26,5 MB/s
94966972416 bytes (95 GB, 88 GiB) copied, 3587 s, 26,5 MB/s
94984994816 bytes (95 GB, 88 GiB) copied, 3588 s, 26,5 MB/s
95003017216 bytes (95 GB, 88 GiB) copied, 3589 s, 26,5 MB/s
95021039616 bytes (95 GB, 88 GiB) copied, 3590 s, 26,5 MB/s
95039062016 bytes (95 GB, 89 GiB) copied, 3591 s, 26,5 MB/s
95057248256 bytes (95 GB, 89 GiB) copied, 3592 s, 26,5 MB/s
95075270656 bytes (95 GB, 89 GiB) copied, 3593 s, 26,5 MB/s
95093293056 bytes (95 GB, 89 GiB) copied, 3594 s, 26,5 MB/s
95111315456 bytes (95 GB, 89 GiB) copied, 3595 s, 26,5 MB/s
95129337856 bytes (95 GB, 89 GiB) copied, 3596 s, 26,5 MB/s
95147360256 bytes (95 GB, 89 GiB) copied, 3597 s, 26,5 MB/s
95166660608 bytes (95 GB, 89 GiB) copied, 3598 s, 26,4 MB/s
95185403904 bytes (95 GB, 89 GiB) copied, 3599 s, 26,4 MB/s
95203426304 bytes (95 GB, 89 GiB) copied, 3600 s, 26,4 MB/s
95221448704 bytes (95 GB, 89 GiB) copied, 3601 s, 26,4 MB/s
95239471104 bytes (95 GB, 89 GiB) copied, 3602 s, 26,4 MB/s
95258017792 bytes (95 GB, 89 GiB) copied, 3603 s, 26,4 MB/s
95278039040 bytes (95 GB, 89 GiB) copied, 3604 s, 26,4 MB/s
95296782336 bytes (95 GB, 89 GiB) copied, 3605 s, 26,4 MB/s
95314804736 bytes (95 GB, 89 GiB) copied, 3606 s, 26,4 MB/s
95332958208 bytes (95 GB, 89 GiB) copied, 3607 s, 26,4 MB/s
95351013376 bytes (95 GB, 89 GiB) copied, 3608 s, 26,4 MB/s
95369035776 bytes (95 GB, 89 GiB) copied, 3609 s, 26,4 MB/s
95388696576 bytes (95 GB, 89 GiB) copied, 3610 s, 26,4 MB/s
95407079424 bytes (95 GB, 89 GiB) copied, 3611 s, 26,4 MB/s
95425265664 bytes (95 GB, 89 GiB) copied, 3612 s, 26,4 MB/s
95443288064 bytes (95 GB, 89 GiB) copied, 3613 s, 26,4 MB/s
95461310464 bytes (95 GB, 89 GiB) copied, 3614 s, 26,4 MB/s
95480053760 bytes (95 GB, 89 GiB) copied, 3615 s, 26,4 MB/s
95498764288 bytes (95 GB, 89 GiB) copied, 3616 s, 26,4 MB/s
95516950528 bytes (96 GB, 89 GiB) copied, 3617 s, 26,4 MB/s
95534972928 bytes (96 GB, 89 GiB) copied, 3618 s, 26,4 MB/s
95552995328 bytes (96 GB, 89 GiB) copied, 3619 s, 26,4 MB/s
95571017728 bytes (96 GB, 89 GiB) copied, 3620 s, 26,4 MB/s
95588909056 bytes (96 GB, 89 GiB) copied, 3621 s, 26,4 MB/s
95606931456 bytes (96 GB, 89 GiB) copied, 3622 s, 26,4 MB/s
95624953856 bytes (96 GB, 89 GiB) copied, 3623 s, 26,4 MB/s
95643107328 bytes (96 GB, 89 GiB) copied, 3624 s, 26,4 MB/s
95660998656 bytes (96 GB, 89 GiB) copied, 3625 s, 26,4 MB/s
95680659456 bytes (96 GB, 89 GiB) copied, 3626 s, 26,4 MB/s
95699927040 bytes (96 GB, 89 GiB) copied, 3627 s, 26,4 MB/s
95718309888 bytes (96 GB, 89 GiB) copied, 3628 s, 26,4 MB/s
95736332288 bytes (96 GB, 89 GiB) copied, 3629 s, 26,4 MB/s
95754354688 bytes (96 GB, 89 GiB) copied, 3630 s, 26,4 MB/s
95772377088 bytes (96 GB, 89 GiB) copied, 3631 s, 26,4 MB/s
95791251456 bytes (96 GB, 89 GiB) copied, 3632 s, 26,4 MB/s
95809339392 bytes (96 GB, 89 GiB) copied, 3633 s, 26,4 MB/s
95827361792 bytes (96 GB, 89 GiB) copied, 3634 s, 26,4 MB/s
95845384192 bytes (96 GB, 89 GiB) copied, 3635 s, 26,4 MB/s
95863406592 bytes (96 GB, 89 GiB) copied, 3636 s, 26,4 MB/s
95881723904 bytes (96 GB, 89 GiB) copied, 3637 s, 26,4 MB/s
95901777920 bytes (96 GB, 89 GiB) copied, 3638 s, 26,4 MB/s
95920062464 bytes (96 GB, 89 GiB) copied, 3639 s, 26,4 MB/s
95938019328 bytes (96 GB, 89 GiB) copied, 3640 s, 26,4 MB/s
95956041728 bytes (96 GB, 89 GiB) copied, 3641 s, 26,4 MB/s
95974195200 bytes (96 GB, 89 GiB) copied, 3642 s, 26,4 MB/s
95992086528 bytes (96 GB, 89 GiB) copied, 3643 s, 26,3 MB/s
96010207232 bytes (96 GB, 89 GiB) copied, 3644 s, 26,3 MB/s
96028262400 bytes (96 GB, 89 GiB) copied, 3645 s, 26,3 MB/s
96046284800 bytes (96 GB, 89 GiB) copied, 3646 s, 26,3 MB/s
96064307200 bytes (96 GB, 89 GiB) copied, 3647 s, 26,3 MB/s
96082329600 bytes (96 GB, 89 GiB) copied, 3648 s, 26,3 MB/s
96100319232 bytes (96 GB, 90 GiB) copied, 3649 s, 26,3 MB/s
96118243328 bytes (96 GB, 90 GiB) copied, 3650 s, 26,3 MB/s
96136396800 bytes (96 GB, 90 GiB) copied, 3651 s, 26,3 MB/s
96154419200 bytes (96 GB, 90 GiB) copied, 3652 s, 26,3 MB/s
96172310528 bytes (96 GB, 90 GiB) copied, 3653 s, 26,3 MB/s
96190332928 bytes (96 GB, 90 GiB) copied, 3654 s, 26,3 MB/s
96209043456 bytes (96 GB, 90 GiB) copied, 3655 s, 26,3 MB/s
96229064704 bytes (96 GB, 90 GiB) copied, 3656 s, 26,3 MB/s
96248889344 bytes (96 GB, 90 GiB) copied, 3657 s, 26,3 MB/s
96267108352 bytes (96 GB, 90 GiB) copied, 3658 s, 26,3 MB/s
96285130752 bytes (96 GB, 90 GiB) copied, 3659 s, 26,3 MB/s
96303153152 bytes (96 GB, 90 GiB) copied, 3660 s, 26,3 MB/s
96322617344 bytes (96 GB, 90 GiB) copied, 3661 s, 26,3 MB/s
96341524480 bytes (96 GB, 90 GiB) copied, 3662 s, 26,3 MB/s
96359546880 bytes (96 GB, 90 GiB) copied, 3663 s, 26,3 MB/s
96377569280 bytes (96 GB, 90 GiB) copied, 3664 s, 26,3 MB/s
96395591680 bytes (96 GB, 90 GiB) copied, 3665 s, 26,3 MB/s
96413614080 bytes (96 GB, 90 GiB) copied, 3666 s, 26,3 MB/s
96433012736 bytes (96 GB, 90 GiB) copied, 3667 s, 26,3 MB/s
96451657728 bytes (96 GB, 90 GiB) copied, 3668 s, 26,3 MB/s
96469680128 bytes (96 GB, 90 GiB) copied, 3669 s, 26,3 MB/s
96487702528 bytes (96 GB, 90 GiB) copied, 3670 s, 26,3 MB/s
96505724928 bytes (97 GB, 90 GiB) copied, 3671 s, 26,3 MB/s
96523878400 bytes (97 GB, 90 GiB) copied, 3672 s, 26,3 MB/s
96542294016 bytes (97 GB, 90 GiB) copied, 3673 s, 26,3 MB/s
96560316416 bytes (97 GB, 90 GiB) copied, 3674 s, 26,3 MB/s
96578338816 bytes (97 GB, 90 GiB) copied, 3675 s, 26,3 MB/s
96596361216 bytes (97 GB, 90 GiB) copied, 3676 s, 26,3 MB/s
96614383616 bytes (97 GB, 90 GiB) copied, 3677 s, 26,3 MB/s
96632406016 bytes (97 GB, 90 GiB) copied, 3678 s, 26,3 MB/s
96650428416 bytes (97 GB, 90 GiB) copied, 3679 s, 26,3 MB/s
96668647424 bytes (97 GB, 90 GiB) copied, 3680 s, 26,3 MB/s
96686669824 bytes (97 GB, 90 GiB) copied, 3681 s, 26,3 MB/s
96704692224 bytes (97 GB, 90 GiB) copied, 3682 s, 26,3 MB/s
96723075072 bytes (97 GB, 90 GiB) copied, 3683 s, 26,3 MB/s
96742342656 bytes (97 GB, 90 GiB) copied, 3684 s, 26,3 MB/s
96760365056 bytes (97 GB, 90 GiB) copied, 3685 s, 26,3 MB/s
96778387456 bytes (97 GB, 90 GiB) copied, 3686 s, 26,3 MB/s
96796409856 bytes (97 GB, 90 GiB) copied, 3687 s, 26,3 MB/s
96814432256 bytes (97 GB, 90 GiB) copied, 3688 s, 26,3 MB/s
96834224128 bytes (97 GB, 90 GiB) copied, 3689 s, 26,2 MB/s
96853721088 bytes (97 GB, 90 GiB) copied, 3690 s, 26,2 MB/s
96871743488 bytes (97 GB, 90 GiB) copied, 3691 s, 26,2 MB/s
96889765888 bytes (97 GB, 90 GiB) copied, 3692 s, 26,2 MB/s
96907788288 bytes (97 GB, 90 GiB) copied, 3693 s, 26,2 MB/s
96925810688 bytes (97 GB, 90 GiB) copied, 3694 s, 26,2 MB/s
96943833088 bytes (97 GB, 90 GiB) copied, 3695 s, 26,2 MB/s
96961855488 bytes (97 GB, 90 GiB) copied, 3696 s, 26,2 MB/s
96979877888 bytes (97 GB, 90 GiB) copied, 3697 s, 26,2 MB/s
96997900288 bytes (97 GB, 90 GiB) copied, 3698 s, 26,2 MB/s
97015922688 bytes (97 GB, 90 GiB) copied, 3699 s, 26,2 MB/s
97035943936 bytes (97 GB, 90 GiB) copied, 3700 s, 26,2 MB/s
97055047680 bytes (97 GB, 90 GiB) copied, 3701 s, 26,2 MB/s
97073070080 bytes (97 GB, 90 GiB) copied, 3702 s, 26,2 MB/s
97091092480 bytes (97 GB, 90 GiB) copied, 3703 s, 26,2 MB/s
97109114880 bytes (97 GB, 90 GiB) copied, 3704 s, 26,2 MB/s
97127137280 bytes (97 GB, 90 GiB) copied, 3705 s, 26,2 MB/s
97146044416 bytes (97 GB, 90 GiB) copied, 3706 s, 26,2 MB/s
97165148160 bytes (97 GB, 90 GiB) copied, 3707 s, 26,2 MB/s
97183170560 bytes (97 GB, 91 GiB) copied, 3708 s, 26,2 MB/s
97201192960 bytes (97 GB, 91 GiB) copied, 3709 s, 26,2 MB/s
97219215360 bytes (97 GB, 91 GiB) copied, 3710 s, 26,2 MB/s
97237598208 bytes (97 GB, 91 GiB) copied, 3711 s, 26,2 MB/s
97257422848 bytes (97 GB, 91 GiB) copied, 3712 s, 26,2 MB/s
97275641856 bytes (97 GB, 91 GiB) copied, 3713 s, 26,2 MB/s
97293795328 bytes (97 GB, 91 GiB) copied, 3714 s, 26,2 MB/s
97311686656 bytes (97 GB, 91 GiB) copied, 3715 s, 26,2 MB/s
97329840128 bytes (97 GB, 91 GiB) copied, 3716 s, 26,2 MB/s
97347731456 bytes (97 GB, 91 GiB) copied, 3717 s, 26,2 MB/s
97367556096 bytes (97 GB, 91 GiB) copied, 3718 s, 26,2 MB/s
97385938944 bytes (97 GB, 91 GiB) copied, 3719 s, 26,2 MB/s
97403961344 bytes (97 GB, 91 GiB) copied, 3720 s, 26,2 MB/s
97421983744 bytes (97 GB, 91 GiB) copied, 3721 s, 26,2 MB/s
97440006144 bytes (97 GB, 91 GiB) copied, 3722 s, 26,2 MB/s
97458028544 bytes (97 GB, 91 GiB) copied, 3723 s, 26,2 MB/s
97476050944 bytes (97 GB, 91 GiB) copied, 3724 s, 26,2 MB/s
97494073344 bytes (97 GB, 91 GiB) copied, 3725 s, 26,2 MB/s
97512095744 bytes (98 GB, 91 GiB) copied, 3726 s, 26,2 MB/s
97530118144 bytes (98 GB, 91 GiB) copied, 3727 s, 26,2 MB/s
97550303232 bytes (98 GB, 91 GiB) copied, 3728 s, 26,2 MB/s
97572651008 bytes (98 GB, 91 GiB) copied, 3729 s, 26,2 MB/s
97595162624 bytes (98 GB, 91 GiB) copied, 3730 s, 26,2 MB/s
97618001920 bytes (98 GB, 91 GiB) copied, 3731 s, 26,2 MB/s
97641168896 bytes (98 GB, 91 GiB) copied, 3732 s, 26,2 MB/s
97664827392 bytes (98 GB, 91 GiB) copied, 3733 s, 26,2 MB/s
97688879104 bytes (98 GB, 91 GiB) copied, 3734 s, 26,2 MB/s
97714176000 bytes (98 GB, 91 GiB) copied, 3735 s, 26,2 MB/s
97739210752 bytes (98 GB, 91 GiB) copied, 3736 s, 26,2 MB/s
97764737024 bytes (98 GB, 91 GiB) copied, 3737 s, 26,2 MB/s
97790328832 bytes (98 GB, 91 GiB) copied, 3738 s, 26,2 MB/s
97813561344 bytes (98 GB, 91 GiB) copied, 3739 s, 26,2 MB/s
97836335104 bytes (98 GB, 91 GiB) copied, 3740 s, 26,2 MB/s
97859141632 bytes (98 GB, 91 GiB) copied, 3741 s, 26,2 MB/s
97881882624 bytes (98 GB, 91 GiB) copied, 3742 s, 26,2 MB/s
97904623616 bytes (98 GB, 91 GiB) copied, 3743 s, 26,2 MB/s
97925103616 bytes (98 GB, 91 GiB) copied, 3744 s, 26,2 MB/s
97945583616 bytes (98 GB, 91 GiB) copied, 3745 s, 26,2 MB/s
97966063616 bytes (98 GB, 91 GiB) copied, 3746 s, 26,2 MB/s
97986478080 bytes (98 GB, 91 GiB) copied, 3747 s, 26,2 MB/s
98006564864 bytes (98 GB, 91 GiB) copied, 3748 s, 26,1 MB/s
98026618880 bytes (98 GB, 91 GiB) copied, 3749 s, 26,1 MB/s
98045100032 bytes (98 GB, 91 GiB) copied, 3750 s, 26,1 MB/s
98063253504 bytes (98 GB, 91 GiB) copied, 3751 s, 26,1 MB/s
98081538048 bytes (98 GB, 91 GiB) copied, 3752 s, 26,1 MB/s
98100805632 bytes (98 GB, 91 GiB) copied, 3753 s, 26,1 MB/s
98119417856 bytes (98 GB, 91 GiB) copied, 3754 s, 26,1 MB/s
98137538560 bytes (98 GB, 91 GiB) copied, 3755 s, 26,1 MB/s
98155036672 bytes (98 GB, 91 GiB) copied, 3756 s, 26,1 MB/s
98172567552 bytes (98 GB, 91 GiB) copied, 3757 s, 26,1 MB/s
98191245312 bytes (98 GB, 91 GiB) copied, 3758 s, 26,1 MB/s
98210119680 bytes (98 GB, 91 GiB) copied, 3759 s, 26,1 MB/s
98228011008 bytes (98 GB, 91 GiB) copied, 3760 s, 26,1 MB/s
98245345280 bytes (98 GB, 91 GiB) copied, 3761 s, 26,1 MB/s
98262679552 bytes (98 GB, 92 GiB) copied, 3762 s, 26,1 MB/s
98280210432 bytes (98 GB, 92 GiB) copied, 3763 s, 26,1 MB/s
98298953728 bytes (98 GB, 92 GiB) copied, 3764 s, 26,1 MB/s
98317369344 bytes (98 GB, 92 GiB) copied, 3765 s, 26,1 MB/s
98335916032 bytes (98 GB, 92 GiB) copied, 3766 s, 26,1 MB/s
98354069504 bytes (98 GB, 92 GiB) copied, 3767 s, 26,1 MB/s
98371403776 bytes (98 GB, 92 GiB) copied, 3768 s, 26,1 MB/s
98389524480 bytes (98 GB, 92 GiB) copied, 3769 s, 26,1 MB/s
98407546880 bytes (98 GB, 92 GiB) copied, 3770 s, 26,1 MB/s
98425569280 bytes (98 GB, 92 GiB) copied, 3771 s, 26,1 MB/s
98443427840 bytes (98 GB, 92 GiB) copied, 3772 s, 26,1 MB/s
98460893184 bytes (98 GB, 92 GiB) copied, 3773 s, 26,1 MB/s
98478915584 bytes (98 GB, 92 GiB) copied, 3774 s, 26,1 MB/s
98496937984 bytes (98 GB, 92 GiB) copied, 3775 s, 26,1 MB/s
98514632704 bytes (99 GB, 92 GiB) copied, 3776 s, 26,1 MB/s
98532261888 bytes (99 GB, 92 GiB) copied, 3777 s, 26,1 MB/s
98549858304 bytes (99 GB, 92 GiB) copied, 3778 s, 26,1 MB/s
98567487488 bytes (99 GB, 92 GiB) copied, 3779 s, 26,1 MB/s
98585083904 bytes (99 GB, 92 GiB) copied, 3780 s, 26,1 MB/s
98603761664 bytes (99 GB, 92 GiB) copied, 3781 s, 26,1 MB/s
98621390848 bytes (99 GB, 92 GiB) copied, 3782 s, 26,1 MB/s
98639151104 bytes (99 GB, 92 GiB) copied, 3783 s, 26,1 MB/s
98656780288 bytes (99 GB, 92 GiB) copied, 3784 s, 26,1 MB/s
98674376704 bytes (99 GB, 92 GiB) copied, 3785 s, 26,1 MB/s
98692366336 bytes (99 GB, 92 GiB) copied, 3786 s, 26,1 MB/s
98711568384 bytes (99 GB, 92 GiB) copied, 3787 s, 26,1 MB/s
98731098112 bytes (99 GB, 92 GiB) copied, 3788 s, 26,1 MB/s
98750660608 bytes (99 GB, 92 GiB) copied, 3789 s, 26,1 MB/s
98769338368 bytes (99 GB, 92 GiB) copied, 3790 s, 26,1 MB/s
98786934784 bytes (99 GB, 92 GiB) copied, 3791 s, 26,1 MB/s
98804563968 bytes (99 GB, 92 GiB) copied, 3792 s, 26,1 MB/s
98823831552 bytes (99 GB, 92 GiB) copied, 3793 s, 26,1 MB/s
98843131904 bytes (99 GB, 92 GiB) copied, 3794 s, 26,1 MB/s
98861613056 bytes (99 GB, 92 GiB) copied, 3795 s, 26,1 MB/s
98879930368 bytes (99 GB, 92 GiB) copied, 3796 s, 26,0 MB/s
98897559552 bytes (99 GB, 92 GiB) copied, 3797 s, 26,0 MB/s
98915876864 bytes (99 GB, 92 GiB) copied, 3798 s, 26,0 MB/s
98933637120 bytes (99 GB, 92 GiB) copied, 3799 s, 26,0 MB/s
98951430144 bytes (99 GB, 92 GiB) copied, 3800 s, 26,0 MB/s
98969059328 bytes (99 GB, 92 GiB) copied, 3801 s, 26,0 MB/s
98986655744 bytes (99 GB, 92 GiB) copied, 3802 s, 26,0 MB/s
99004284928 bytes (99 GB, 92 GiB) copied, 3803 s, 26,0 MB/s
99023257600 bytes (99 GB, 92 GiB) copied, 3804 s, 26,0 MB/s
99042852864 bytes (99 GB, 92 GiB) copied, 3805 s, 26,0 MB/s
99061530624 bytes (99 GB, 92 GiB) copied, 3806 s, 26,0 MB/s
99079847936 bytes (99 GB, 92 GiB) copied, 3807 s, 26,0 MB/s
99098329088 bytes (99 GB, 92 GiB) copied, 3808 s, 26,0 MB/s
99117367296 bytes (99 GB, 92 GiB) copied, 3809 s, 26,0 MB/s
99139354624 bytes (99 GB, 92 GiB) copied, 3810 s, 26,0 MB/s
99162521600 bytes (99 GB, 92 GiB) copied, 3811 s, 26,0 MB/s
99188801536 bytes (99 GB, 92 GiB) copied, 3812 s, 26,0 MB/s
99216752640 bytes (99 GB, 92 GiB) copied, 3813 s, 26,0 MB/s
99248504832 bytes (99 GB, 92 GiB) copied, 3814 s, 26,0 MB/s
99282944000 bytes (99 GB, 92 GiB) copied, 3815 s, 26,0 MB/s
99319676928 bytes (99 GB, 92 GiB) copied, 3816 s, 26,0 MB/s
99357523968 bytes (99 GB, 93 GiB) copied, 3817 s, 26,0 MB/s
99395764224 bytes (99 GB, 93 GiB) copied, 3818 s, 26,0 MB/s
99435937792 bytes (99 GB, 93 GiB) copied, 3819 s, 26,0 MB/s
99477454848 bytes (99 GB, 93 GiB) copied, 3820 s, 26,0 MB/s
99519397888 bytes (100 GB, 93 GiB) copied, 3821 s, 26,0 MB/s
99561701376 bytes (100 GB, 93 GiB) copied, 3822 s, 26,0 MB/s
99602006016 bytes (100 GB, 93 GiB) copied, 3823 s, 26,1 MB/s
99640213504 bytes (100 GB, 93 GiB) copied, 3824 s, 26,1 MB/s
99674521600 bytes (100 GB, 93 GiB) copied, 3825 s, 26,1 MB/s
99703619584 bytes (100 GB, 93 GiB) copied, 3826 s, 26,1 MB/s
99724591104 bytes (100 GB, 93 GiB) copied, 3827 s, 26,1 MB/s
99737272320 bytes (100 GB, 93 GiB) copied, 3828 s, 26,1 MB/s
99743793152 bytes (100 GB, 93 GiB) copied, 3829 s, 26,0 MB/s
99748118528 bytes (100 GB, 93 GiB) copied, 3830 s, 26,0 MB/s
99751690240 bytes (100 GB, 93 GiB) copied, 3831 s, 26,0 MB/s
99754704896 bytes (100 GB, 93 GiB) copied, 3832 s, 26,0 MB/s
99757064192 bytes (100 GB, 93 GiB) copied, 3833 s, 26,0 MB/s
99758899200 bytes (100 GB, 93 GiB) copied, 3834 s, 26,0 MB/s
99760340992 bytes (100 GB, 93 GiB) copied, 3835 s, 26,0 MB/s
99761520640 bytes (100 GB, 93 GiB) copied, 3836 s, 26,0 MB/s
99762569216 bytes (100 GB, 93 GiB) copied, 3837 s, 26,0 MB/s
99763355648 bytes (100 GB, 93 GiB) copied, 3838 s, 26,0 MB/s
99764011008 bytes (100 GB, 93 GiB) copied, 3839 s, 26,0 MB/s
99764568064 bytes (100 GB, 93 GiB) copied, 3840 s, 26,0 MB/s
99764862976 bytes (100 GB, 93 GiB) copied, 3841 s, 26,0 MB/s
99765059584 bytes (100 GB, 93 GiB) copied, 3842 s, 26,0 MB/s
99765256192 bytes (100 GB, 93 GiB) copied, 3844 s, 26,0 MB/s
99765321728 bytes (100 GB, 93 GiB) copied, 3844 s, 26,0 MB/s
99765452800 bytes (100 GB, 93 GiB) copied, 3846 s, 25,9 MB/s
99765518336 bytes (100 GB, 93 GiB) copied, 3847 s, 25,9 MB/s
99765583872 bytes (100 GB, 93 GiB) copied, 3850 s, 25,9 MB/s
99765649408 bytes (100 GB, 93 GiB) copied, 3853 s, 25,9 MB/s
99765714944 bytes (100 GB, 93 GiB) copied, 3857 s, 25,9 MB/s
99765780480 bytes (100 GB, 93 GiB) copied, 3860 s, 25,8 MB/s
99765846016 bytes (100 GB, 93 GiB) copied, 3861 s, 25,8 MB/s
99765911552 bytes (100 GB, 93 GiB) copied, 3861 s, 25,8 MB/s
99765977088 bytes (100 GB, 93 GiB) copied, 3861 s, 25,8 MB/s
99766042624 bytes (100 GB, 93 GiB) copied, 3862 s, 25,8 MB/s
99766108160 bytes (100 GB, 93 GiB) copied, 3862 s, 25,8 MB/s
99766173696 bytes (100 GB, 93 GiB) copied, 3862 s, 25,8 MB/s
99766206464 bytes (100 GB, 93 GiB) copied, 3862 s, 25,8 MB/s
99766272000 bytes (100 GB, 93 GiB) copied, 3862 s, 25,8 MB/s
99766337536 bytes (100 GB, 93 GiB) copied, 3862 s, 25,8 MB/s
99766370304 bytes (100 GB, 93 GiB) copied, 3862 s, 25,8 MB/s
99766403072 bytes (100 GB, 93 GiB) copied, 3862 s, 25,8 MB/s
99766435840 bytes (100 GB, 93 GiB) copied, 3863 s, 25,8 MB/s
99766697984 bytes (100 GB, 93 GiB) copied, 3863 s, 25,8 MB/s
99768303616 bytes (100 GB, 93 GiB) copied, 3864 s, 25,8 MB/s
99772170240 bytes (100 GB, 93 GiB) copied, 3865 s, 25,8 MB/s
99786194944 bytes (100 GB, 93 GiB) copied, 3866 s, 25,8 MB/s
99819323392 bytes (100 GB, 93 GiB) copied, 3867 s, 25,8 MB/s
99857039360 bytes (100 GB, 93 GiB) copied, 3868 s, 25,8 MB/s
99890790400 bytes (100 GB, 93 GiB) copied, 3869 s, 25,8 MB/s
99924475904 bytes (100 GB, 93 GiB) copied, 3870 s, 25,8 MB/s
99955802112 bytes (100 GB, 93 GiB) copied, 3871 s, 25,8 MB/s
99984375808 bytes (100 GB, 93 GiB) copied, 3872 s, 25,8 MB/s
100013178880 bytes (100 GB, 93 GiB) copied, 3873 s, 25,8 MB/s
100040802304 bytes (100 GB, 93 GiB) copied, 3874 s, 25,8 MB/s
100065214464 bytes (100 GB, 93 GiB) copied, 3875 s, 25,8 MB/s
100089987072 bytes (100 GB, 93 GiB) copied, 3876 s, 25,8 MB/s
100114563072 bytes (100 GB, 93 GiB) copied, 3877 s, 25,8 MB/s
100138975232 bytes (100 GB, 93 GiB) copied, 3878 s, 25,8 MB/s
100160536576 bytes (100 GB, 93 GiB) copied, 3879 s, 25,8 MB/s
100181999616 bytes (100 GB, 93 GiB) copied, 3880 s, 25,8 MB/s
100203528192 bytes (100 GB, 93 GiB) copied, 3881 s, 25,8 MB/s
100225024000 bytes (100 GB, 93 GiB) copied, 3882 s, 25,8 MB/s
100246552576 bytes (100 GB, 93 GiB) copied, 3883 s, 25,8 MB/s
100267524096 bytes (100 GB, 93 GiB) copied, 3884 s, 25,8 MB/s
100288004096 bytes (100 GB, 93 GiB) copied, 3885 s, 25,8 MB/s
100307435520 bytes (100 GB, 93 GiB) copied, 3886 s, 25,8 MB/s
100326539264 bytes (100 GB, 93 GiB) copied, 3887 s, 25,8 MB/s
100345643008 bytes (100 GB, 93 GiB) copied, 3888 s, 25,8 MB/s
100364845056 bytes (100 GB, 93 GiB) copied, 3889 s, 25,8 MB/s
100384014336 bytes (100 GB, 93 GiB) copied, 3890 s, 25,8 MB/s
100403118080 bytes (100 GB, 94 GiB) copied, 3891 s, 25,8 MB/s
100422189056 bytes (100 GB, 94 GiB) copied, 3892 s, 25,8 MB/s
100441292800 bytes (100 GB, 94 GiB) copied, 3893 s, 25,8 MB/s
100460396544 bytes (100 GB, 94 GiB) copied, 3894 s, 25,8 MB/s
100479467520 bytes (100 GB, 94 GiB) copied, 3895 s, 25,8 MB/s
100498571264 bytes (100 GB, 94 GiB) copied, 3896 s, 25,8 MB/s
100517675008 bytes (101 GB, 94 GiB) copied, 3897 s, 25,8 MB/s
100536778752 bytes (101 GB, 94 GiB) copied, 3898 s, 25,8 MB/s
100555685888 bytes (101 GB, 94 GiB) copied, 3899 s, 25,8 MB/s
100573937664 bytes (101 GB, 94 GiB) copied, 3900 s, 25,8 MB/s
100593008640 bytes (101 GB, 94 GiB) copied, 3901 s, 25,8 MB/s
100612112384 bytes (101 GB, 94 GiB) copied, 3902 s, 25,8 MB/s
100631216128 bytes (101 GB, 94 GiB) copied, 3903 s, 25,8 MB/s
100650319872 bytes (101 GB, 94 GiB) copied, 3904 s, 25,8 MB/s
100668375040 bytes (101 GB, 94 GiB) copied, 3905 s, 25,8 MB/s
100686266368 bytes (101 GB, 94 GiB) copied, 3906 s, 25,8 MB/s
100705370112 bytes (101 GB, 94 GiB) copied, 3907 s, 25,8 MB/s
100724441088 bytes (101 GB, 94 GiB) copied, 3908 s, 25,8 MB/s
100742856704 bytes (101 GB, 94 GiB) copied, 3909 s, 25,8 MB/s
100761108480 bytes (101 GB, 94 GiB) copied, 3910 s, 25,8 MB/s
100778475520 bytes (101 GB, 94 GiB) copied, 3911 s, 25,8 MB/s
100796628992 bytes (101 GB, 94 GiB) copied, 3912 s, 25,8 MB/s
100815798272 bytes (101 GB, 94 GiB) copied, 3913 s, 25,8 MB/s
100834377728 bytes (101 GB, 94 GiB) copied, 3914 s, 25,8 MB/s
100851580928 bytes (101 GB, 94 GiB) copied, 3915 s, 25,8 MB/s
100868784128 bytes (101 GB, 94 GiB) copied, 3916 s, 25,8 MB/s
100886347776 bytes (101 GB, 94 GiB) copied, 3917 s, 25,8 MB/s
100904370176 bytes (101 GB, 94 GiB) copied, 3918 s, 25,8 MB/s
100921769984 bytes (101 GB, 94 GiB) copied, 3919 s, 25,8 MB/s
100938973184 bytes (101 GB, 94 GiB) copied, 3920 s, 25,7 MB/s
100956176384 bytes (101 GB, 94 GiB) copied, 3921 s, 25,7 MB/s
100973543424 bytes (101 GB, 94 GiB) copied, 3922 s, 25,7 MB/s
100991107072 bytes (101 GB, 94 GiB) copied, 3923 s, 25,7 MB/s
101009522688 bytes (101 GB, 94 GiB) copied, 3924 s, 25,7 MB/s
101028593664 bytes (101 GB, 94 GiB) copied, 3925 s, 25,7 MB/s
101046681600 bytes (101 GB, 94 GiB) copied, 3926 s, 25,7 MB/s
101063884800 bytes (101 GB, 94 GiB) copied, 3927 s, 25,7 MB/s
101081251840 bytes (101 GB, 94 GiB) copied, 3928 s, 25,7 MB/s
101098455040 bytes (101 GB, 94 GiB) copied, 3929 s, 25,7 MB/s
101117558784 bytes (101 GB, 94 GiB) copied, 3930 s, 25,7 MB/s
101136596992 bytes (101 GB, 94 GiB) copied, 3931 s, 25,7 MB/s
101154848768 bytes (101 GB, 94 GiB) copied, 3932 s, 25,7 MB/s
101172412416 bytes (101 GB, 94 GiB) copied, 3933 s, 25,7 MB/s
101189681152 bytes (101 GB, 94 GiB) copied, 3934 s, 25,7 MB/s
101207343104 bytes (101 GB, 94 GiB) copied, 3935 s, 25,7 MB/s
101226446848 bytes (101 GB, 94 GiB) copied, 3936 s, 25,7 MB/s
101245353984 bytes (101 GB, 94 GiB) copied, 3937 s, 25,7 MB/s
101263081472 bytes (101 GB, 94 GiB) copied, 3938 s, 25,7 MB/s
101280808960 bytes (101 GB, 94 GiB) copied, 3939 s, 25,7 MB/s
101298012160 bytes (101 GB, 94 GiB) copied, 3940 s, 25,7 MB/s
101315543040 bytes (101 GB, 94 GiB) copied, 3941 s, 25,7 MB/s
101334646784 bytes (101 GB, 94 GiB) copied, 3942 s, 25,7 MB/s
101352701952 bytes (101 GB, 94 GiB) copied, 3943 s, 25,7 MB/s
101369905152 bytes (101 GB, 94 GiB) copied, 3944 s, 25,7 MB/s
101387108352 bytes (101 GB, 94 GiB) copied, 3945 s, 25,7 MB/s
101404311552 bytes (101 GB, 94 GiB) copied, 3946 s, 25,7 MB/s
101422727168 bytes (101 GB, 94 GiB) copied, 3947 s, 25,7 MB/s
101440913408 bytes (101 GB, 94 GiB) copied, 3948 s, 25,7 MB/s
101459034112 bytes (101 GB, 94 GiB) copied, 3949 s, 25,7 MB/s
101476237312 bytes (101 GB, 95 GiB) copied, 3950 s, 25,7 MB/s
101493407744 bytes (101 GB, 95 GiB) copied, 3951 s, 25,7 MB/s
101511168000 bytes (102 GB, 95 GiB) copied, 3952 s, 25,7 MB/s
101530042368 bytes (102 GB, 95 GiB) copied, 3953 s, 25,7 MB/s
101549178880 bytes (102 GB, 95 GiB) copied, 3954 s, 25,7 MB/s
101567234048 bytes (102 GB, 95 GiB) copied, 3955 s, 25,7 MB/s
101584601088 bytes (102 GB, 95 GiB) copied, 3956 s, 25,7 MB/s
101601935360 bytes (102 GB, 95 GiB) copied, 3957 s, 25,7 MB/s
101619367936 bytes (102 GB, 95 GiB) copied, 3958 s, 25,7 MB/s
101638242304 bytes (102 GB, 95 GiB) copied, 3959 s, 25,7 MB/s
101656756224 bytes (102 GB, 95 GiB) copied, 3960 s, 25,7 MB/s
101674418176 bytes (102 GB, 95 GiB) copied, 3961 s, 25,7 MB/s
101691621376 bytes (102 GB, 95 GiB) copied, 3962 s, 25,7 MB/s
101708824576 bytes (102 GB, 95 GiB) copied, 3963 s, 25,7 MB/s
101727338496 bytes (102 GB, 95 GiB) copied, 3964 s, 25,7 MB/s
101746507776 bytes (102 GB, 95 GiB) copied, 3965 s, 25,7 MB/s
101764726784 bytes (102 GB, 95 GiB) copied, 3966 s, 25,7 MB/s
101782454272 bytes (102 GB, 95 GiB) copied, 3967 s, 25,7 MB/s
101799821312 bytes (102 GB, 95 GiB) copied, 3968 s, 25,7 MB/s
101817024512 bytes (102 GB, 95 GiB) copied, 3969 s, 25,7 MB/s
101835046912 bytes (102 GB, 95 GiB) copied, 3970 s, 25,7 MB/s
101854183424 bytes (102 GB, 95 GiB) copied, 3971 s, 25,6 MB/s
101871747072 bytes (102 GB, 95 GiB) copied, 3972 s, 25,6 MB/s
101889081344 bytes (102 GB, 95 GiB) copied, 3973 s, 25,6 MB/s
101906644992 bytes (102 GB, 95 GiB) copied, 3974 s, 25,6 MB/s
101924372480 bytes (102 GB, 95 GiB) copied, 3975 s, 25,6 MB/s
101942558720 bytes (102 GB, 95 GiB) copied, 3976 s, 25,6 MB/s
101960843264 bytes (102 GB, 95 GiB) copied, 3977 s, 25,6 MB/s
101978177536 bytes (102 GB, 95 GiB) copied, 3978 s, 25,6 MB/s
101995249664 bytes (102 GB, 95 GiB) copied, 3979 s, 25,6 MB/s
102012813312 bytes (102 GB, 95 GiB) copied, 3980 s, 25,6 MB/s
102032080896 bytes (102 GB, 95 GiB) copied, 3981 s, 25,6 MB/s
102050136064 bytes (102 GB, 95 GiB) copied, 3982 s, 25,6 MB/s
102067339264 bytes (102 GB, 95 GiB) copied, 3983 s, 25,6 MB/s
102084542464 bytes (102 GB, 95 GiB) copied, 3984 s, 25,6 MB/s
102102269952 bytes (102 GB, 95 GiB) copied, 3985 s, 25,6 MB/s
102120849408 bytes (102 GB, 95 GiB) copied, 3986 s, 25,6 MB/s
102139920384 bytes (102 GB, 95 GiB) copied, 3987 s, 25,6 MB/s
102159024128 bytes (102 GB, 95 GiB) copied, 3988 s, 25,6 MB/s
102177964032 bytes (102 GB, 95 GiB) copied, 3989 s, 25,6 MB/s
102195331072 bytes (102 GB, 95 GiB) copied, 3990 s, 25,6 MB/s
102212534272 bytes (102 GB, 95 GiB) copied, 3991 s, 25,6 MB/s
102229737472 bytes (102 GB, 95 GiB) copied, 3992 s, 25,6 MB/s
102246940672 bytes (102 GB, 95 GiB) copied, 3993 s, 25,6 MB/s
102264143872 bytes (102 GB, 95 GiB) copied, 3994 s, 25,6 MB/s
102281347072 bytes (102 GB, 95 GiB) copied, 3995 s, 25,6 MB/s
102299762688 bytes (102 GB, 95 GiB) copied, 3996 s, 25,6 MB/s
102318833664 bytes (102 GB, 95 GiB) copied, 3997 s, 25,6 MB/s
102337773568 bytes (102 GB, 95 GiB) copied, 3998 s, 25,6 MB/s
102355992576 bytes (102 GB, 95 GiB) copied, 3999 s, 25,6 MB/s
102373195776 bytes (102 GB, 95 GiB) copied, 4000 s, 25,6 MB/s
102390398976 bytes (102 GB, 95 GiB) copied, 4001 s, 25,6 MB/s
102408290304 bytes (102 GB, 95 GiB) copied, 4002 s, 25,6 MB/s
102427394048 bytes (102 GB, 95 GiB) copied, 4003 s, 25,6 MB/s
102445645824 bytes (102 GB, 95 GiB) copied, 4004 s, 25,6 MB/s
102462849024 bytes (102 GB, 95 GiB) copied, 4005 s, 25,6 MB/s
102480052224 bytes (102 GB, 95 GiB) copied, 4006 s, 25,6 MB/s
102497255424 bytes (102 GB, 95 GiB) copied, 4007 s, 25,6 MB/s
102515638272 bytes (103 GB, 95 GiB) copied, 4008 s, 25,6 MB/s
102533529600 bytes (103 GB, 95 GiB) copied, 4009 s, 25,6 MB/s
102550732800 bytes (103 GB, 96 GiB) copied, 4010 s, 25,6 MB/s
102567936000 bytes (103 GB, 96 GiB) copied, 4011 s, 25,6 MB/s
102585139200 bytes (103 GB, 96 GiB) copied, 4012 s, 25,6 MB/s
102602539008 bytes (103 GB, 96 GiB) copied, 4013 s, 25,6 MB/s
102621446144 bytes (103 GB, 96 GiB) copied, 4014 s, 25,6 MB/s
102640549888 bytes (103 GB, 96 GiB) copied, 4015 s, 25,6 MB/s
102659293184 bytes (103 GB, 96 GiB) copied, 4016 s, 25,6 MB/s
102677184512 bytes (103 GB, 96 GiB) copied, 4017 s, 25,6 MB/s
102694551552 bytes (103 GB, 96 GiB) copied, 4018 s, 25,6 MB/s
102711754752 bytes (103 GB, 96 GiB) copied, 4019 s, 25,6 MB/s
102730170368 bytes (103 GB, 96 GiB) copied, 4020 s, 25,6 MB/s
102749110272 bytes (103 GB, 96 GiB) copied, 4021 s, 25,6 MB/s
102766477312 bytes (103 GB, 96 GiB) copied, 4022 s, 25,6 MB/s
102783680512 bytes (103 GB, 96 GiB) copied, 4023 s, 25,5 MB/s
102800883712 bytes (103 GB, 96 GiB) copied, 4024 s, 25,5 MB/s
102818414592 bytes (103 GB, 96 GiB) copied, 4025 s, 25,5 MB/s
102837518336 bytes (103 GB, 96 GiB) copied, 4026 s, 25,5 MB/s
102855573504 bytes (103 GB, 96 GiB) copied, 4027 s, 25,5 MB/s
102872973312 bytes (103 GB, 96 GiB) copied, 4028 s, 25,5 MB/s
102890176512 bytes (103 GB, 96 GiB) copied, 4029 s, 25,5 MB/s
102907379712 bytes (103 GB, 96 GiB) copied, 4030 s, 25,5 MB/s
102924746752 bytes (103 GB, 96 GiB) copied, 4031 s, 25,5 MB/s
102943850496 bytes (103 GB, 96 GiB) copied, 4032 s, 25,5 MB/s
102962069504 bytes (103 GB, 96 GiB) copied, 4033 s, 25,5 MB/s
102979272704 bytes (103 GB, 96 GiB) copied, 4034 s, 25,5 MB/s
102996639744 bytes (103 GB, 96 GiB) copied, 4035 s, 25,5 MB/s
103013842944 bytes (103 GB, 96 GiB) copied, 4036 s, 25,5 MB/s
103031570432 bytes (103 GB, 96 GiB) copied, 4037 s, 25,5 MB/s
103049265152 bytes (103 GB, 96 GiB) copied, 4038 s, 25,5 MB/s
103066501120 bytes (103 GB, 96 GiB) copied, 4039 s, 25,5 MB/s
103083704320 bytes (103 GB, 96 GiB) copied, 4040 s, 25,5 MB/s
103100907520 bytes (103 GB, 96 GiB) copied, 4041 s, 25,5 MB/s
103118438400 bytes (103 GB, 96 GiB) copied, 4042 s, 25,5 MB/s
103137542144 bytes (103 GB, 96 GiB) copied, 4043 s, 25,5 MB/s
103156482048 bytes (103 GB, 96 GiB) copied, 4044 s, 25,5 MB/s
103173685248 bytes (103 GB, 96 GiB) copied, 4045 s, 25,5 MB/s
103190888448 bytes (103 GB, 96 GiB) copied, 4046 s, 25,5 MB/s
103208091648 bytes (103 GB, 96 GiB) copied, 4047 s, 25,5 MB/s
103225294848 bytes (103 GB, 96 GiB) copied, 4048 s, 25,5 MB/s
103243677696 bytes (103 GB, 96 GiB) copied, 4049 s, 25,5 MB/s
103262257152 bytes (103 GB, 96 GiB) copied, 4050 s, 25,5 MB/s
103279460352 bytes (103 GB, 96 GiB) copied, 4051 s, 25,5 MB/s
103296663552 bytes (103 GB, 96 GiB) copied, 4052 s, 25,5 MB/s
103313866752 bytes (103 GB, 96 GiB) copied, 4053 s, 25,5 MB/s
103331594240 bytes (103 GB, 96 GiB) copied, 4054 s, 25,5 MB/s
103350697984 bytes (103 GB, 96 GiB) copied, 4055 s, 25,5 MB/s
103368753152 bytes (103 GB, 96 GiB) copied, 4056 s, 25,5 MB/s
103386120192 bytes (103 GB, 96 GiB) copied, 4057 s, 25,5 MB/s
103403323392 bytes (103 GB, 96 GiB) copied, 4058 s, 25,5 MB/s
103420526592 bytes (103 GB, 96 GiB) copied, 4059 s, 25,5 MB/s
103437926400 bytes (103 GB, 96 GiB) copied, 4060 s, 25,5 MB/s
103456505856 bytes (103 GB, 96 GiB) copied, 4061 s, 25,5 MB/s
103473872896 bytes (103 GB, 96 GiB) copied, 4062 s, 25,5 MB/s
103491403776 bytes (103 GB, 96 GiB) copied, 4063 s, 25,5 MB/s
103508606976 bytes (104 GB, 96 GiB) copied, 4064 s, 25,5 MB/s
103525810176 bytes (104 GB, 96 GiB) copied, 4065 s, 25,5 MB/s
103543013376 bytes (104 GB, 96 GiB) copied, 4066 s, 25,5 MB/s
103561953280 bytes (104 GB, 96 GiB) copied, 4067 s, 25,5 MB/s
103580172288 bytes (104 GB, 96 GiB) copied, 4068 s, 25,5 MB/s
103597375488 bytes (104 GB, 96 GiB) copied, 4069 s, 25,5 MB/s
103614775296 bytes (104 GB, 96 GiB) copied, 4070 s, 25,5 MB/s
103631978496 bytes (104 GB, 97 GiB) copied, 4071 s, 25,5 MB/s
103650557952 bytes (104 GB, 97 GiB) copied, 4072 s, 25,5 MB/s
103669301248 bytes (104 GB, 97 GiB) copied, 4073 s, 25,5 MB/s
103686668288 bytes (104 GB, 97 GiB) copied, 4074 s, 25,5 MB/s
103704231936 bytes (104 GB, 97 GiB) copied, 4075 s, 25,4 MB/s
103721435136 bytes (104 GB, 97 GiB) copied, 4076 s, 25,4 MB/s
103738638336 bytes (104 GB, 97 GiB) copied, 4077 s, 25,4 MB/s
103756693504 bytes (104 GB, 97 GiB) copied, 4078 s, 25,4 MB/s
103775272960 bytes (104 GB, 97 GiB) copied, 4079 s, 25,4 MB/s
103792476160 bytes (104 GB, 97 GiB) copied, 4080 s, 25,4 MB/s
103809679360 bytes (104 GB, 97 GiB) copied, 4081 s, 25,4 MB/s
103826882560 bytes (104 GB, 97 GiB) copied, 4082 s, 25,4 MB/s
103844085760 bytes (104 GB, 97 GiB) copied, 4083 s, 25,4 MB/s
103861813248 bytes (104 GB, 97 GiB) copied, 4084 s, 25,4 MB/s
103880884224 bytes (104 GB, 97 GiB) copied, 4085 s, 25,4 MB/s
103899824128 bytes (104 GB, 97 GiB) copied, 4086 s, 25,4 MB/s
103917355008 bytes (104 GB, 97 GiB) copied, 4087 s, 25,4 MB/s
103934754816 bytes (104 GB, 97 GiB) copied, 4088 s, 25,4 MB/s
103951958016 bytes (104 GB, 97 GiB) copied, 4089 s, 25,4 MB/s
103970701312 bytes (104 GB, 97 GiB) copied, 4090 s, 25,4 MB/s
103989280768 bytes (104 GB, 97 GiB) copied, 4091 s, 25,4 MB/s
104006811648 bytes (104 GB, 97 GiB) copied, 4092 s, 25,4 MB/s
104024014848 bytes (104 GB, 97 GiB) copied, 4093 s, 25,4 MB/s
104041218048 bytes (104 GB, 97 GiB) copied, 4094 s, 25,4 MB/s
104059994112 bytes (104 GB, 97 GiB) copied, 4095 s, 25,4 MB/s
104079065088 bytes (104 GB, 97 GiB) copied, 4096 s, 25,4 MB/s
104097218560 bytes (104 GB, 97 GiB) copied, 4097 s, 25,4 MB/s
104114421760 bytes (104 GB, 97 GiB) copied, 4098 s, 25,4 MB/s
104131624960 bytes (104 GB, 97 GiB) copied, 4099 s, 25,4 MB/s
104149876736 bytes (104 GB, 97 GiB) copied, 4100 s, 25,4 MB/s
104167079936 bytes (104 GB, 97 GiB) copied, 4101 s, 25,4 MB/s
104184283136 bytes (104 GB, 97 GiB) copied, 4102 s, 25,4 MB/s
104201486336 bytes (104 GB, 97 GiB) copied, 4103 s, 25,4 MB/s
104218689536 bytes (104 GB, 97 GiB) copied, 4104 s, 25,4 MB/s
104235892736 bytes (104 GB, 97 GiB) copied, 4105 s, 25,4 MB/s
104253095936 bytes (104 GB, 97 GiB) copied, 4106 s, 25,4 MB/s
104271675392 bytes (104 GB, 97 GiB) copied, 4107 s, 25,4 MB/s
104290582528 bytes (104 GB, 97 GiB) copied, 4108 s, 25,4 MB/s
104309522432 bytes (104 GB, 97 GiB) copied, 4109 s, 25,4 MB/s
104327217152 bytes (104 GB, 97 GiB) copied, 4110 s, 25,4 MB/s
104344616960 bytes (104 GB, 97 GiB) copied, 4111 s, 25,4 MB/s
104361820160 bytes (104 GB, 97 GiB) copied, 4112 s, 25,4 MB/s
104379514880 bytes (104 GB, 97 GiB) copied, 4113 s, 25,4 MB/s
104398618624 bytes (104 GB, 97 GiB) copied, 4114 s, 25,4 MB/s
104417198080 bytes (104 GB, 97 GiB) copied, 4115 s, 25,4 MB/s
104434401280 bytes (104 GB, 97 GiB) copied, 4116 s, 25,4 MB/s
104451604480 bytes (104 GB, 97 GiB) copied, 4117 s, 25,4 MB/s
104468807680 bytes (104 GB, 97 GiB) copied, 4118 s, 25,4 MB/s
104486371328 bytes (104 GB, 97 GiB) copied, 4119 s, 25,4 MB/s
104505278464 bytes (105 GB, 97 GiB) copied, 4120 s, 25,4 MB/s
104523333632 bytes (105 GB, 97 GiB) copied, 4121 s, 25,4 MB/s
104540536832 bytes (105 GB, 97 GiB) copied, 4122 s, 25,4 MB/s
104557838336 bytes (105 GB, 97 GiB) copied, 4123 s, 25,4 MB/s
104574943232 bytes (105 GB, 97 GiB) copied, 4124 s, 25,4 MB/s
104593195008 bytes (105 GB, 97 GiB) copied, 4125 s, 25,4 MB/s
104612298752 bytes (105 GB, 97 GiB) copied, 4126 s, 25,4 MB/s
104630517760 bytes (105 GB, 97 GiB) copied, 4127 s, 25,4 MB/s
104647720960 bytes (105 GB, 97 GiB) copied, 4128 s, 25,4 MB/s
104664924160 bytes (105 GB, 97 GiB) copied, 4129 s, 25,3 MB/s
104682127360 bytes (105 GB, 97 GiB) copied, 4130 s, 25,3 MB/s
104699330560 bytes (105 GB, 98 GiB) copied, 4131 s, 25,3 MB/s
104716533760 bytes (105 GB, 98 GiB) copied, 4132 s, 25,3 MB/s
104733736960 bytes (105 GB, 98 GiB) copied, 4133 s, 25,3 MB/s
104750940160 bytes (105 GB, 98 GiB) copied, 4134 s, 25,3 MB/s
104768143360 bytes (105 GB, 98 GiB) copied, 4135 s, 25,3 MB/s
104785510400 bytes (105 GB, 98 GiB) copied, 4136 s, 25,3 MB/s
104804777984 bytes (105 GB, 98 GiB) copied, 4137 s, 25,3 MB/s
104823717888 bytes (105 GB, 98 GiB) copied, 4138 s, 25,3 MB/s
104841248768 bytes (105 GB, 98 GiB) copied, 4139 s, 25,3 MB/s
104858648576 bytes (105 GB, 98 GiB) copied, 4140 s, 25,3 MB/s
104875851776 bytes (105 GB, 98 GiB) copied, 4141 s, 25,3 MB/s
104893546496 bytes (105 GB, 98 GiB) copied, 4142 s, 25,3 MB/s
104912650240 bytes (105 GB, 98 GiB) copied, 4143 s, 25,3 MB/s
104931590144 bytes (105 GB, 98 GiB) copied, 4144 s, 25,3 MB/s
104949972992 bytes (105 GB, 98 GiB) copied, 4145 s, 25,3 MB/s
104967536640 bytes (105 GB, 98 GiB) copied, 4146 s, 25,3 MB/s
104984903680 bytes (105 GB, 98 GiB) copied, 4147 s, 25,3 MB/s
105002631168 bytes (105 GB, 98 GiB) copied, 4148 s, 25,3 MB/s
105021734912 bytes (105 GB, 98 GiB) copied, 4149 s, 25,3 MB/s
105039626240 bytes (105 GB, 98 GiB) copied, 4150 s, 25,3 MB/s
105056993280 bytes (105 GB, 98 GiB) copied, 4151 s, 25,3 MB/s
105074327552 bytes (105 GB, 98 GiB) copied, 4152 s, 25,3 MB/s
105091497984 bytes (105 GB, 98 GiB) copied, 4153 s, 25,3 MB/s
105109454848 bytes (105 GB, 98 GiB) copied, 4154 s, 25,3 MB/s
105128394752 bytes (105 GB, 98 GiB) copied, 4155 s, 25,3 MB/s
105146613760 bytes (105 GB, 98 GiB) copied, 4156 s, 25,3 MB/s
105163816960 bytes (105 GB, 98 GiB) copied, 4157 s, 25,3 MB/s
105181020160 bytes (105 GB, 98 GiB) copied, 4158 s, 25,3 MB/s
105198583808 bytes (105 GB, 98 GiB) copied, 4159 s, 25,3 MB/s
105217654784 bytes (105 GB, 98 GiB) copied, 4160 s, 25,3 MB/s
105235054592 bytes (105 GB, 98 GiB) copied, 4161 s, 25,3 MB/s
105252257792 bytes (105 GB, 98 GiB) copied, 4162 s, 25,3 MB/s
105269460992 bytes (105 GB, 98 GiB) copied, 4163 s, 25,3 MB/s
105286664192 bytes (105 GB, 98 GiB) copied, 4164 s, 25,3 MB/s
105303867392 bytes (105 GB, 98 GiB) copied, 4165 s, 25,3 MB/s
105322348544 bytes (105 GB, 98 GiB) copied, 4166 s, 25,3 MB/s
105341517824 bytes (105 GB, 98 GiB) copied, 4167 s, 25,3 MB/s
105359409152 bytes (105 GB, 98 GiB) copied, 4168 s, 25,3 MB/s
105376612352 bytes (105 GB, 98 GiB) copied, 4169 s, 25,3 MB/s
105393815552 bytes (105 GB, 98 GiB) copied, 4170 s, 25,3 MB/s
105411018752 bytes (105 GB, 98 GiB) copied, 4171 s, 25,3 MB/s
105429106688 bytes (105 GB, 98 GiB) copied, 4172 s, 25,3 MB/s
105448177664 bytes (105 GB, 98 GiB) copied, 4173 s, 25,3 MB/s
105466068992 bytes (105 GB, 98 GiB) copied, 4174 s, 25,3 MB/s
105483272192 bytes (105 GB, 98 GiB) copied, 4175 s, 25,3 MB/s
105500475392 bytes (106 GB, 98 GiB) copied, 4176 s, 25,3 MB/s
105517678592 bytes (106 GB, 98 GiB) copied, 4177 s, 25,3 MB/s
105536258048 bytes (106 GB, 98 GiB) copied, 4178 s, 25,3 MB/s
105553461248 bytes (106 GB, 98 GiB) copied, 4179 s, 25,3 MB/s
105570861056 bytes (106 GB, 98 GiB) copied, 4180 s, 25,3 MB/s
105588391936 bytes (106 GB, 98 GiB) copied, 4181 s, 25,3 MB/s
105605595136 bytes (106 GB, 98 GiB) copied, 4182 s, 25,3 MB/s
105623322624 bytes (106 GB, 98 GiB) copied, 4183 s, 25,3 MB/s
105642426368 bytes (106 GB, 98 GiB) copied, 4184 s, 25,2 MB/s
105660121088 bytes (106 GB, 98 GiB) copied, 4185 s, 25,2 MB/s
105677324288 bytes (106 GB, 98 GiB) copied, 4186 s, 25,2 MB/s
105694724096 bytes (106 GB, 98 GiB) copied, 4187 s, 25,2 MB/s
105711927296 bytes (106 GB, 98 GiB) copied, 4188 s, 25,2 MB/s
105729622016 bytes (106 GB, 98 GiB) copied, 4189 s, 25,2 MB/s
105748561920 bytes (106 GB, 98 GiB) copied, 4190 s, 25,2 MB/s
105765765120 bytes (106 GB, 99 GiB) copied, 4191 s, 25,2 MB/s
105783296000 bytes (106 GB, 99 GiB) copied, 4192 s, 25,2 MB/s
105800695808 bytes (106 GB, 99 GiB) copied, 4193 s, 25,2 MB/s
105818062848 bytes (106 GB, 99 GiB) copied, 4194 s, 25,2 MB/s
105835954176 bytes (106 GB, 99 GiB) copied, 4195 s, 25,2 MB/s
105855057920 bytes (106 GB, 99 GiB) copied, 4196 s, 25,2 MB/s
105872949248 bytes (106 GB, 99 GiB) copied, 4197 s, 25,2 MB/s
105890152448 bytes (106 GB, 99 GiB) copied, 4198 s, 25,2 MB/s
105907355648 bytes (106 GB, 99 GiB) copied, 4199 s, 25,2 MB/s
105924722688 bytes (106 GB, 99 GiB) copied, 4200 s, 25,2 MB/s
105943138304 bytes (106 GB, 99 GiB) copied, 4201 s, 25,2 MB/s
105960505344 bytes (106 GB, 99 GiB) copied, 4202 s, 25,2 MB/s
105977872384 bytes (106 GB, 99 GiB) copied, 4203 s, 25,2 MB/s
105995763712 bytes (106 GB, 99 GiB) copied, 4204 s, 25,2 MB/s
106012966912 bytes (106 GB, 99 GiB) copied, 4205 s, 25,2 MB/s
106030530560 bytes (106 GB, 99 GiB) copied, 4206 s, 25,2 MB/s
106049601536 bytes (106 GB, 99 GiB) copied, 4207 s, 25,2 MB/s
106068541440 bytes (106 GB, 99 GiB) copied, 4208 s, 25,2 MB/s
106087120896 bytes (106 GB, 99 GiB) copied, 4209 s, 25,2 MB/s
106104324096 bytes (106 GB, 99 GiB) copied, 4210 s, 25,2 MB/s
106121527296 bytes (106 GB, 99 GiB) copied, 4211 s, 25,2 MB/s
106138730496 bytes (106 GB, 99 GiB) copied, 4212 s, 25,2 MB/s
106156785664 bytes (106 GB, 99 GiB) copied, 4213 s, 25,2 MB/s
106174349312 bytes (106 GB, 99 GiB) copied, 4214 s, 25,2 MB/s
106191716352 bytes (106 GB, 99 GiB) copied, 4215 s, 25,2 MB/s
106208919552 bytes (106 GB, 99 GiB) copied, 4216 s, 25,2 MB/s
106226286592 bytes (106 GB, 99 GiB) copied, 4217 s, 25,2 MB/s
106245226496 bytes (106 GB, 99 GiB) copied, 4218 s, 25,2 MB/s
106263281664 bytes (106 GB, 99 GiB) copied, 4219 s, 25,2 MB/s
106281009152 bytes (106 GB, 99 GiB) copied, 4220 s, 25,2 MB/s
106298212352 bytes (106 GB, 99 GiB) copied, 4221 s, 25,2 MB/s
106315743232 bytes (106 GB, 99 GiB) copied, 4222 s, 25,2 MB/s
106332946432 bytes (106 GB, 99 GiB) copied, 4223 s, 25,2 MB/s
106350673920 bytes (106 GB, 99 GiB) copied, 4224 s, 25,2 MB/s
106369777664 bytes (106 GB, 99 GiB) copied, 4225 s, 25,2 MB/s
106388357120 bytes (106 GB, 99 GiB) copied, 4226 s, 25,2 MB/s
106405560320 bytes (106 GB, 99 GiB) copied, 4227 s, 25,2 MB/s
106422763520 bytes (106 GB, 99 GiB) copied, 4228 s, 25,2 MB/s
106439966720 bytes (106 GB, 99 GiB) copied, 4229 s, 25,2 MB/s
106457661440 bytes (106 GB, 99 GiB) copied, 4230 s, 25,2 MB/s
106476765184 bytes (106 GB, 99 GiB) copied, 4231 s, 25,2 MB/s
106495508480 bytes (106 GB, 99 GiB) copied, 4232 s, 25,2 MB/s
106513072128 bytes (107 GB, 99 GiB) copied, 4233 s, 25,2 MB/s
106530275328 bytes (107 GB, 99 GiB) copied, 4234 s, 25,2 MB/s
106547478528 bytes (107 GB, 99 GiB) copied, 4235 s, 25,2 MB/s
106565206016 bytes (107 GB, 99 GiB) copied, 4236 s, 25,2 MB/s
106583588864 bytes (107 GB, 99 GiB) copied, 4237 s, 25,2 MB/s
106601480192 bytes (107 GB, 99 GiB) copied, 4238 s, 25,2 MB/s
106618683392 bytes (107 GB, 99 GiB) copied, 4239 s, 25,2 MB/s
106635886592 bytes (107 GB, 99 GiB) copied, 4240 s, 25,1 MB/s
106653089792 bytes (107 GB, 99 GiB) copied, 4241 s, 25,1 MB/s
106671505408 bytes (107 GB, 99 GiB) copied, 4242 s, 25,1 MB/s
106689232896 bytes (107 GB, 99 GiB) copied, 4243 s, 25,1 MB/s
106706599936 bytes (107 GB, 99 GiB) copied, 4244 s, 25,1 MB/s
106723803136 bytes (107 GB, 99 GiB) copied, 4245 s, 25,1 MB/s
106741006336 bytes (107 GB, 99 GiB) copied, 4246 s, 25,1 MB/s
106758209536 bytes (107 GB, 99 GiB) copied, 4247 s, 25,1 MB/s
106777149440 bytes (107 GB, 99 GiB) copied, 4248 s, 25,1 MB/s
106795532288 bytes (107 GB, 99 GiB) copied, 4249 s, 25,1 MB/s
106813095936 bytes (107 GB, 99 GiB) copied, 4250 s, 25,1 MB/s
106830299136 bytes (107 GB, 99 GiB) copied, 4251 s, 25,1 MB/s
106847830016 bytes (107 GB, 100 GiB) copied, 4252 s, 25,1 MB/s
106865393664 bytes (107 GB, 100 GiB) copied, 4253 s, 25,1 MB/s
106883809280 bytes (107 GB, 100 GiB) copied, 4254 s, 25,1 MB/s
106902880256 bytes (107 GB, 100 GiB) copied, 4255 s, 25,1 MB/s
106921656320 bytes (107 GB, 100 GiB) copied, 4256 s, 25,1 MB/s
106939023360 bytes (107 GB, 100 GiB) copied, 4257 s, 25,1 MB/s
106956390400 bytes (107 GB, 100 GiB) copied, 4258 s, 25,1 MB/s
106973757440 bytes (107 GB, 100 GiB) copied, 4259 s, 25,1 MB/s
106992009216 bytes (107 GB, 100 GiB) copied, 4260 s, 25,1 MB/s
107009900544 bytes (107 GB, 100 GiB) copied, 4261 s, 25,1 MB/s
107027267584 bytes (107 GB, 100 GiB) copied, 4262 s, 25,1 MB/s
107044470784 bytes (107 GB, 100 GiB) copied, 4263 s, 25,1 MB/s
107061673984 bytes (107 GB, 100 GiB) copied, 4264 s, 25,1 MB/s
107078877184 bytes (107 GB, 100 GiB) copied, 4265 s, 25,1 MB/s
107096080384 bytes (107 GB, 100 GiB) copied, 4266 s, 25,1 MB/s
107113283584 bytes (107 GB, 100 GiB) copied, 4267 s, 25,1 MB/s
107130486784 bytes (107 GB, 100 GiB) copied, 4268 s, 25,1 MB/s
107147689984 bytes (107 GB, 100 GiB) copied, 4269 s, 25,1 MB/s
107164762112 bytes (107 GB, 100 GiB) copied, 4270 s, 25,1 MB/s
107181867008 bytes (107 GB, 100 GiB) copied, 4271 s, 25,1 MB/s
107199168512 bytes (107 GB, 100 GiB) copied, 4272 s, 25,1 MB/s
107215978496 bytes (107 GB, 100 GiB) copied, 4273 s, 25,1 MB/s
107232755712 bytes (107 GB, 100 GiB) copied, 4274 s, 25,1 MB/s
107249565696 bytes (107 GB, 100 GiB) copied, 4275 s, 25,1 MB/s
107266342912 bytes (107 GB, 100 GiB) copied, 4276 s, 25,1 MB/s
107283152896 bytes (107 GB, 100 GiB) copied, 4277 s, 25,1 MB/s
107299930112 bytes (107 GB, 100 GiB) copied, 4278 s, 25,1 MB/s
107316740096 bytes (107 GB, 100 GiB) copied, 4279 s, 25,1 MB/s
107333517312 bytes (107 GB, 100 GiB) copied, 4280 s, 25,1 MB/s
107350327296 bytes (107 GB, 100 GiB) copied, 4281 s, 25,1 MB/s
107367104512 bytes (107 GB, 100 GiB) copied, 4282 s, 25,1 MB/s
107383914496 bytes (107 GB, 100 GiB) copied, 4283 s, 25,1 MB/s
107400691712 bytes (107 GB, 100 GiB) copied, 4284 s, 25,1 MB/s
107417501696 bytes (107 GB, 100 GiB) copied, 4285 s, 25,1 MB/s
107434278912 bytes (107 GB, 100 GiB) copied, 4286 s, 25,1 MB/s
107450990592 bytes (107 GB, 100 GiB) copied, 4287 s, 25,1 MB/s
107467374592 bytes (107 GB, 100 GiB) copied, 4288 s, 25,1 MB/s
107483758592 bytes (107 GB, 100 GiB) copied, 4289 s, 25,1 MB/s
107501289472 bytes (108 GB, 100 GiB) copied, 4290 s, 25,1 MB/s
107517673472 bytes (108 GB, 100 GiB) copied, 4291 s, 25,1 MB/s
107534057472 bytes (108 GB, 100 GiB) copied, 4292 s, 25,1 MB/s
107550441472 bytes (108 GB, 100 GiB) copied, 4293 s, 25,1 MB/s
107566825472 bytes (108 GB, 100 GiB) copied, 4294 s, 25,1 MB/s
107583209472 bytes (108 GB, 100 GiB) copied, 4295 s, 25,0 MB/s
107600740352 bytes (108 GB, 100 GiB) copied, 4296 s, 25,0 MB/s
107617615872 bytes (108 GB, 100 GiB) copied, 4297 s, 25,0 MB/s
107634163712 bytes (108 GB, 100 GiB) copied, 4298 s, 25,0 MB/s
107650547712 bytes (108 GB, 100 GiB) copied, 4299 s, 25,0 MB/s
107666931712 bytes (108 GB, 100 GiB) copied, 4300 s, 25,0 MB/s
107683315712 bytes (108 GB, 100 GiB) copied, 4301 s, 25,0 MB/s
107700682752 bytes (108 GB, 100 GiB) copied, 4302 s, 25,0 MB/s
107718049792 bytes (108 GB, 100 GiB) copied, 4303 s, 25,0 MB/s
107734761472 bytes (108 GB, 100 GiB) copied, 4304 s, 25,0 MB/s
107751145472 bytes (108 GB, 100 GiB) copied, 4305 s, 25,0 MB/s
107767529472 bytes (108 GB, 100 GiB) copied, 4306 s, 25,0 MB/s
107783913472 bytes (108 GB, 100 GiB) copied, 4307 s, 25,0 MB/s
107800297472 bytes (108 GB, 100 GiB) copied, 4308 s, 25,0 MB/s
107816845312 bytes (108 GB, 100 GiB) copied, 4309 s, 25,0 MB/s
107833229312 bytes (108 GB, 100 GiB) copied, 4310 s, 25,0 MB/s
107849613312 bytes (108 GB, 100 GiB) copied, 4311 s, 25,0 MB/s
107865997312 bytes (108 GB, 100 GiB) copied, 4312 s, 25,0 MB/s
107882381312 bytes (108 GB, 100 GiB) copied, 4313 s, 25,0 MB/s
107898765312 bytes (108 GB, 100 GiB) copied, 4314 s, 25,0 MB/s
107916787712 bytes (108 GB, 101 GiB) copied, 4315 s, 25,0 MB/s
107934646272 bytes (108 GB, 101 GiB) copied, 4316 s, 25,0 MB/s
107951194112 bytes (108 GB, 101 GiB) copied, 4317 s, 25,0 MB/s
107967578112 bytes (108 GB, 101 GiB) copied, 4318 s, 25,0 MB/s
107983962112 bytes (108 GB, 101 GiB) copied, 4319 s, 25,0 MB/s
108000346112 bytes (108 GB, 101 GiB) copied, 4320 s, 25,0 MB/s
108017713152 bytes (108 GB, 101 GiB) copied, 4321 s, 25,0 MB/s
108035899392 bytes (108 GB, 101 GiB) copied, 4322 s, 25,0 MB/s
108052938752 bytes (108 GB, 101 GiB) copied, 4323 s, 25,0 MB/s
108069322752 bytes (108 GB, 101 GiB) copied, 4324 s, 25,0 MB/s
108085706752 bytes (108 GB, 101 GiB) copied, 4325 s, 25,0 MB/s
108102090752 bytes (108 GB, 101 GiB) copied, 4326 s, 25,0 MB/s
108118474752 bytes (108 GB, 101 GiB) copied, 4327 s, 25,0 MB/s
108135677952 bytes (108 GB, 101 GiB) copied, 4328 s, 25,0 MB/s
108152061952 bytes (108 GB, 101 GiB) copied, 4329 s, 25,0 MB/s
108168445952 bytes (108 GB, 101 GiB) copied, 4330 s, 25,0 MB/s
108184829952 bytes (108 GB, 101 GiB) copied, 4331 s, 25,0 MB/s
108201213952 bytes (108 GB, 101 GiB) copied, 4332 s, 25,0 MB/s
108217597952 bytes (108 GB, 101 GiB) copied, 4333 s, 25,0 MB/s
108235128832 bytes (108 GB, 101 GiB) copied, 4334 s, 25,0 MB/s
108252168192 bytes (108 GB, 101 GiB) copied, 4335 s, 25,0 MB/s
108268552192 bytes (108 GB, 101 GiB) copied, 4336 s, 25,0 MB/s
108284936192 bytes (108 GB, 101 GiB) copied, 4337 s, 25,0 MB/s
108301320192 bytes (108 GB, 101 GiB) copied, 4338 s, 25,0 MB/s
108318687232 bytes (108 GB, 101 GiB) copied, 4339 s, 25,0 MB/s
108335562752 bytes (108 GB, 101 GiB) copied, 4340 s, 25,0 MB/s
108351946752 bytes (108 GB, 101 GiB) copied, 4341 s, 25,0 MB/s
108368330752 bytes (108 GB, 101 GiB) copied, 4342 s, 25,0 MB/s
108384714752 bytes (108 GB, 101 GiB) copied, 4343 s, 25,0 MB/s
108401098752 bytes (108 GB, 101 GiB) copied, 4344 s, 25,0 MB/s
108417646592 bytes (108 GB, 101 GiB) copied, 4345 s, 25,0 MB/s
108435832832 bytes (108 GB, 101 GiB) copied, 4346 s, 25,0 MB/s
108453527552 bytes (108 GB, 101 GiB) copied, 4347 s, 24,9 MB/s
108470239232 bytes (108 GB, 101 GiB) copied, 4348 s, 24,9 MB/s
108486623232 bytes (108 GB, 101 GiB) copied, 4349 s, 24,9 MB/s
108503007232 bytes (109 GB, 101 GiB) copied, 4350 s, 24,9 MB/s
108519391232 bytes (109 GB, 101 GiB) copied, 4351 s, 24,9 MB/s
108536922112 bytes (109 GB, 101 GiB) copied, 4352 s, 24,9 MB/s
108555108352 bytes (109 GB, 101 GiB) copied, 4353 s, 24,9 MB/s
108571656192 bytes (109 GB, 101 GiB) copied, 4354 s, 24,9 MB/s
108588040192 bytes (109 GB, 101 GiB) copied, 4355 s, 24,9 MB/s
108604424192 bytes (109 GB, 101 GiB) copied, 4356 s, 24,9 MB/s
108620808192 bytes (109 GB, 101 GiB) copied, 4357 s, 24,9 MB/s
108637356032 bytes (109 GB, 101 GiB) copied, 4358 s, 24,9 MB/s
108655542272 bytes (109 GB, 101 GiB) copied, 4359 s, 24,9 MB/s
108672909312 bytes (109 GB, 101 GiB) copied, 4360 s, 24,9 MB/s
108689293312 bytes (109 GB, 101 GiB) copied, 4361 s, 24,9 MB/s
108705677312 bytes (109 GB, 101 GiB) copied, 4362 s, 24,9 MB/s
108722061312 bytes (109 GB, 101 GiB) copied, 4363 s, 24,9 MB/s
108738445312 bytes (109 GB, 101 GiB) copied, 4364 s, 24,9 MB/s
108755976192 bytes (109 GB, 101 GiB) copied, 4365 s, 24,9 MB/s
108772491264 bytes (109 GB, 101 GiB) copied, 4366 s, 24,9 MB/s
108788908032 bytes (109 GB, 101 GiB) copied, 4367 s, 24,9 MB/s
108805292032 bytes (109 GB, 101 GiB) copied, 4368 s, 24,9 MB/s
108821676032 bytes (109 GB, 101 GiB) copied, 4369 s, 24,9 MB/s
108838649856 bytes (109 GB, 101 GiB) copied, 4370 s, 24,9 MB/s
108855099392 bytes (109 GB, 101 GiB) copied, 4371 s, 24,9 MB/s
108871483392 bytes (109 GB, 101 GiB) copied, 4372 s, 24,9 MB/s
108887867392 bytes (109 GB, 101 GiB) copied, 4373 s, 24,9 MB/s
108904251392 bytes (109 GB, 101 GiB) copied, 4374 s, 24,9 MB/s
108920635392 bytes (109 GB, 101 GiB) copied, 4375 s, 24,9 MB/s
108937478144 bytes (109 GB, 101 GiB) copied, 4376 s, 24,9 MB/s
108955697152 bytes (109 GB, 101 GiB) copied, 4377 s, 24,9 MB/s
108972900352 bytes (109 GB, 101 GiB) copied, 4378 s, 24,9 MB/s
108989284352 bytes (109 GB, 102 GiB) copied, 4379 s, 24,9 MB/s
109005668352 bytes (109 GB, 102 GiB) copied, 4380 s, 24,9 MB/s
109022052352 bytes (109 GB, 102 GiB) copied, 4381 s, 24,9 MB/s
109038436352 bytes (109 GB, 102 GiB) copied, 4382 s, 24,9 MB/s
109056131072 bytes (109 GB, 102 GiB) copied, 4383 s, 24,9 MB/s
109074317312 bytes (109 GB, 102 GiB) copied, 4384 s, 24,9 MB/s
109091356672 bytes (109 GB, 102 GiB) copied, 4385 s, 24,9 MB/s
109107740672 bytes (109 GB, 102 GiB) copied, 4386 s, 24,9 MB/s
109124124672 bytes (109 GB, 102 GiB) copied, 4387 s, 24,9 MB/s
109140508672 bytes (109 GB, 102 GiB) copied, 4388 s, 24,9 MB/s
109156892672 bytes (109 GB, 102 GiB) copied, 4389 s, 24,9 MB/s
109174095872 bytes (109 GB, 102 GiB) copied, 4390 s, 24,9 MB/s
109190643712 bytes (109 GB, 102 GiB) copied, 4391 s, 24,9 MB/s
109207683072 bytes (109 GB, 102 GiB) copied, 4392 s, 24,9 MB/s
109224067072 bytes (109 GB, 102 GiB) copied, 4393 s, 24,9 MB/s
109240451072 bytes (109 GB, 102 GiB) copied, 4394 s, 24,9 MB/s
109256966144 bytes (109 GB, 102 GiB) copied, 4395 s, 24,9 MB/s
109275185152 bytes (109 GB, 102 GiB) copied, 4396 s, 24,9 MB/s
109292060672 bytes (109 GB, 102 GiB) copied, 4397 s, 24,9 MB/s
109308444672 bytes (109 GB, 102 GiB) copied, 4398 s, 24,9 MB/s
109324828672 bytes (109 GB, 102 GiB) copied, 4399 s, 24,9 MB/s
109341212672 bytes (109 GB, 102 GiB) copied, 4400 s, 24,9 MB/s
109357760512 bytes (109 GB, 102 GiB) copied, 4401 s, 24,8 MB/s
109374144512 bytes (109 GB, 102 GiB) copied, 4402 s, 24,8 MB/s
109390528512 bytes (109 GB, 102 GiB) copied, 4403 s, 24,8 MB/s
109406912512 bytes (109 GB, 102 GiB) copied, 4404 s, 24,8 MB/s
109423296512 bytes (109 GB, 102 GiB) copied, 4405 s, 24,8 MB/s
109439680512 bytes (109 GB, 102 GiB) copied, 4406 s, 24,8 MB/s
109456064512 bytes (109 GB, 102 GiB) copied, 4407 s, 24,8 MB/s
109474086912 bytes (109 GB, 102 GiB) copied, 4408 s, 24,8 MB/s
109491126272 bytes (109 GB, 102 GiB) copied, 4409 s, 24,8 MB/s
109507510272 bytes (110 GB, 102 GiB) copied, 4410 s, 24,8 MB/s
109523894272 bytes (110 GB, 102 GiB) copied, 4411 s, 24,8 MB/s
109540278272 bytes (110 GB, 102 GiB) copied, 4412 s, 24,8 MB/s
109556662272 bytes (110 GB, 102 GiB) copied, 4413 s, 24,8 MB/s
109574029312 bytes (110 GB, 102 GiB) copied, 4414 s, 24,8 MB/s
109592215552 bytes (110 GB, 102 GiB) copied, 4415 s, 24,8 MB/s
109609254912 bytes (110 GB, 102 GiB) copied, 4416 s, 24,8 MB/s
109625802752 bytes (110 GB, 102 GiB) copied, 4417 s, 24,8 MB/s
109642186752 bytes (110 GB, 102 GiB) copied, 4418 s, 24,8 MB/s
109658570752 bytes (110 GB, 102 GiB) copied, 4419 s, 24,8 MB/s
109675282432 bytes (110 GB, 102 GiB) copied, 4420 s, 24,8 MB/s
109692813312 bytes (110 GB, 102 GiB) copied, 4421 s, 24,8 MB/s
109709361152 bytes (110 GB, 102 GiB) copied, 4422 s, 24,8 MB/s
109725745152 bytes (110 GB, 102 GiB) copied, 4423 s, 24,8 MB/s
109742129152 bytes (110 GB, 102 GiB) copied, 4424 s, 24,8 MB/s
109758513152 bytes (110 GB, 102 GiB) copied, 4425 s, 24,8 MB/s
109774897152 bytes (110 GB, 102 GiB) copied, 4426 s, 24,8 MB/s
109792755712 bytes (110 GB, 102 GiB) copied, 4427 s, 24,8 MB/s
109809303552 bytes (110 GB, 102 GiB) copied, 4428 s, 24,8 MB/s
109825687552 bytes (110 GB, 102 GiB) copied, 4429 s, 24,8 MB/s
109842071552 bytes (110 GB, 102 GiB) copied, 4430 s, 24,8 MB/s
109858455552 bytes (110 GB, 102 GiB) copied, 4431 s, 24,8 MB/s
109874839552 bytes (110 GB, 102 GiB) copied, 4432 s, 24,8 MB/s
109892861952 bytes (110 GB, 102 GiB) copied, 4433 s, 24,8 MB/s
109910720512 bytes (110 GB, 102 GiB) copied, 4434 s, 24,8 MB/s
109927104512 bytes (110 GB, 102 GiB) copied, 4435 s, 24,8 MB/s
109943488512 bytes (110 GB, 102 GiB) copied, 4436 s, 24,8 MB/s
109960036352 bytes (110 GB, 102 GiB) copied, 4437 s, 24,8 MB/s
109976420352 bytes (110 GB, 102 GiB) copied, 4438 s, 24,8 MB/s
109993295872 bytes (110 GB, 102 GiB) copied, 4439 s, 24,8 MB/s
110009843712 bytes (110 GB, 102 GiB) copied, 4440 s, 24,8 MB/s
110026391552 bytes (110 GB, 102 GiB) copied, 4441 s, 24,8 MB/s
110042775552 bytes (110 GB, 102 GiB) copied, 4442 s, 24,8 MB/s
110059159552 bytes (110 GB, 103 GiB) copied, 4443 s, 24,8 MB/s
110075543552 bytes (110 GB, 103 GiB) copied, 4444 s, 24,8 MB/s
110092582912 bytes (110 GB, 103 GiB) copied, 4445 s, 24,8 MB/s
110108966912 bytes (110 GB, 103 GiB) copied, 4446 s, 24,8 MB/s
110125350912 bytes (110 GB, 103 GiB) copied, 4447 s, 24,8 MB/s
110141734912 bytes (110 GB, 103 GiB) copied, 4448 s, 24,8 MB/s
110158118912 bytes (110 GB, 103 GiB) copied, 4449 s, 24,8 MB/s
110174666752 bytes (110 GB, 103 GiB) copied, 4450 s, 24,8 MB/s
110192033792 bytes (110 GB, 103 GiB) copied, 4451 s, 24,8 MB/s
110210220032 bytes (110 GB, 103 GiB) copied, 4452 s, 24,8 MB/s
110228406272 bytes (110 GB, 103 GiB) copied, 4453 s, 24,8 MB/s
110245445632 bytes (110 GB, 103 GiB) copied, 4454 s, 24,8 MB/s
110262321152 bytes (110 GB, 103 GiB) copied, 4455 s, 24,8 MB/s
110278836224 bytes (110 GB, 103 GiB) copied, 4456 s, 24,7 MB/s
110295744512 bytes (110 GB, 103 GiB) copied, 4457 s, 24,7 MB/s
110312292352 bytes (110 GB, 103 GiB) copied, 4458 s, 24,7 MB/s
110328676352 bytes (110 GB, 103 GiB) copied, 4459 s, 24,7 MB/s
110345060352 bytes (110 GB, 103 GiB) copied, 4460 s, 24,7 MB/s
110361444352 bytes (110 GB, 103 GiB) copied, 4461 s, 24,7 MB/s
110377828352 bytes (110 GB, 103 GiB) copied, 4462 s, 24,7 MB/s
110395359232 bytes (110 GB, 103 GiB) copied, 4463 s, 24,7 MB/s
110413381632 bytes (110 GB, 103 GiB) copied, 4464 s, 24,7 MB/s
110430093312 bytes (110 GB, 103 GiB) copied, 4465 s, 24,7 MB/s
110446477312 bytes (110 GB, 103 GiB) copied, 4466 s, 24,7 MB/s
110462861312 bytes (110 GB, 103 GiB) copied, 4467 s, 24,7 MB/s
110479409152 bytes (110 GB, 103 GiB) copied, 4468 s, 24,7 MB/s
110495793152 bytes (110 GB, 103 GiB) copied, 4469 s, 24,7 MB/s
110513946624 bytes (111 GB, 103 GiB) copied, 4470 s, 24,7 MB/s
110531837952 bytes (111 GB, 103 GiB) copied, 4471 s, 24,7 MB/s
110548385792 bytes (111 GB, 103 GiB) copied, 4472 s, 24,7 MB/s
110564769792 bytes (111 GB, 103 GiB) copied, 4473 s, 24,7 MB/s
110581153792 bytes (111 GB, 103 GiB) copied, 4474 s, 24,7 MB/s
110597537792 bytes (111 GB, 103 GiB) copied, 4475 s, 24,7 MB/s
110614904832 bytes (111 GB, 103 GiB) copied, 4476 s, 24,7 MB/s
110631780352 bytes (111 GB, 103 GiB) copied, 4477 s, 24,7 MB/s
110648164352 bytes (111 GB, 103 GiB) copied, 4478 s, 24,7 MB/s
110664548352 bytes (111 GB, 103 GiB) copied, 4479 s, 24,7 MB/s
110680932352 bytes (111 GB, 103 GiB) copied, 4480 s, 24,7 MB/s
110697480192 bytes (111 GB, 103 GiB) copied, 4481 s, 24,7 MB/s
110714519552 bytes (111 GB, 103 GiB) copied, 4482 s, 24,7 MB/s
110732705792 bytes (111 GB, 103 GiB) copied, 4483 s, 24,7 MB/s
110750564352 bytes (111 GB, 103 GiB) copied, 4484 s, 24,7 MB/s
110767112192 bytes (111 GB, 103 GiB) copied, 4485 s, 24,7 MB/s
110783463424 bytes (111 GB, 103 GiB) copied, 4486 s, 24,7 MB/s
110799880192 bytes (111 GB, 103 GiB) copied, 4487 s, 24,7 MB/s
110816755712 bytes (111 GB, 103 GiB) copied, 4488 s, 24,7 MB/s
110833139712 bytes (111 GB, 103 GiB) copied, 4489 s, 24,7 MB/s
110849523712 bytes (111 GB, 103 GiB) copied, 4490 s, 24,7 MB/s
110865907712 bytes (111 GB, 103 GiB) copied, 4491 s, 24,7 MB/s
110882291712 bytes (111 GB, 103 GiB) copied, 4492 s, 24,7 MB/s
110898675712 bytes (111 GB, 103 GiB) copied, 4493 s, 24,7 MB/s
110915715072 bytes (111 GB, 103 GiB) copied, 4494 s, 24,7 MB/s
110933901312 bytes (111 GB, 103 GiB) copied, 4495 s, 24,7 MB/s
110951759872 bytes (111 GB, 103 GiB) copied, 4496 s, 24,7 MB/s
110968143872 bytes (111 GB, 103 GiB) copied, 4497 s, 24,7 MB/s
110984527872 bytes (111 GB, 103 GiB) copied, 4498 s, 24,7 MB/s
111000911872 bytes (111 GB, 103 GiB) copied, 4499 s, 24,7 MB/s
111018278912 bytes (111 GB, 103 GiB) copied, 4500 s, 24,7 MB/s
111036465152 bytes (111 GB, 103 GiB) copied, 4501 s, 24,7 MB/s
111054585856 bytes (111 GB, 103 GiB) copied, 4502 s, 24,7 MB/s
111071854592 bytes (111 GB, 103 GiB) copied, 4503 s, 24,7 MB/s
111088500736 bytes (111 GB, 103 GiB) copied, 4504 s, 24,7 MB/s
111104917504 bytes (111 GB, 103 GiB) copied, 4505 s, 24,7 MB/s
111121825792 bytes (111 GB, 103 GiB) copied, 4506 s, 24,7 MB/s
111138701312 bytes (111 GB, 104 GiB) copied, 4507 s, 24,7 MB/s
111155249152 bytes (111 GB, 104 GiB) copied, 4508 s, 24,7 MB/s
111171600384 bytes (111 GB, 104 GiB) copied, 4509 s, 24,7 MB/s
111188017152 bytes (111 GB, 104 GiB) copied, 4510 s, 24,7 MB/s
111205875712 bytes (111 GB, 104 GiB) copied, 4511 s, 24,7 MB/s
111224061952 bytes (111 GB, 104 GiB) copied, 4512 s, 24,7 MB/s
111241920512 bytes (111 GB, 104 GiB) copied, 4513 s, 24,6 MB/s
111258468352 bytes (111 GB, 104 GiB) copied, 4514 s, 24,6 MB/s
111274852352 bytes (111 GB, 104 GiB) copied, 4515 s, 24,6 MB/s
111291203584 bytes (111 GB, 104 GiB) copied, 4516 s, 24,6 MB/s
111307784192 bytes (111 GB, 104 GiB) copied, 4517 s, 24,6 MB/s
111324823552 bytes (111 GB, 104 GiB) copied, 4518 s, 24,6 MB/s
111342845952 bytes (111 GB, 104 GiB) copied, 4519 s, 24,6 MB/s
111359885312 bytes (111 GB, 104 GiB) copied, 4520 s, 24,6 MB/s
111376269312 bytes (111 GB, 104 GiB) copied, 4521 s, 24,6 MB/s
111392817152 bytes (111 GB, 104 GiB) copied, 4522 s, 24,6 MB/s
111409528832 bytes (111 GB, 104 GiB) copied, 4523 s, 24,6 MB/s
111425912832 bytes (111 GB, 104 GiB) copied, 4524 s, 24,6 MB/s
111442460672 bytes (111 GB, 104 GiB) copied, 4525 s, 24,6 MB/s
111458844672 bytes (111 GB, 104 GiB) copied, 4526 s, 24,6 MB/s
111475228672 bytes (111 GB, 104 GiB) copied, 4527 s, 24,6 MB/s
111491940352 bytes (111 GB, 104 GiB) copied, 4528 s, 24,6 MB/s
111510126592 bytes (112 GB, 104 GiB) copied, 4529 s, 24,6 MB/s
111528312832 bytes (112 GB, 104 GiB) copied, 4530 s, 24,6 MB/s
111546564608 bytes (112 GB, 104 GiB) copied, 4531 s, 24,6 MB/s
111564029952 bytes (112 GB, 104 GiB) copied, 4532 s, 24,6 MB/s
111580413952 bytes (112 GB, 104 GiB) copied, 4533 s, 24,6 MB/s
111596797952 bytes (112 GB, 104 GiB) copied, 4534 s, 24,6 MB/s
111613837312 bytes (112 GB, 104 GiB) copied, 4535 s, 24,6 MB/s
111632023552 bytes (112 GB, 104 GiB) copied, 4536 s, 24,6 MB/s
111648735232 bytes (112 GB, 104 GiB) copied, 4537 s, 24,6 MB/s
111665119232 bytes (112 GB, 104 GiB) copied, 4538 s, 24,6 MB/s
111681503232 bytes (112 GB, 104 GiB) copied, 4539 s, 24,6 MB/s
111697887232 bytes (112 GB, 104 GiB) copied, 4540 s, 24,6 MB/s
111714762752 bytes (112 GB, 104 GiB) copied, 4541 s, 24,6 MB/s
111732883456 bytes (112 GB, 104 GiB) copied, 4542 s, 24,6 MB/s
111749496832 bytes (112 GB, 104 GiB) copied, 4543 s, 24,6 MB/s
111765880832 bytes (112 GB, 104 GiB) copied, 4544 s, 24,6 MB/s
111782264832 bytes (112 GB, 104 GiB) copied, 4545 s, 24,6 MB/s
111798648832 bytes (112 GB, 104 GiB) copied, 4546 s, 24,6 MB/s
111816507392 bytes (112 GB, 104 GiB) copied, 4547 s, 24,6 MB/s
111834693632 bytes (112 GB, 104 GiB) copied, 4548 s, 24,6 MB/s
111851732992 bytes (112 GB, 104 GiB) copied, 4549 s, 24,6 MB/s
111868116992 bytes (112 GB, 104 GiB) copied, 4550 s, 24,6 MB/s
111884500992 bytes (112 GB, 104 GiB) copied, 4551 s, 24,6 MB/s
111900884992 bytes (112 GB, 104 GiB) copied, 4552 s, 24,6 MB/s
111917268992 bytes (112 GB, 104 GiB) copied, 4553 s, 24,6 MB/s
111935291392 bytes (112 GB, 104 GiB) copied, 4554 s, 24,6 MB/s
111953477632 bytes (112 GB, 104 GiB) copied, 4555 s, 24,6 MB/s
111970189312 bytes (112 GB, 104 GiB) copied, 4556 s, 24,6 MB/s
111986671616 bytes (112 GB, 104 GiB) copied, 4557 s, 24,6 MB/s
112002957312 bytes (112 GB, 104 GiB) copied, 4558 s, 24,6 MB/s
112019439616 bytes (112 GB, 104 GiB) copied, 4559 s, 24,6 MB/s
112036708352 bytes (112 GB, 104 GiB) copied, 4560 s, 24,6 MB/s
112054894592 bytes (112 GB, 104 GiB) copied, 4561 s, 24,6 MB/s
112073080832 bytes (112 GB, 104 GiB) copied, 4562 s, 24,6 MB/s
112090284032 bytes (112 GB, 104 GiB) copied, 4563 s, 24,6 MB/s
112106831872 bytes (112 GB, 104 GiB) copied, 4564 s, 24,6 MB/s
112123379712 bytes (112 GB, 104 GiB) copied, 4565 s, 24,6 MB/s
112139763712 bytes (112 GB, 104 GiB) copied, 4566 s, 24,6 MB/s
112156966912 bytes (112 GB, 104 GiB) copied, 4567 s, 24,6 MB/s
112175153152 bytes (112 GB, 104 GiB) copied, 4568 s, 24,6 MB/s
112192684032 bytes (112 GB, 104 GiB) copied, 4569 s, 24,6 MB/s
112209068032 bytes (112 GB, 105 GiB) copied, 4570 s, 24,6 MB/s
112225452032 bytes (112 GB, 105 GiB) copied, 4571 s, 24,6 MB/s
112241836032 bytes (112 GB, 105 GiB) copied, 4572 s, 24,5 MB/s
112258711552 bytes (112 GB, 105 GiB) copied, 4573 s, 24,5 MB/s
112276733952 bytes (112 GB, 105 GiB) copied, 4574 s, 24,5 MB/s
112293281792 bytes (112 GB, 105 GiB) copied, 4575 s, 24,5 MB/s
112309665792 bytes (112 GB, 105 GiB) copied, 4576 s, 24,5 MB/s
112326049792 bytes (112 GB, 105 GiB) copied, 4577 s, 24,5 MB/s
112342433792 bytes (112 GB, 105 GiB) copied, 4578 s, 24,5 MB/s
112359636992 bytes (112 GB, 105 GiB) copied, 4579 s, 24,5 MB/s
112377823232 bytes (112 GB, 105 GiB) copied, 4580 s, 24,5 MB/s
112394534912 bytes (112 GB, 105 GiB) copied, 4581 s, 24,5 MB/s
112410918912 bytes (112 GB, 105 GiB) copied, 4582 s, 24,5 MB/s
112427270144 bytes (112 GB, 105 GiB) copied, 4583 s, 24,5 MB/s
112443686912 bytes (112 GB, 105 GiB) copied, 4584 s, 24,5 MB/s
112461053952 bytes (112 GB, 105 GiB) copied, 4585 s, 24,5 MB/s
112478748672 bytes (112 GB, 105 GiB) copied, 4586 s, 24,5 MB/s
112495460352 bytes (112 GB, 105 GiB) copied, 4587 s, 24,5 MB/s
112511844352 bytes (113 GB, 105 GiB) copied, 4588 s, 24,5 MB/s
112528228352 bytes (113 GB, 105 GiB) copied, 4589 s, 24,5 MB/s
112544612352 bytes (113 GB, 105 GiB) copied, 4590 s, 24,5 MB/s
112561651712 bytes (113 GB, 105 GiB) copied, 4591 s, 24,5 MB/s
112579674112 bytes (113 GB, 105 GiB) copied, 4592 s, 24,5 MB/s
112596221952 bytes (113 GB, 105 GiB) copied, 4593 s, 24,5 MB/s
112612605952 bytes (113 GB, 105 GiB) copied, 4594 s, 24,5 MB/s
112628989952 bytes (113 GB, 105 GiB) copied, 4595 s, 24,5 MB/s
112645373952 bytes (113 GB, 105 GiB) copied, 4596 s, 24,5 MB/s
112661889024 bytes (113 GB, 105 GiB) copied, 4597 s, 24,5 MB/s
112680173568 bytes (113 GB, 105 GiB) copied, 4598 s, 24,5 MB/s
112697442304 bytes (113 GB, 105 GiB) copied, 4599 s, 24,5 MB/s
112713826304 bytes (113 GB, 105 GiB) copied, 4600 s, 24,5 MB/s
112730210304 bytes (113 GB, 105 GiB) copied, 4601 s, 24,5 MB/s
112746594304 bytes (113 GB, 105 GiB) copied, 4602 s, 24,5 MB/s
112762978304 bytes (113 GB, 105 GiB) copied, 4603 s, 24,5 MB/s
112780673024 bytes (113 GB, 105 GiB) copied, 4604 s, 24,5 MB/s
112798531584 bytes (113 GB, 105 GiB) copied, 4605 s, 24,5 MB/s
112815079424 bytes (113 GB, 105 GiB) copied, 4606 s, 24,5 MB/s
112831463424 bytes (113 GB, 105 GiB) copied, 4607 s, 24,5 MB/s
112847847424 bytes (113 GB, 105 GiB) copied, 4608 s, 24,5 MB/s
112864231424 bytes (113 GB, 105 GiB) copied, 4609 s, 24,5 MB/s
112881598464 bytes (113 GB, 105 GiB) copied, 4610 s, 24,5 MB/s
112898310144 bytes (113 GB, 105 GiB) copied, 4611 s, 24,5 MB/s
112914694144 bytes (113 GB, 105 GiB) copied, 4612 s, 24,5 MB/s
112931078144 bytes (113 GB, 105 GiB) copied, 4613 s, 24,5 MB/s
112947462144 bytes (113 GB, 105 GiB) copied, 4614 s, 24,5 MB/s
112963846144 bytes (113 GB, 105 GiB) copied, 4615 s, 24,5 MB/s
112982032384 bytes (113 GB, 105 GiB) copied, 4616 s, 24,5 MB/s
113000218624 bytes (113 GB, 105 GiB) copied, 4617 s, 24,5 MB/s
113017257984 bytes (113 GB, 105 GiB) copied, 4618 s, 24,5 MB/s
113033641984 bytes (113 GB, 105 GiB) copied, 4619 s, 24,5 MB/s
113050025984 bytes (113 GB, 105 GiB) copied, 4620 s, 24,5 MB/s
113066409984 bytes (113 GB, 105 GiB) copied, 4621 s, 24,5 MB/s
113083777024 bytes (113 GB, 105 GiB) copied, 4622 s, 24,5 MB/s
113101307904 bytes (113 GB, 105 GiB) copied, 4623 s, 24,5 MB/s
113118019584 bytes (113 GB, 105 GiB) copied, 4624 s, 24,5 MB/s
113134403584 bytes (113 GB, 105 GiB) copied, 4625 s, 24,5 MB/s
113150787584 bytes (113 GB, 105 GiB) copied, 4626 s, 24,5 MB/s
113167171584 bytes (113 GB, 105 GiB) copied, 4627 s, 24,5 MB/s
113184374784 bytes (113 GB, 105 GiB) copied, 4628 s, 24,5 MB/s
113201250304 bytes (113 GB, 105 GiB) copied, 4629 s, 24,5 MB/s
113217634304 bytes (113 GB, 105 GiB) copied, 4630 s, 24,5 MB/s
113234018304 bytes (113 GB, 105 GiB) copied, 4631 s, 24,5 MB/s
113250402304 bytes (113 GB, 105 GiB) copied, 4632 s, 24,4 MB/s
113266786304 bytes (113 GB, 105 GiB) copied, 4633 s, 24,4 MB/s
113284481024 bytes (113 GB, 106 GiB) copied, 4634 s, 24,4 MB/s
113302667264 bytes (113 GB, 106 GiB) copied, 4635 s, 24,4 MB/s
113320198144 bytes (113 GB, 106 GiB) copied, 4636 s, 24,4 MB/s
113336582144 bytes (113 GB, 106 GiB) copied, 4637 s, 24,4 MB/s
113352966144 bytes (113 GB, 106 GiB) copied, 4638 s, 24,4 MB/s
113369350144 bytes (113 GB, 106 GiB) copied, 4639 s, 24,4 MB/s
113385734144 bytes (113 GB, 106 GiB) copied, 4640 s, 24,4 MB/s
113403428864 bytes (113 GB, 106 GiB) copied, 4641 s, 24,4 MB/s
113420632064 bytes (113 GB, 106 GiB) copied, 4642 s, 24,4 MB/s
113437179904 bytes (113 GB, 106 GiB) copied, 4643 s, 24,4 MB/s
113453563904 bytes (113 GB, 106 GiB) copied, 4644 s, 24,4 MB/s
113469947904 bytes (113 GB, 106 GiB) copied, 4645 s, 24,4 MB/s
113486331904 bytes (113 GB, 106 GiB) copied, 4646 s, 24,4 MB/s
113502715904 bytes (114 GB, 106 GiB) copied, 4647 s, 24,4 MB/s
113519099904 bytes (114 GB, 106 GiB) copied, 4648 s, 24,4 MB/s
113535483904 bytes (114 GB, 106 GiB) copied, 4649 s, 24,4 MB/s
113551867904 bytes (114 GB, 106 GiB) copied, 4650 s, 24,4 MB/s
113568251904 bytes (114 GB, 106 GiB) copied, 4651 s, 24,4 MB/s
113584635904 bytes (114 GB, 106 GiB) copied, 4652 s, 24,4 MB/s
113602330624 bytes (114 GB, 106 GiB) copied, 4653 s, 24,4 MB/s
113619697664 bytes (114 GB, 106 GiB) copied, 4654 s, 24,4 MB/s
113636212736 bytes (114 GB, 106 GiB) copied, 4655 s, 24,4 MB/s
113652465664 bytes (114 GB, 106 GiB) copied, 4656 s, 24,4 MB/s
113668980736 bytes (114 GB, 106 GiB) copied, 4657 s, 24,4 MB/s
113685364736 bytes (114 GB, 106 GiB) copied, 4658 s, 24,4 MB/s
113702764544 bytes (114 GB, 106 GiB) copied, 4659 s, 24,4 MB/s
113720950784 bytes (114 GB, 106 GiB) copied, 4660 s, 24,4 MB/s
113737334784 bytes (114 GB, 106 GiB) copied, 4661 s, 24,4 MB/s
113753718784 bytes (114 GB, 106 GiB) copied, 4662 s, 24,4 MB/s
113770102784 bytes (114 GB, 106 GiB) copied, 4663 s, 24,4 MB/s
113786486784 bytes (114 GB, 106 GiB) copied, 4664 s, 24,4 MB/s
113802870784 bytes (114 GB, 106 GiB) copied, 4665 s, 24,4 MB/s
113820729344 bytes (114 GB, 106 GiB) copied, 4666 s, 24,4 MB/s
113837932544 bytes (114 GB, 106 GiB) copied, 4667 s, 24,4 MB/s
113854316544 bytes (114 GB, 106 GiB) copied, 4668 s, 24,4 MB/s
113870700544 bytes (114 GB, 106 GiB) copied, 4669 s, 24,4 MB/s
113887084544 bytes (114 GB, 106 GiB) copied, 4670 s, 24,4 MB/s
113903632384 bytes (114 GB, 106 GiB) copied, 4671 s, 24,4 MB/s
113921163264 bytes (114 GB, 106 GiB) copied, 4672 s, 24,4 MB/s
113937874944 bytes (114 GB, 106 GiB) copied, 4673 s, 24,4 MB/s
113954258944 bytes (114 GB, 106 GiB) copied, 4674 s, 24,4 MB/s
113970642944 bytes (114 GB, 106 GiB) copied, 4675 s, 24,4 MB/s
113987026944 bytes (114 GB, 106 GiB) copied, 4676 s, 24,4 MB/s
114003410944 bytes (114 GB, 106 GiB) copied, 4677 s, 24,4 MB/s
114020122624 bytes (114 GB, 106 GiB) copied, 4678 s, 24,4 MB/s
114037489664 bytes (114 GB, 106 GiB) copied, 4679 s, 24,4 MB/s
114053873664 bytes (114 GB, 106 GiB) copied, 4680 s, 24,4 MB/s
114070257664 bytes (114 GB, 106 GiB) copied, 4681 s, 24,4 MB/s
114086641664 bytes (114 GB, 106 GiB) copied, 4682 s, 24,4 MB/s
114103025664 bytes (114 GB, 106 GiB) copied, 4683 s, 24,4 MB/s
114120556544 bytes (114 GB, 106 GiB) copied, 4684 s, 24,4 MB/s
114138742784 bytes (114 GB, 106 GiB) copied, 4685 s, 24,4 MB/s
114155454464 bytes (114 GB, 106 GiB) copied, 4686 s, 24,4 MB/s
114172002304 bytes (114 GB, 106 GiB) copied, 4687 s, 24,4 MB/s
114188386304 bytes (114 GB, 106 GiB) copied, 4688 s, 24,4 MB/s
114204770304 bytes (114 GB, 106 GiB) copied, 4689 s, 24,4 MB/s
114221481984 bytes (114 GB, 106 GiB) copied, 4690 s, 24,4 MB/s
114239668224 bytes (114 GB, 106 GiB) copied, 4691 s, 24,4 MB/s
114256707584 bytes (114 GB, 106 GiB) copied, 4692 s, 24,4 MB/s
114273091584 bytes (114 GB, 106 GiB) copied, 4693 s, 24,3 MB/s
114289475584 bytes (114 GB, 106 GiB) copied, 4694 s, 24,3 MB/s
114305859584 bytes (114 GB, 106 GiB) copied, 4695 s, 24,3 MB/s
114322407424 bytes (114 GB, 106 GiB) copied, 4696 s, 24,3 MB/s
114340102144 bytes (114 GB, 106 GiB) copied, 4697 s, 24,3 MB/s
114356617216 bytes (114 GB, 107 GiB) copied, 4698 s, 24,3 MB/s
114372870144 bytes (114 GB, 107 GiB) copied, 4699 s, 24,3 MB/s
114389254144 bytes (114 GB, 107 GiB) copied, 4700 s, 24,3 MB/s
114405769216 bytes (114 GB, 107 GiB) copied, 4701 s, 24,3 MB/s
114422022144 bytes (114 GB, 107 GiB) copied, 4702 s, 24,3 MB/s
114440208384 bytes (114 GB, 107 GiB) copied, 4703 s, 24,3 MB/s
114457247744 bytes (114 GB, 107 GiB) copied, 4704 s, 24,3 MB/s
114473631744 bytes (114 GB, 107 GiB) copied, 4705 s, 24,3 MB/s
114490015744 bytes (114 GB, 107 GiB) copied, 4706 s, 24,3 MB/s
114506399744 bytes (115 GB, 107 GiB) copied, 4707 s, 24,3 MB/s
114522783744 bytes (115 GB, 107 GiB) copied, 4708 s, 24,3 MB/s
114539986944 bytes (115 GB, 107 GiB) copied, 4709 s, 24,3 MB/s
114556534784 bytes (115 GB, 107 GiB) copied, 4710 s, 24,3 MB/s
114572918784 bytes (115 GB, 107 GiB) copied, 4711 s, 24,3 MB/s
114589302784 bytes (115 GB, 107 GiB) copied, 4712 s, 24,3 MB/s
114605686784 bytes (115 GB, 107 GiB) copied, 4713 s, 24,3 MB/s
114622070784 bytes (115 GB, 107 GiB) copied, 4714 s, 24,3 MB/s
114638946304 bytes (115 GB, 107 GiB) copied, 4715 s, 24,3 MB/s
114656870400 bytes (115 GB, 107 GiB) copied, 4716 s, 24,3 MB/s
114673352704 bytes (115 GB, 107 GiB) copied, 4717 s, 24,3 MB/s
114689736704 bytes (115 GB, 107 GiB) copied, 4718 s, 24,3 MB/s
114706120704 bytes (115 GB, 107 GiB) copied, 4719 s, 24,3 MB/s
114722471936 bytes (115 GB, 107 GiB) copied, 4720 s, 24,3 MB/s
114739052544 bytes (115 GB, 107 GiB) copied, 4721 s, 24,3 MB/s
114756091904 bytes (115 GB, 107 GiB) copied, 4722 s, 24,3 MB/s
114772475904 bytes (115 GB, 107 GiB) copied, 4723 s, 24,3 MB/s
114788859904 bytes (115 GB, 107 GiB) copied, 4724 s, 24,3 MB/s
114805571584 bytes (115 GB, 107 GiB) copied, 4725 s, 24,3 MB/s
114821955584 bytes (115 GB, 107 GiB) copied, 4726 s, 24,3 MB/s
114838339584 bytes (115 GB, 107 GiB) copied, 4727 s, 24,3 MB/s
114855870464 bytes (115 GB, 107 GiB) copied, 4728 s, 24,3 MB/s
114872745984 bytes (115 GB, 107 GiB) copied, 4729 s, 24,3 MB/s
114889293824 bytes (115 GB, 107 GiB) copied, 4730 s, 24,3 MB/s
114905677824 bytes (115 GB, 107 GiB) copied, 4731 s, 24,3 MB/s
114922061824 bytes (115 GB, 107 GiB) copied, 4732 s, 24,3 MB/s
114938445824 bytes (115 GB, 107 GiB) copied, 4733 s, 24,3 MB/s
114956140544 bytes (115 GB, 107 GiB) copied, 4734 s, 24,3 MB/s
114972688384 bytes (115 GB, 107 GiB) copied, 4735 s, 24,3 MB/s
114989236224 bytes (115 GB, 107 GiB) copied, 4736 s, 24,3 MB/s
115005620224 bytes (115 GB, 107 GiB) copied, 4737 s, 24,3 MB/s
115022004224 bytes (115 GB, 107 GiB) copied, 4738 s, 24,3 MB/s
115038388224 bytes (115 GB, 107 GiB) copied, 4739 s, 24,3 MB/s
115056082944 bytes (115 GB, 107 GiB) copied, 4740 s, 24,3 MB/s
115073777664 bytes (115 GB, 107 GiB) copied, 4741 s, 24,3 MB/s
115090489344 bytes (115 GB, 107 GiB) copied, 4742 s, 24,3 MB/s
115107037184 bytes (115 GB, 107 GiB) copied, 4743 s, 24,3 MB/s
115123421184 bytes (115 GB, 107 GiB) copied, 4744 s, 24,3 MB/s
115139805184 bytes (115 GB, 107 GiB) copied, 4745 s, 24,3 MB/s
115156189184 bytes (115 GB, 107 GiB) copied, 4746 s, 24,3 MB/s
115173883904 bytes (115 GB, 107 GiB) copied, 4747 s, 24,3 MB/s
115190759424 bytes (115 GB, 107 GiB) copied, 4748 s, 24,3 MB/s
115207143424 bytes (115 GB, 107 GiB) copied, 4749 s, 24,3 MB/s
115223527424 bytes (115 GB, 107 GiB) copied, 4750 s, 24,3 MB/s
115239911424 bytes (115 GB, 107 GiB) copied, 4751 s, 24,3 MB/s
115257114624 bytes (115 GB, 107 GiB) copied, 4752 s, 24,3 MB/s
115274317824 bytes (115 GB, 107 GiB) copied, 4753 s, 24,3 MB/s
115290865664 bytes (115 GB, 107 GiB) copied, 4754 s, 24,3 MB/s
115307249664 bytes (115 GB, 107 GiB) copied, 4755 s, 24,2 MB/s
115323633664 bytes (115 GB, 107 GiB) copied, 4756 s, 24,2 MB/s
115340017664 bytes (115 GB, 107 GiB) copied, 4757 s, 24,2 MB/s
115356401664 bytes (115 GB, 107 GiB) copied, 4758 s, 24,2 MB/s
115374587904 bytes (115 GB, 107 GiB) copied, 4759 s, 24,2 MB/s
115392282624 bytes (115 GB, 107 GiB) copied, 4760 s, 24,2 MB/s
115408666624 bytes (115 GB, 107 GiB) copied, 4761 s, 24,2 MB/s
115425050624 bytes (115 GB, 107 GiB) copied, 4762 s, 24,2 MB/s
115441434624 bytes (115 GB, 108 GiB) copied, 4763 s, 24,2 MB/s
115457818624 bytes (115 GB, 108 GiB) copied, 4764 s, 24,2 MB/s
115474694144 bytes (115 GB, 108 GiB) copied, 4765 s, 24,2 MB/s
115491241984 bytes (115 GB, 108 GiB) copied, 4766 s, 24,2 MB/s
115507625984 bytes (116 GB, 108 GiB) copied, 4767 s, 24,2 MB/s
115524009984 bytes (116 GB, 108 GiB) copied, 4768 s, 24,2 MB/s
115540393984 bytes (116 GB, 108 GiB) copied, 4769 s, 24,2 MB/s
115556777984 bytes (116 GB, 108 GiB) copied, 4770 s, 24,2 MB/s
115573817344 bytes (116 GB, 108 GiB) copied, 4771 s, 24,2 MB/s
115590201344 bytes (116 GB, 108 GiB) copied, 4772 s, 24,2 MB/s
115606585344 bytes (116 GB, 108 GiB) copied, 4773 s, 24,2 MB/s
115622969344 bytes (116 GB, 108 GiB) copied, 4774 s, 24,2 MB/s
115639353344 bytes (116 GB, 108 GiB) copied, 4775 s, 24,2 MB/s
115655737344 bytes (116 GB, 108 GiB) copied, 4776 s, 24,2 MB/s
115672121344 bytes (116 GB, 108 GiB) copied, 4777 s, 24,2 MB/s
115690143744 bytes (116 GB, 108 GiB) copied, 4778 s, 24,2 MB/s
115707019264 bytes (116 GB, 108 GiB) copied, 4779 s, 24,2 MB/s
115723567104 bytes (116 GB, 108 GiB) copied, 4780 s, 24,2 MB/s
115739951104 bytes (116 GB, 108 GiB) copied, 4781 s, 24,2 MB/s
115756335104 bytes (116 GB, 108 GiB) copied, 4782 s, 24,2 MB/s
115773046784 bytes (116 GB, 108 GiB) copied, 4783 s, 24,2 MB/s
115790249984 bytes (116 GB, 108 GiB) copied, 4784 s, 24,2 MB/s
115806797824 bytes (116 GB, 108 GiB) copied, 4785 s, 24,2 MB/s
115823575040 bytes (116 GB, 108 GiB) copied, 4786 s, 24,2 MB/s
115840024576 bytes (116 GB, 108 GiB) copied, 4787 s, 24,2 MB/s
115856343040 bytes (116 GB, 108 GiB) copied, 4788 s, 24,2 MB/s
115872825344 bytes (116 GB, 108 GiB) copied, 4789 s, 24,2 MB/s
115890192384 bytes (116 GB, 108 GiB) copied, 4790 s, 24,2 MB/s
115906904064 bytes (116 GB, 108 GiB) copied, 4791 s, 24,2 MB/s
115923288064 bytes (116 GB, 108 GiB) copied, 4792 s, 24,2 MB/s
115939672064 bytes (116 GB, 108 GiB) copied, 4793 s, 24,2 MB/s
115956056064 bytes (116 GB, 108 GiB) copied, 4794 s, 24,2 MB/s
115972440064 bytes (116 GB, 108 GiB) copied, 4795 s, 24,2 MB/s
115989151744 bytes (116 GB, 108 GiB) copied, 4796 s, 24,2 MB/s
116006486016 bytes (116 GB, 108 GiB) copied, 4797 s, 24,2 MB/s
116022738944 bytes (116 GB, 108 GiB) copied, 4798 s, 24,2 MB/s
116039254016 bytes (116 GB, 108 GiB) copied, 4799 s, 24,2 MB/s
116055605248 bytes (116 GB, 108 GiB) copied, 4800 s, 24,2 MB/s
116071890944 bytes (116 GB, 108 GiB) copied, 4801 s, 24,2 MB/s
116088406016 bytes (116 GB, 108 GiB) copied, 4802 s, 24,2 MB/s
116106461184 bytes (116 GB, 108 GiB) copied, 4803 s, 24,2 MB/s
116123500544 bytes (116 GB, 108 GiB) copied, 4804 s, 24,2 MB/s
116139884544 bytes (116 GB, 108 GiB) copied, 4805 s, 24,2 MB/s
116156268544 bytes (116 GB, 108 GiB) copied, 4806 s, 24,2 MB/s
116172652544 bytes (116 GB, 108 GiB) copied, 4807 s, 24,2 MB/s
116189036544 bytes (116 GB, 108 GiB) copied, 4808 s, 24,2 MB/s
116207058944 bytes (116 GB, 108 GiB) copied, 4809 s, 24,2 MB/s
116224425984 bytes (116 GB, 108 GiB) copied, 4810 s, 24,2 MB/s
116240809984 bytes (116 GB, 108 GiB) copied, 4811 s, 24,2 MB/s
116257193984 bytes (116 GB, 108 GiB) copied, 4812 s, 24,2 MB/s
116273577984 bytes (116 GB, 108 GiB) copied, 4813 s, 24,2 MB/s
116289961984 bytes (116 GB, 108 GiB) copied, 4814 s, 24,2 MB/s
116307984384 bytes (116 GB, 108 GiB) copied, 4815 s, 24,2 MB/s
116325023744 bytes (116 GB, 108 GiB) copied, 4816 s, 24,2 MB/s
116341407744 bytes (116 GB, 108 GiB) copied, 4817 s, 24,2 MB/s
116357791744 bytes (116 GB, 108 GiB) copied, 4818 s, 24,2 MB/s
116374175744 bytes (116 GB, 108 GiB) copied, 4819 s, 24,1 MB/s
116390559744 bytes (116 GB, 108 GiB) copied, 4820 s, 24,1 MB/s
116407435264 bytes (116 GB, 108 GiB) copied, 4821 s, 24,1 MB/s
116424966144 bytes (116 GB, 108 GiB) copied, 4822 s, 24,1 MB/s
116441481216 bytes (116 GB, 108 GiB) copied, 4823 s, 24,1 MB/s
116457865216 bytes (116 GB, 108 GiB) copied, 4824 s, 24,1 MB/s
116474118144 bytes (116 GB, 108 GiB) copied, 4825 s, 24,1 MB/s
116490502144 bytes (116 GB, 108 GiB) copied, 4826 s, 24,1 MB/s
116507705344 bytes (117 GB, 109 GiB) copied, 4827 s, 24,1 MB/s
116525563904 bytes (117 GB, 109 GiB) copied, 4828 s, 24,1 MB/s
116542111744 bytes (117 GB, 109 GiB) copied, 4829 s, 24,1 MB/s
116558495744 bytes (117 GB, 109 GiB) copied, 4830 s, 24,1 MB/s
116574879744 bytes (117 GB, 109 GiB) copied, 4831 s, 24,1 MB/s
116591263744 bytes (117 GB, 109 GiB) copied, 4832 s, 24,1 MB/s
116607811584 bytes (117 GB, 109 GiB) copied, 4833 s, 24,1 MB/s
116625506304 bytes (117 GB, 109 GiB) copied, 4834 s, 24,1 MB/s
116641890304 bytes (117 GB, 109 GiB) copied, 4835 s, 24,1 MB/s
116658274304 bytes (117 GB, 109 GiB) copied, 4836 s, 24,1 MB/s
116674658304 bytes (117 GB, 109 GiB) copied, 4837 s, 24,1 MB/s
116691042304 bytes (117 GB, 109 GiB) copied, 4838 s, 24,1 MB/s
116707426304 bytes (117 GB, 109 GiB) copied, 4839 s, 24,1 MB/s
116724891648 bytes (117 GB, 109 GiB) copied, 4840 s, 24,1 MB/s
116741668864 bytes (117 GB, 109 GiB) copied, 4841 s, 24,1 MB/s
116758052864 bytes (117 GB, 109 GiB) copied, 4842 s, 24,1 MB/s
116774436864 bytes (117 GB, 109 GiB) copied, 4843 s, 24,1 MB/s
116790820864 bytes (117 GB, 109 GiB) copied, 4844 s, 24,1 MB/s
116808187904 bytes (117 GB, 109 GiB) copied, 4845 s, 24,1 MB/s
116826046464 bytes (117 GB, 109 GiB) copied, 4846 s, 24,1 MB/s
116842594304 bytes (117 GB, 109 GiB) copied, 4847 s, 24,1 MB/s
116858978304 bytes (117 GB, 109 GiB) copied, 4848 s, 24,1 MB/s
116875362304 bytes (117 GB, 109 GiB) copied, 4849 s, 24,1 MB/s
116891746304 bytes (117 GB, 109 GiB) copied, 4850 s, 24,1 MB/s
116908130304 bytes (117 GB, 109 GiB) copied, 4851 s, 24,1 MB/s
116924514304 bytes (117 GB, 109 GiB) copied, 4852 s, 24,1 MB/s
116942209024 bytes (117 GB, 109 GiB) copied, 4853 s, 24,1 MB/s
116958593024 bytes (117 GB, 109 GiB) copied, 4854 s, 24,1 MB/s
116974977024 bytes (117 GB, 109 GiB) copied, 4855 s, 24,1 MB/s
116991361024 bytes (117 GB, 109 GiB) copied, 4856 s, 24,1 MB/s
117007745024 bytes (117 GB, 109 GiB) copied, 4857 s, 24,1 MB/s
117024620544 bytes (117 GB, 109 GiB) copied, 4858 s, 24,1 MB/s
117042806784 bytes (117 GB, 109 GiB) copied, 4859 s, 24,1 MB/s
117060501504 bytes (117 GB, 109 GiB) copied, 4860 s, 24,1 MB/s
117076885504 bytes (117 GB, 109 GiB) copied, 4861 s, 24,1 MB/s
117093269504 bytes (117 GB, 109 GiB) copied, 4862 s, 24,1 MB/s
117109653504 bytes (117 GB, 109 GiB) copied, 4863 s, 24,1 MB/s
117126037504 bytes (117 GB, 109 GiB) copied, 4864 s, 24,1 MB/s
117142421504 bytes (117 GB, 109 GiB) copied, 4865 s, 24,1 MB/s
117158805504 bytes (117 GB, 109 GiB) copied, 4866 s, 24,1 MB/s
117175189504 bytes (117 GB, 109 GiB) copied, 4867 s, 24,1 MB/s
117191573504 bytes (117 GB, 109 GiB) copied, 4868 s, 24,1 MB/s
117207957504 bytes (117 GB, 109 GiB) copied, 4869 s, 24,1 MB/s
117225160704 bytes (117 GB, 109 GiB) copied, 4870 s, 24,1 MB/s
117241872384 bytes (117 GB, 109 GiB) copied, 4871 s, 24,1 MB/s
117258584064 bytes (117 GB, 109 GiB) copied, 4872 s, 24,1 MB/s
117274968064 bytes (117 GB, 109 GiB) copied, 4873 s, 24,1 MB/s
117291352064 bytes (117 GB, 109 GiB) copied, 4874 s, 24,1 MB/s
117308162048 bytes (117 GB, 109 GiB) copied, 4875 s, 24,1 MB/s
117326413824 bytes (117 GB, 109 GiB) copied, 4876 s, 24,1 MB/s
117344600064 bytes (117 GB, 109 GiB) copied, 4877 s, 24,1 MB/s
117362294784 bytes (117 GB, 109 GiB) copied, 4878 s, 24,1 MB/s
117379104768 bytes (117 GB, 109 GiB) copied, 4879 s, 24,1 MB/s
117395554304 bytes (117 GB, 109 GiB) copied, 4880 s, 24,1 MB/s
117411938304 bytes (117 GB, 109 GiB) copied, 4881 s, 24,1 MB/s
117428322304 bytes (117 GB, 109 GiB) copied, 4882 s, 24,1 MB/s
117444706304 bytes (117 GB, 109 GiB) copied, 4883 s, 24,1 MB/s
117462073344 bytes (117 GB, 109 GiB) copied, 4884 s, 24,1 MB/s
117480095744 bytes (117 GB, 109 GiB) copied, 4885 s, 24,0 MB/s
117496479744 bytes (117 GB, 109 GiB) copied, 4886 s, 24,0 MB/s
117512863744 bytes (118 GB, 109 GiB) copied, 4887 s, 24,0 MB/s
117529247744 bytes (118 GB, 109 GiB) copied, 4888 s, 24,0 MB/s
117545631744 bytes (118 GB, 109 GiB) copied, 4889 s, 24,0 MB/s
117562179584 bytes (118 GB, 109 GiB) copied, 4890 s, 24,0 MB/s
117578563584 bytes (118 GB, 110 GiB) copied, 4891 s, 24,0 MB/s
117594947584 bytes (118 GB, 110 GiB) copied, 4892 s, 24,0 MB/s
117611331584 bytes (118 GB, 110 GiB) copied, 4893 s, 24,0 MB/s
117627715584 bytes (118 GB, 110 GiB) copied, 4894 s, 24,0 MB/s
117644099584 bytes (118 GB, 110 GiB) copied, 4895 s, 24,0 MB/s
117660647424 bytes (118 GB, 110 GiB) copied, 4896 s, 24,0 MB/s
117678342144 bytes (118 GB, 110 GiB) copied, 4897 s, 24,0 MB/s
117694726144 bytes (118 GB, 110 GiB) copied, 4898 s, 24,0 MB/s
117711110144 bytes (118 GB, 110 GiB) copied, 4899 s, 24,0 MB/s
117727494144 bytes (118 GB, 110 GiB) copied, 4900 s, 24,0 MB/s
117743878144 bytes (118 GB, 110 GiB) copied, 4901 s, 24,0 MB/s
117760262144 bytes (118 GB, 110 GiB) copied, 4902 s, 24,0 MB/s
117777268736 bytes (118 GB, 110 GiB) copied, 4903 s, 24,0 MB/s
117793685504 bytes (118 GB, 110 GiB) copied, 4904 s, 24,0 MB/s
117810069504 bytes (118 GB, 110 GiB) copied, 4905 s, 24,0 MB/s
117826453504 bytes (118 GB, 110 GiB) copied, 4906 s, 24,0 MB/s
117842837504 bytes (118 GB, 110 GiB) copied, 4907 s, 24,0 MB/s
117859221504 bytes (118 GB, 110 GiB) copied, 4908 s, 24,0 MB/s
117877243904 bytes (118 GB, 110 GiB) copied, 4909 s, 24,0 MB/s
117895102464 bytes (118 GB, 110 GiB) copied, 4910 s, 24,0 MB/s
117911486464 bytes (118 GB, 110 GiB) copied, 4911 s, 24,0 MB/s
117927870464 bytes (118 GB, 110 GiB) copied, 4912 s, 24,0 MB/s
117944254464 bytes (118 GB, 110 GiB) copied, 4913 s, 24,0 MB/s
117960638464 bytes (118 GB, 110 GiB) copied, 4914 s, 24,0 MB/s
117977350144 bytes (118 GB, 110 GiB) copied, 4915 s, 24,0 MB/s
117995667456 bytes (118 GB, 110 GiB) copied, 4916 s, 24,0 MB/s
118012739584 bytes (118 GB, 110 GiB) copied, 4917 s, 24,0 MB/s
118029778944 bytes (118 GB, 110 GiB) copied, 4918 s, 24,0 MB/s
118046162944 bytes (118 GB, 110 GiB) copied, 4919 s, 24,0 MB/s
118062546944 bytes (118 GB, 110 GiB) copied, 4920 s, 24,0 MB/s
118079258624 bytes (118 GB, 110 GiB) copied, 4921 s, 24,0 MB/s
118096461824 bytes (118 GB, 110 GiB) copied, 4922 s, 24,0 MB/s
118112845824 bytes (118 GB, 110 GiB) copied, 4923 s, 24,0 MB/s
118129229824 bytes (118 GB, 110 GiB) copied, 4924 s, 24,0 MB/s
118145613824 bytes (118 GB, 110 GiB) copied, 4925 s, 24,0 MB/s
118161997824 bytes (118 GB, 110 GiB) copied, 4926 s, 24,0 MB/s
118178381824 bytes (118 GB, 110 GiB) copied, 4927 s, 24,0 MB/s
118196240384 bytes (118 GB, 110 GiB) copied, 4928 s, 24,0 MB/s
118213607424 bytes (118 GB, 110 GiB) copied, 4929 s, 24,0 MB/s
118230155264 bytes (118 GB, 110 GiB) copied, 4930 s, 24,0 MB/s
118246539264 bytes (118 GB, 110 GiB) copied, 4931 s, 24,0 MB/s
118262923264 bytes (118 GB, 110 GiB) copied, 4932 s, 24,0 MB/s
118279307264 bytes (118 GB, 110 GiB) copied, 4933 s, 24,0 MB/s
118297493504 bytes (118 GB, 110 GiB) copied, 4934 s, 24,0 MB/s
118314369024 bytes (118 GB, 110 GiB) copied, 4935 s, 24,0 MB/s
118330753024 bytes (118 GB, 110 GiB) copied, 4936 s, 24,0 MB/s
118347137024 bytes (118 GB, 110 GiB) copied, 4937 s, 24,0 MB/s
118363521024 bytes (118 GB, 110 GiB) copied, 4938 s, 24,0 MB/s
118379905024 bytes (118 GB, 110 GiB) copied, 4939 s, 24,0 MB/s
118396911616 bytes (118 GB, 110 GiB) copied, 4940 s, 24,0 MB/s
118413164544 bytes (118 GB, 110 GiB) copied, 4941 s, 24,0 MB/s
118429548544 bytes (118 GB, 110 GiB) copied, 4942 s, 24,0 MB/s
118445932544 bytes (118 GB, 110 GiB) copied, 4943 s, 24,0 MB/s
118462316544 bytes (118 GB, 110 GiB) copied, 4944 s, 24,0 MB/s
118478700544 bytes (118 GB, 110 GiB) copied, 4945 s, 24,0 MB/s
118495248384 bytes (118 GB, 110 GiB) copied, 4946 s, 24,0 MB/s
118511632384 bytes (119 GB, 110 GiB) copied, 4947 s, 24,0 MB/s
118528016384 bytes (119 GB, 110 GiB) copied, 4948 s, 24,0 MB/s
118544400384 bytes (119 GB, 110 GiB) copied, 4949 s, 24,0 MB/s
118560784384 bytes (119 GB, 110 GiB) copied, 4950 s, 24,0 MB/s
118577168384 bytes (119 GB, 110 GiB) copied, 4951 s, 24,0 MB/s
118593716224 bytes (119 GB, 110 GiB) copied, 4952 s, 23,9 MB/s
118611738624 bytes (119 GB, 110 GiB) copied, 4953 s, 23,9 MB/s
118629924864 bytes (119 GB, 110 GiB) copied, 4954 s, 23,9 MB/s
118647291904 bytes (119 GB, 110 GiB) copied, 4955 s, 23,9 MB/s
118663675904 bytes (119 GB, 111 GiB) copied, 4956 s, 23,9 MB/s
118680059904 bytes (119 GB, 111 GiB) copied, 4957 s, 23,9 MB/s
118696443904 bytes (119 GB, 111 GiB) copied, 4958 s, 23,9 MB/s
118713974784 bytes (119 GB, 111 GiB) copied, 4959 s, 23,9 MB/s
118730850304 bytes (119 GB, 111 GiB) copied, 4960 s, 23,9 MB/s
118747561984 bytes (119 GB, 111 GiB) copied, 4961 s, 23,9 MB/s
118763945984 bytes (119 GB, 111 GiB) copied, 4962 s, 23,9 MB/s
118780329984 bytes (119 GB, 111 GiB) copied, 4963 s, 23,9 MB/s
118796713984 bytes (119 GB, 111 GiB) copied, 4964 s, 23,9 MB/s
118814572544 bytes (119 GB, 111 GiB) copied, 4965 s, 23,9 MB/s
118831120384 bytes (119 GB, 111 GiB) copied, 4966 s, 23,9 MB/s
118847635456 bytes (119 GB, 111 GiB) copied, 4967 s, 23,9 MB/s
118863986688 bytes (119 GB, 111 GiB) copied, 4968 s, 23,9 MB/s
118880272384 bytes (119 GB, 111 GiB) copied, 4969 s, 23,9 MB/s
118896787456 bytes (119 GB, 111 GiB) copied, 4970 s, 23,9 MB/s
118914514944 bytes (119 GB, 111 GiB) copied, 4971 s, 23,9 MB/s
118931521536 bytes (119 GB, 111 GiB) copied, 4972 s, 23,9 MB/s
118947938304 bytes (119 GB, 111 GiB) copied, 4973 s, 23,9 MB/s
118964322304 bytes (119 GB, 111 GiB) copied, 4974 s, 23,9 MB/s
118980706304 bytes (119 GB, 111 GiB) copied, 4975 s, 23,9 MB/s
118997090304 bytes (119 GB, 111 GiB) copied, 4976 s, 23,9 MB/s
119014129664 bytes (119 GB, 111 GiB) copied, 4977 s, 23,9 MB/s
119030841344 bytes (119 GB, 111 GiB) copied, 4978 s, 23,9 MB/s
119047389184 bytes (119 GB, 111 GiB) copied, 4979 s, 23,9 MB/s
119064100864 bytes (119 GB, 111 GiB) copied, 4980 s, 23,9 MB/s
119080484864 bytes (119 GB, 111 GiB) copied, 4981 s, 23,9 MB/s
119096868864 bytes (119 GB, 111 GiB) copied, 4982 s, 23,9 MB/s
119114399744 bytes (119 GB, 111 GiB) copied, 4983 s, 23,9 MB/s
119132094464 bytes (119 GB, 111 GiB) copied, 4984 s, 23,9 MB/s
119148969984 bytes (119 GB, 111 GiB) copied, 4985 s, 23,9 MB/s
119166009344 bytes (119 GB, 111 GiB) copied, 4986 s, 23,9 MB/s
119182655488 bytes (119 GB, 111 GiB) copied, 4987 s, 23,9 MB/s
119199236096 bytes (119 GB, 111 GiB) copied, 4988 s, 23,9 MB/s
119215652864 bytes (119 GB, 111 GiB) copied, 4989 s, 23,9 MB/s
119233445888 bytes (119 GB, 111 GiB) copied, 4990 s, 23,9 MB/s
119251369984 bytes (119 GB, 111 GiB) copied, 4991 s, 23,9 MB/s
119268245504 bytes (119 GB, 111 GiB) copied, 4992 s, 23,9 MB/s
119284629504 bytes (119 GB, 111 GiB) copied, 4993 s, 23,9 MB/s
119301013504 bytes (119 GB, 111 GiB) copied, 4994 s, 23,9 MB/s
119317397504 bytes (119 GB, 111 GiB) copied, 4995 s, 23,9 MB/s
119334371328 bytes (119 GB, 111 GiB) copied, 4996 s, 23,9 MB/s
119352295424 bytes (119 GB, 111 GiB) copied, 4997 s, 23,9 MB/s
119368679424 bytes (119 GB, 111 GiB) copied, 4998 s, 23,9 MB/s
119385554944 bytes (119 GB, 111 GiB) copied, 4999 s, 23,9 MB/s
119401938944 bytes (119 GB, 111 GiB) copied, 5000 s, 23,9 MB/s
119418322944 bytes (119 GB, 111 GiB) copied, 5001 s, 23,9 MB/s
119435034624 bytes (119 GB, 111 GiB) copied, 5002 s, 23,9 MB/s
119451418624 bytes (119 GB, 111 GiB) copied, 5003 s, 23,9 MB/s
119467802624 bytes (119 GB, 111 GiB) copied, 5004 s, 23,9 MB/s
119484186624 bytes (119 GB, 111 GiB) copied, 5005 s, 23,9 MB/s
119500570624 bytes (120 GB, 111 GiB) copied, 5006 s, 23,9 MB/s
119516954624 bytes (120 GB, 111 GiB) copied, 5007 s, 23,9 MB/s
119533993984 bytes (120 GB, 111 GiB) copied, 5008 s, 23,9 MB/s
119551787008 bytes (120 GB, 111 GiB) copied, 5009 s, 23,9 MB/s
119568728064 bytes (120 GB, 111 GiB) copied, 5010 s, 23,9 MB/s
119585112064 bytes (120 GB, 111 GiB) copied, 5011 s, 23,9 MB/s
119601430528 bytes (120 GB, 111 GiB) copied, 5012 s, 23,9 MB/s
119617880064 bytes (120 GB, 111 GiB) copied, 5013 s, 23,9 MB/s
119635083264 bytes (120 GB, 111 GiB) copied, 5014 s, 23,9 MB/s
119651958784 bytes (120 GB, 111 GiB) copied, 5015 s, 23,9 MB/s
119668342784 bytes (120 GB, 111 GiB) copied, 5016 s, 23,9 MB/s
119684726784 bytes (120 GB, 111 GiB) copied, 5017 s, 23,9 MB/s
119701110784 bytes (120 GB, 111 GiB) copied, 5018 s, 23,9 MB/s
119717494784 bytes (120 GB, 111 GiB) copied, 5019 s, 23,9 MB/s
119733878784 bytes (120 GB, 112 GiB) copied, 5020 s, 23,9 MB/s
119750754304 bytes (120 GB, 112 GiB) copied, 5021 s, 23,8 MB/s
119768940544 bytes (120 GB, 112 GiB) copied, 5022 s, 23,8 MB/s
119786143744 bytes (120 GB, 112 GiB) copied, 5023 s, 23,8 MB/s
119802593280 bytes (120 GB, 112 GiB) copied, 5024 s, 23,8 MB/s
119819010048 bytes (120 GB, 112 GiB) copied, 5025 s, 23,8 MB/s
119835426816 bytes (120 GB, 112 GiB) copied, 5026 s, 23,8 MB/s
119852990464 bytes (120 GB, 112 GiB) copied, 5027 s, 23,8 MB/s
119870521344 bytes (120 GB, 112 GiB) copied, 5028 s, 23,8 MB/s
119886905344 bytes (120 GB, 112 GiB) copied, 5029 s, 23,8 MB/s
119903289344 bytes (120 GB, 112 GiB) copied, 5030 s, 23,8 MB/s
119919673344 bytes (120 GB, 112 GiB) copied, 5031 s, 23,8 MB/s
119936057344 bytes (120 GB, 112 GiB) copied, 5032 s, 23,8 MB/s
119952441344 bytes (120 GB, 112 GiB) copied, 5033 s, 23,8 MB/s
119968989184 bytes (120 GB, 112 GiB) copied, 5034 s, 23,8 MB/s
119985373184 bytes (120 GB, 112 GiB) copied, 5035 s, 23,8 MB/s
120001921024 bytes (120 GB, 112 GiB) copied, 5036 s, 23,8 MB/s
120018305024 bytes (120 GB, 112 GiB) copied, 5037 s, 23,8 MB/s
120034689024 bytes (120 GB, 112 GiB) copied, 5038 s, 23,8 MB/s
0+3214397 records in
0+3214397 records out
120036786176 bytes (120 GB, 112 GiB) copied, 5173,16 s, 23,2 MB/s
Verification successful. PSBBN image installed successfully.

What size would you like the "Music" partition to be?
Minimum 10 GB, Maximum 40 GB

You have selected 20 GB for the "Music" partition.

What size would you like the "POPS" partition to be?
All remaining space will be made available for OPL Launcher partitions
Minimum 10 GB, Maximum 73 GB

You have selected 30 GB for the "POPS" partition.
This will leave enough space for 445 games
pfsshell for POSIX systems
https://github.com/ps2homebrew/pfsshell

This program uses pfs, apa, iomanX, 
code from ps2sdk (https://github.com/ps2dev/ps2sdk)

Type "help" for a list of commands.

> # # # # hdd: PS2 APA Driver v2.5 (c) 2003 Vector
hdd: max open = 1, 3 buffers
hdd: 06:14:20 02/08/2025
hdd: disk0: 0x1749e96e sectors, max 0x00800000
hdd: checking log...
hdd: drive status 0, format version 00000002
hdd: version 0000 driver start.
pfs Playstation Filesystem Driver v2.2
ps2fs: (c) 2003 Sjeep, Vector and Florin Sasu
pfs Max mount: 1, Max open: 1, Number of buffers: 10
pfs version 0000 driver start.
Main partition of 4G created.
Sub partition of 4G created.
Sub partition of 4G created.
Sub partition of 4G created.
Sub partition of 2G created.
Main partition of 4G created.
Sub partition of 4G created.
Sub partition of 4G created.
Sub partition of 4G created.
Sub partition of 4G created.
Sub partition of 4G created.
Sub partition of 4G created.
Sub partition of 2G created.
pfs: Format: log.number = 8336, log.count = 16
pfs: Format sub: sub = 0, sector start = 8208, sector end = 8335
pfs: Format sub: sub = 1, sector start = 16, sector end = 143
pfs: Format sub: sub = 2, sector start = 16, sector end = 143
pfs: Format sub: sub = 3, sector start = 16, sector end = 143
pfs: Format sub: sub = 4, sector start = 16, sector end = 143
pfs: Format sub: sub = 5, sector start = 16, sector end = 143
pfs: Format sub: sub = 6, sector start = 16, sector end = 143
pfs: Format sub: sub = 7, sector start = 16, sector end = 79
Main partition of 128M created.
pfs: Format: log.number = 8224, log.count = 16
pfs: Format sub: sub = 0, sector start = 8208, sector end = 8211
pfsshell for POSIX systems
https://github.com/ps2homebrew/pfsshell

This program uses pfs, apa, iomanX, 
code from ps2sdk (https://github.com/ps2dev/ps2sdk)

Type "help" for a list of commands.

> # (!) Exit code is -1.
# (!) Exit code is -1.
# (!) Exit code is -1.
# hdd: PS2 APA Driver v2.5 (c) 2003 Vector
hdd: max open = 1, 3 buffers
hdd: 06:14:22 02/08/2025
hdd: disk0: 0x1749e96e sectors, max 0x00800000
hdd: checking log...
hdd: drive status 0, format version 00000002
hdd: version 0000 driver start.
pfs Playstation Filesystem Driver v2.2
ps2fs: (c) 2003 Sjeep, Vector and Florin Sasu
pfs Max mount: 1, Max open: 1, Number of buffers: 10
pfs version 0000 driver start.
__linux.8: partition already exists.
__.POPS: partition already exists.
+OPL: partition already exists.

Installing POPS and OPL...
pfsshell for POSIX systems
https://github.com/ps2homebrew/pfsshell

This program uses pfs, apa, iomanX, 
code from ps2sdk (https://github.com/ps2dev/ps2sdk)

Type "help" for a list of commands.

> # +OPL:/# +OPL:/# # __common:/# __common:/# __common:/POPS# __common:/POPS# __common:/POPS# __common:/POPS# __common:/POPS# __common:/POPS# __common:/POPS# __common:/# # hdd: PS2 APA Driver v2.5 (c) 2003 Vector
hdd: max open = 1, 3 buffers
hdd: 06:14:24 02/08/2025
hdd: disk0: 0x1749e96e sectors, max 0x00800000
hdd: checking log...
hdd: drive status 0, format version 00000002
hdd: version 0000 driver start.
pfs Playstation Filesystem Driver v2.2
ps2fs: (c) 2003 Sjeep, Vector and Florin Sasu
pfs Max mount: 1, Max open: 1, Number of buffers: 10
pfs version 0000 driver start.

Running APA-Jail by Berion...
1+0 records in
1+0 records out
8 bytes copied, 0,356286 s, 0,0 kB/s
Checking that no-one is using this disk right now ... OK

Disk /dev/sdd: 186,31 GiB, 200048565760 bytes, 390719855 sectors
Disk model: SP2014N         
Units: sectors of 1 * 512 = 512 bytes
Sector size (logical/physical): 512 bytes / 512 bytes
I/O size (minimum/optimal): 512 bytes / 512 bytes

>>> Created a new DOS (MBR) disklabel with disk identifier 0xc524328b.
/dev/sdd1: Created a new partition 1 of type 'Hidden HPFS/NTFS' and of size 128 GiB.
/dev/sdd2: Created a new partition 2 of type 'Hidden HPFS/NTFS' and of size 32 MiB.
Partition #2 contains a ext2 signature.
/dev/sdd3: Created a new partition 3 of type 'HPFS/NTFS/exFAT' and of size 58,3 GiB.
Partition #3 contains a exfat signature.
/dev/sdd4: Done.

New situation:
Disklabel type: dos
Disk identifier: 0xc524328b

Device     Boot     Start       End   Sectors  Size Id Type
/dev/sdd1            2048 268437503 268435456  128G 17 Hidden HPFS/NTFS
/dev/sdd2       268437504 268503039     65536   32M 17 Hidden HPFS/NTFS
/dev/sdd3       268503040 390719854 122216815 58,3G  7 HPFS/NTFS/exFAT

The partition table has been altered.
Calling ioctl() to re-read partition table.
Syncing disks.
mke2fs 1.47.0 (5-Feb-2023)
Creating filesystem with 8192 4k blocks and 8192 inodes

Allocating group tables: 0/1   done                            
Writing inode tables: 0/1   done                            
Writing superblocks and filesystem accounting information: 0/1   done

exfatprogs version : 1.2.2
Creating exFAT filesystem(/dev/sdd3, cluster size=32768)

Writing volume boot record: done
Writing backup volume boot record: done
Fat table creation: done
Allocation bitmap creation: done
Upcase table creation: done
Writing root directory entry: done
Synchronizing...

exFAT format complete!
1+0 records in
1+0 records out
33+0 records in
33+0 records out
2+0 records in
2+0 records out
1024 bytes (1,0 kB, 1,0 KiB) copied, 0,00011635 s, 8,8 MB/s
0+1 records in
0+1 records out
4 bytes copied, 0,000124424 s, 32,1 kB/s
POPS, Music and +OPL partitions were created successfully.
type   start     #parts size name
0x0001 00000000.:  1   128MB __mbr
0x0100 00040000.:  1   128MB __net
0x0100 00080000.:  1   256MB __system
0x0100 00100000.:  1   512MB __sysconf
0x0100 00200000.:  1  1024MB __common
0x0100 00400000.:  5  5120MB __contents
0x0088 00e00000.:  1   512MB __linux.4
0x0088 00f00000.:  1   512MB __linux.5
0x0088 01000000.:  1   128MB __linux.6
0x0082 01040000.:  1   128MB __linux.2
0x0088 01080000.:  1   256MB __linux.7
0x0088 01100000.:  1   512MB __linux.1
0x0088 01400000.:  2  3072MB __linux.9
0x0100 01800000.:  1   128MB PP.DISC
0x0100 01840000.:  1   128MB PP.WLE
0x0100 01880000.:  1   128MB PP.OPL
0x0100 01900000.*  1   128MB +OPL
0x0088 01c00000.:  2  3072MB __linux.3
0x0088 02000000.:  5 18432MB __linux.8
0x0100 04800000.:  8 30720MB __.POPS
Total slice size: 190781MB, used: 65024MB, available: 125696MB

PSBBN successfully installed.
########################################################################################################
czw, 13 lut 2025, 01:30:02 CET

Path set to: /home/dawid/PSBBN-Definitive-English-Patch
Helper files found.
fatal: unable to access 'https://github.com/CosmicScale/PSBBN-Definitive-English-Patch.git/': Could not resolve host: github.com
The repository is up to date.

MODEL                       NAME          SIZE LABEL    MOUNTPOINT
SanDisk X400 M.2 2280 128GB /dev/sda    119,2G          
                            ├─/dev/sda1    16M          
                            ├─/dev/sda2   540M          
                            ├─/dev/sda3   100M          
                            ├─/dev/sda4 117,8G          
                            └─/dev/sda5   854M          
LITEONIT LCT-512M3S         /dev/sdb    476,9G          
                            ├─/dev/sdb1    16M          
                            ├─/dev/sdb2   540M          
                            ├─/dev/sdb3   100M          /boot/efi
                            ├─/dev/sdb4 475,7G          /media/dawid/01DA05B37627DDE0
                            └─/dev/sdb5   533M          
TOSHIBA MQ01ABD050          /dev/sdc    465,8G          
                            ├─/dev/sdc1   512M          
                            └─/dev/sdc2 465,3G          /
Expansion                   /dev/sdd      1,4T          
                            └─/dev/sdd1   1,4T Retro    /media/dawid/Retro
SAMSUNG SP2014N             /dev/sde    186,3G          
                            ├─/dev/sde1   128G          
                            ├─/dev/sde2    32M RECOVERY 
                            └─/dev/sde3  58,3G OPL      /media/dawid/OPL

########################################################################################################
czw, 13 lut 2025, 01:41:37 CET

Path set to: /home/dawid/PSBBN-Definitive-English-Patch
Helper files found.
fatal: unable to access 'https://github.com/CosmicScale/PSBBN-Definitive-English-Patch.git/': Could not resolve host: github.com
The repository is up to date.

MODEL                       NAME          SIZE LABEL    MOUNTPOINT
SanDisk X400 M.2 2280 128GB /dev/sda    119,2G          
                            ├─/dev/sda1    16M          
                            ├─/dev/sda2   540M          
                            ├─/dev/sda3   100M          
                            ├─/dev/sda4 117,8G          
                            └─/dev/sda5   854M          
LITEONIT LCT-512M3S         /dev/sdb    476,9G          
                            ├─/dev/sdb1    16M          
                            ├─/dev/sdb2   540M          
                            ├─/dev/sdb3   100M          /boot/efi
                            ├─/dev/sdb4 475,7G          /media/dawid/01DA05B37627DDE0
                            └─/dev/sdb5   533M          
TOSHIBA MQ01ABD050          /dev/sdc    465,8G          
                            ├─/dev/sdc1   512M          
                            └─/dev/sdc2 465,3G          /
Expansion                   /dev/sdd      1,4T          
                            └─/dev/sdd1   1,4T Retro    /media/dawid/Retro
SAMSUNG SP2014N             /dev/sde    186,3G          
                            ├─/dev/sde1   128G          
                            ├─/dev/sde2    32M RECOVERY 
                            └─/dev/sde3  58,3G OPL      /media/dawid/OPL

########################################################################################################
czw, 13 lut 2025, 02:18:30 CET

Path set to: /home/dawid/PSBBN-Definitive-English-Patch
Helper files found.
The repository is up to date.

MODEL                       NAME          SIZE LABEL    MOUNTPOINT
SanDisk X400 M.2 2280 128GB /dev/sda    119,2G          
                            ├─/dev/sda1    16M          
                            ├─/dev/sda2   540M          
                            ├─/dev/sda3   100M          
                            ├─/dev/sda4 117,8G          
                            └─/dev/sda5   854M          
LITEONIT LCT-512M3S         /dev/sdb    476,9G          
                            ├─/dev/sdb1    16M          
                            ├─/dev/sdb2   540M          
                            ├─/dev/sdb3   100M          /boot/efi
                            ├─/dev/sdb4 475,7G          
                            └─/dev/sdb5   533M          
Expansion                   /dev/sdc      1,4T          
                            └─/dev/sdc1   1,4T Retro    /media/dawid/Retro
TOSHIBA MQ01ABD050          /dev/sdd    465,8G          
                            ├─/dev/sdd1   512M          
                            └─/dev/sdd2 465,3G          /
SAMSUNG SP2014N             /dev/sde    186,3G          
                            ├─/dev/sde1   128G          
                            ├─/dev/sde2    32M RECOVERY 
                            └─/dev/sde3  58,3G OPL      /media/dawid/OPL

########################################################################################################
czw, 13 lut 2025, 02:19:29 CET

Path set to: /home/dawid/PSBBN-Definitive-English-Patch
Helper files found.
The repository is up to date.

MODEL                       NAME          SIZE LABEL    MOUNTPOINT
SanDisk X400 M.2 2280 128GB /dev/sda    119,2G          
                            ├─/dev/sda1    16M          
                            ├─/dev/sda2   540M          
                            ├─/dev/sda3   100M          
                            ├─/dev/sda4 117,8G          
                            └─/dev/sda5   854M          
LITEONIT LCT-512M3S         /dev/sdb    476,9G          
                            ├─/dev/sdb1    16M          
                            ├─/dev/sdb2   540M          
                            ├─/dev/sdb3   100M          /boot/efi
                            ├─/dev/sdb4 475,7G          
                            └─/dev/sdb5   533M          
Expansion                   /dev/sdc      1,4T          
                            └─/dev/sdc1   1,4T Retro    /media/dawid/Retro
TOSHIBA MQ01ABD050          /dev/sdd    465,8G          
                            ├─/dev/sdd1   512M          
                            └─/dev/sdd2 465,3G          /
SAMSUNG SP2014N             /dev/sde    186,3G          
                            ├─/dev/sde1   128G          
                            ├─/dev/sde2    32M RECOVERY 
                            └─/dev/sde3  58,3G OPL      

Are you sure you want to write to /dev/sde?


Checking for latest version of the PSBBN Definitive English patch...
--2025-02-13 02:19:45--  https://archive.org/download/psbbn-definitive-english-patch-v2
Resolving archive.org (archive.org)... 207.241.224.2
Connecting to archive.org (archive.org)|207.241.224.2|:443... connected.
HTTP request sent, awaiting response... 200 OK
Length: unspecified [text/html]
Saving to: ‘/tmp/tmp.UjspQUlSX8’

     0K .......... .......... .......... .......... ..........  253K
    50K .......... .......... .......... .......... ..........  274K
   100K .......... .......... .......... ....                  20,4M=0,4s

2025-02-13 02:19:47 (351 KB/s) - ‘/tmp/tmp.UjspQUlSX8’ saved [137300]

Latest version of PSBBN Definitive English patch is v2.01
File psbbn-definitive-image-v2.01.gz exists in /home/dawid/PSBBN-Definitive-English-Patch/assets.
Skipping download

Both POPS.ELF and IOPRP252.IMG exist in /home/dawid/PSBBN-Definitive-English-Patch/assets.
Skipping download

Writing the PSBBN image to /dev/sde...

233111552 bytes (233 MB, 222 MiB) copied, 1 s, 233 MB/s
443809792 bytes (444 MB, 423 MiB) copied, 2 s, 222 MB/s
646610944 bytes (647 MB, 617 MiB) copied, 3 s, 216 MB/s
887947264 bytes (888 MB, 847 MiB) copied, 4 s, 222 MB/s
1130299392 bytes (1,1 GB, 1,1 GiB) copied, 5 s, 226 MB/s
1349255168 bytes (1,3 GB, 1,3 GiB) copied, 6 s, 225 MB/s
1580302336 bytes (1,6 GB, 1,5 GiB) copied, 7 s, 226 MB/s
1821245440 bytes (1,8 GB, 1,7 GiB) copied, 8 s, 228 MB/s
2058223616 bytes (2,1 GB, 1,9 GiB) copied, 9 s, 229 MB/s
2296283136 bytes (2,3 GB, 2,1 GiB) copied, 10 s, 230 MB/s
2525298688 bytes (2,5 GB, 2,4 GiB) copied, 11 s, 230 MB/s
2626322432 bytes (2,6 GB, 2,4 GiB) copied, 12 s, 219 MB/s
2654404608 bytes (2,7 GB, 2,5 GiB) copied, 13 s, 204 MB/s
2682781696 bytes (2,7 GB, 2,5 GiB) copied, 14 s, 192 MB/s
2711453696 bytes (2,7 GB, 2,5 GiB) copied, 15 s, 181 MB/s
2748022784 bytes (2,7 GB, 2,6 GiB) copied, 16 s, 172 MB/s
2801008640 bytes (2,8 GB, 2,6 GiB) copied, 17 s, 165 MB/s
2866774016 bytes (2,9 GB, 2,7 GiB) copied, 18 s, 159 MB/s
2934833152 bytes (2,9 GB, 2,7 GiB) copied, 19 s, 154 MB/s
3003219968 bytes (3,0 GB, 2,8 GiB) copied, 20 s, 150 MB/s
3069476864 bytes (3,1 GB, 2,9 GiB) copied, 21 s, 146 MB/s
3123445760 bytes (3,1 GB, 2,9 GiB) copied, 22 s, 142 MB/s
3167191040 bytes (3,2 GB, 2,9 GiB) copied, 23 s, 138 MB/s
3203039232 bytes (3,2 GB, 3,0 GiB) copied, 24 s, 133 MB/s
3233611776 bytes (3,2 GB, 3,0 GiB) copied, 25 s, 129 MB/s
3262021632 bytes (3,3 GB, 3,0 GiB) copied, 26 s, 125 MB/s
3290595328 bytes (3,3 GB, 3,1 GiB) copied, 27 s, 122 MB/s
3319660544 bytes (3,3 GB, 3,1 GiB) copied, 28 s, 119 MB/s
3349348352 bytes (3,3 GB, 3,1 GiB) copied, 29 s, 115 MB/s
3379658752 bytes (3,4 GB, 3,1 GiB) copied, 30 s, 113 MB/s
3409608704 bytes (3,4 GB, 3,2 GiB) copied, 31 s, 110 MB/s
3439820800 bytes (3,4 GB, 3,2 GiB) copied, 32 s, 107 MB/s
3471540224 bytes (3,5 GB, 3,2 GiB) copied, 33 s, 105 MB/s
3503980544 bytes (3,5 GB, 3,3 GiB) copied, 34 s, 103 MB/s
3536388096 bytes (3,5 GB, 3,3 GiB) copied, 35 s, 101 MB/s
3568828416 bytes (3,6 GB, 3,3 GiB) copied, 36 s, 99,1 MB/s
3601268736 bytes (3,6 GB, 3,4 GiB) copied, 37 s, 97,3 MB/s
3633348608 bytes (3,6 GB, 3,4 GiB) copied, 38 s, 95,6 MB/s
3665231872 bytes (3,7 GB, 3,4 GiB) copied, 39 s, 94,0 MB/s
3697311744 bytes (3,7 GB, 3,4 GiB) copied, 40 s, 92,4 MB/s
3730636800 bytes (3,7 GB, 3,5 GiB) copied, 41 s, 91,0 MB/s
3765338112 bytes (3,8 GB, 3,5 GiB) copied, 42 s, 89,7 MB/s
3799678976 bytes (3,8 GB, 3,5 GiB) copied, 43 s, 88,4 MB/s
3833856000 bytes (3,8 GB, 3,6 GiB) copied, 44 s, 87,1 MB/s
3868000256 bytes (3,9 GB, 3,6 GiB) copied, 45 s, 86,0 MB/s
3901816832 bytes (3,9 GB, 3,6 GiB) copied, 46 s, 84,8 MB/s
3936813056 bytes (3,9 GB, 3,7 GiB) copied, 47 s, 83,8 MB/s
3971612672 bytes (4,0 GB, 3,7 GiB) copied, 48 s, 82,7 MB/s
4006445056 bytes (4,0 GB, 3,7 GiB) copied, 49 s, 81,8 MB/s
4040327168 bytes (4,0 GB, 3,8 GiB) copied, 50 s, 80,8 MB/s
4074176512 bytes (4,1 GB, 3,8 GiB) copied, 51 s, 79,9 MB/s
4108091392 bytes (4,1 GB, 3,8 GiB) copied, 52 s, 79,0 MB/s
4142923776 bytes (4,1 GB, 3,9 GiB) copied, 53 s, 78,2 MB/s
4177428480 bytes (4,2 GB, 3,9 GiB) copied, 54 s, 77,4 MB/s
4211802112 bytes (4,2 GB, 3,9 GiB) copied, 55 s, 76,6 MB/s
4246208512 bytes (4,2 GB, 4,0 GiB) copied, 56 s, 75,8 MB/s
4280614912 bytes (4,3 GB, 4,0 GiB) copied, 57 s, 75,1 MB/s
4315021312 bytes (4,3 GB, 4,0 GiB) copied, 58 s, 74,4 MB/s
4349427712 bytes (4,3 GB, 4,1 GiB) copied, 59 s, 73,7 MB/s
4383834112 bytes (4,4 GB, 4,1 GiB) copied, 60 s, 73,1 MB/s
4418273280 bytes (4,4 GB, 4,1 GiB) copied, 61 s, 72,4 MB/s
4451958784 bytes (4,5 GB, 4,1 GiB) copied, 62 s, 71,8 MB/s
4486037504 bytes (4,5 GB, 4,2 GiB) copied, 63 s, 71,2 MB/s
4520050688 bytes (4,5 GB, 4,2 GiB) copied, 64 s, 70,6 MB/s
4554031104 bytes (4,6 GB, 4,2 GiB) copied, 65 s, 70,1 MB/s
4588371968 bytes (4,6 GB, 4,3 GiB) copied, 66 s, 69,5 MB/s
4622024704 bytes (4,6 GB, 4,3 GiB) copied, 67 s, 69,0 MB/s
4656037888 bytes (4,7 GB, 4,3 GiB) copied, 68 s, 68,5 MB/s
4690018304 bytes (4,7 GB, 4,4 GiB) copied, 69 s, 68,0 MB/s
4724359168 bytes (4,7 GB, 4,4 GiB) copied, 70 s, 67,5 MB/s
4758011904 bytes (4,8 GB, 4,4 GiB) copied, 71 s, 67,0 MB/s
4792025088 bytes (4,8 GB, 4,5 GiB) copied, 72 s, 66,6 MB/s
4826005504 bytes (4,8 GB, 4,5 GiB) copied, 73 s, 66,1 MB/s
4860018688 bytes (4,9 GB, 4,5 GiB) copied, 74 s, 65,7 MB/s
4894326784 bytes (4,9 GB, 4,6 GiB) copied, 75 s, 65,2 MB/s
4928339968 bytes (4,9 GB, 4,6 GiB) copied, 76 s, 64,8 MB/s
4962320384 bytes (5,0 GB, 4,6 GiB) copied, 77 s, 64,4 MB/s
4996333568 bytes (5,0 GB, 4,7 GiB) copied, 78 s, 64,0 MB/s
5029986304 bytes (5,0 GB, 4,7 GiB) copied, 79 s, 63,7 MB/s
5063999488 bytes (5,1 GB, 4,7 GiB) copied, 80 s, 63,3 MB/s
5098307584 bytes (5,1 GB, 4,7 GiB) copied, 81 s, 62,9 MB/s
5131993088 bytes (5,1 GB, 4,8 GiB) copied, 82 s, 62,6 MB/s
5166301184 bytes (5,2 GB, 4,8 GiB) copied, 83 s, 62,2 MB/s
5199986688 bytes (5,2 GB, 4,8 GiB) copied, 84 s, 61,9 MB/s
5233967104 bytes (5,2 GB, 4,9 GiB) copied, 85 s, 61,6 MB/s
5267980288 bytes (5,3 GB, 4,9 GiB) copied, 86 s, 61,3 MB/s
5301960704 bytes (5,3 GB, 4,9 GiB) copied, 87 s, 60,9 MB/s
5335973888 bytes (5,3 GB, 5,0 GiB) copied, 88 s, 60,6 MB/s
5369954304 bytes (5,4 GB, 5,0 GiB) copied, 89 s, 60,3 MB/s
5403967488 bytes (5,4 GB, 5,0 GiB) copied, 90 s, 60,0 MB/s
5437947904 bytes (5,4 GB, 5,1 GiB) copied, 91 s, 59,8 MB/s
5472845824 bytes (5,5 GB, 5,1 GiB) copied, 92 s, 59,5 MB/s
5507153920 bytes (5,5 GB, 5,1 GiB) copied, 93 s, 59,2 MB/s
5542117376 bytes (5,5 GB, 5,2 GiB) copied, 94 s, 59,0 MB/s
5577342976 bytes (5,6 GB, 5,2 GiB) copied, 95 s, 58,7 MB/s
5611814912 bytes (5,6 GB, 5,2 GiB) copied, 96 s, 58,5 MB/s
5646352384 bytes (5,6 GB, 5,3 GiB) copied, 97 s, 58,2 MB/s
5681020928 bytes (5,7 GB, 5,3 GiB) copied, 98 s, 58,0 MB/s
5715820544 bytes (5,7 GB, 5,3 GiB) copied, 99 s, 57,7 MB/s
5750390784 bytes (5,8 GB, 5,4 GiB) copied, 100 s, 57,5 MB/s
5785354240 bytes (5,8 GB, 5,4 GiB) copied, 101 s, 57,3 MB/s
5819400192 bytes (5,8 GB, 5,4 GiB) copied, 102 s, 57,1 MB/s
5853511680 bytes (5,9 GB, 5,5 GiB) copied, 103 s, 56,8 MB/s
5887688704 bytes (5,9 GB, 5,5 GiB) copied, 104 s, 56,6 MB/s
5921734656 bytes (5,9 GB, 5,5 GiB) copied, 105 s, 56,4 MB/s
5956075520 bytes (6,0 GB, 5,5 GiB) copied, 106 s, 56,2 MB/s
5990744064 bytes (6,0 GB, 5,6 GiB) copied, 107 s, 56,0 MB/s
6026919936 bytes (6,0 GB, 5,6 GiB) copied, 108 s, 55,8 MB/s
6061785088 bytes (6,1 GB, 5,6 GiB) copied, 109 s, 55,6 MB/s
6096814080 bytes (6,1 GB, 5,7 GiB) copied, 110 s, 55,4 MB/s
6131810304 bytes (6,1 GB, 5,7 GiB) copied, 111 s, 55,2 MB/s
6166446080 bytes (6,2 GB, 5,7 GiB) copied, 112 s, 55,1 MB/s
6200492032 bytes (6,2 GB, 5,8 GiB) copied, 113 s, 54,9 MB/s
6234832896 bytes (6,2 GB, 5,8 GiB) copied, 114 s, 54,7 MB/s
6268846080 bytes (6,3 GB, 5,8 GiB) copied, 115 s, 54,5 MB/s
6302826496 bytes (6,3 GB, 5,9 GiB) copied, 116 s, 54,3 MB/s
6336839680 bytes (6,3 GB, 5,9 GiB) copied, 117 s, 54,2 MB/s
6370820096 bytes (6,4 GB, 5,9 GiB) copied, 118 s, 54,0 MB/s
6405390336 bytes (6,4 GB, 6,0 GiB) copied, 119 s, 53,8 MB/s
6440189952 bytes (6,4 GB, 6,0 GiB) copied, 120 s, 53,7 MB/s
6474629120 bytes (6,5 GB, 6,0 GiB) copied, 121 s, 53,5 MB/s
6509133824 bytes (6,5 GB, 6,1 GiB) copied, 122 s, 53,4 MB/s
6543147008 bytes (6,5 GB, 6,1 GiB) copied, 123 s, 53,2 MB/s
6578208768 bytes (6,6 GB, 6,1 GiB) copied, 124 s, 53,0 MB/s
6612877312 bytes (6,6 GB, 6,2 GiB) copied, 125 s, 52,9 MB/s
6647906304 bytes (6,6 GB, 6,2 GiB) copied, 126 s, 52,8 MB/s
6682574848 bytes (6,7 GB, 6,2 GiB) copied, 127 s, 52,6 MB/s
6716915712 bytes (6,7 GB, 6,3 GiB) copied, 128 s, 52,5 MB/s
6750896128 bytes (6,8 GB, 6,3 GiB) copied, 129 s, 52,3 MB/s
6786252800 bytes (6,8 GB, 6,3 GiB) copied, 130 s, 52,2 MB/s
6820593664 bytes (6,8 GB, 6,4 GiB) copied, 131 s, 52,1 MB/s
6855622656 bytes (6,9 GB, 6,4 GiB) copied, 132 s, 51,9 MB/s
6890586112 bytes (6,9 GB, 6,4 GiB) copied, 133 s, 51,8 MB/s
6925647872 bytes (6,9 GB, 6,5 GiB) copied, 134 s, 51,7 MB/s
6960676864 bytes (7,0 GB, 6,5 GiB) copied, 135 s, 51,6 MB/s
6994984960 bytes (7,0 GB, 6,5 GiB) copied, 136 s, 51,4 MB/s
7029293056 bytes (7,0 GB, 6,5 GiB) copied, 137 s, 51,3 MB/s
7064027136 bytes (7,1 GB, 6,6 GiB) copied, 138 s, 51,2 MB/s
7098695680 bytes (7,1 GB, 6,6 GiB) copied, 139 s, 51,1 MB/s
7133691904 bytes (7,1 GB, 6,6 GiB) copied, 140 s, 51,0 MB/s
7168393216 bytes (7,2 GB, 6,7 GiB) copied, 141 s, 50,8 MB/s
7202504704 bytes (7,2 GB, 6,7 GiB) copied, 142 s, 50,7 MB/s
7237402624 bytes (7,2 GB, 6,7 GiB) copied, 143 s, 50,6 MB/s
7271251968 bytes (7,3 GB, 6,8 GiB) copied, 144 s, 50,5 MB/s
7305723904 bytes (7,3 GB, 6,8 GiB) copied, 145 s, 50,4 MB/s
7341080576 bytes (7,3 GB, 6,8 GiB) copied, 146 s, 50,3 MB/s
7374864384 bytes (7,4 GB, 6,9 GiB) copied, 147 s, 50,2 MB/s
7409074176 bytes (7,4 GB, 6,9 GiB) copied, 148 s, 50,1 MB/s
7443742720 bytes (7,4 GB, 6,9 GiB) copied, 149 s, 50,0 MB/s
7478444032 bytes (7,5 GB, 7,0 GiB) copied, 150 s, 49,9 MB/s
7512424448 bytes (7,5 GB, 7,0 GiB) copied, 151 s, 49,8 MB/s
7547944960 bytes (7,5 GB, 7,0 GiB) copied, 152 s, 49,7 MB/s
7582416896 bytes (7,6 GB, 7,1 GiB) copied, 153 s, 49,6 MB/s
7618166784 bytes (7,6 GB, 7,1 GiB) copied, 154 s, 49,5 MB/s
7653064704 bytes (7,7 GB, 7,1 GiB) copied, 155 s, 49,4 MB/s
7689469952 bytes (7,7 GB, 7,2 GiB) copied, 156 s, 49,3 MB/s
7725580288 bytes (7,7 GB, 7,2 GiB) copied, 157 s, 49,2 MB/s
7760609280 bytes (7,8 GB, 7,2 GiB) copied, 158 s, 49,1 MB/s
7795572736 bytes (7,8 GB, 7,3 GiB) copied, 159 s, 49,0 MB/s
7829913600 bytes (7,8 GB, 7,3 GiB) copied, 160 s, 48,9 MB/s
7864287232 bytes (7,9 GB, 7,3 GiB) copied, 161 s, 48,8 MB/s
7898628096 bytes (7,9 GB, 7,4 GiB) copied, 162 s, 48,8 MB/s
7932968960 bytes (7,9 GB, 7,4 GiB) copied, 163 s, 48,7 MB/s
7967309824 bytes (8,0 GB, 7,4 GiB) copied, 164 s, 48,6 MB/s
8000962560 bytes (8,0 GB, 7,5 GiB) copied, 165 s, 48,5 MB/s
8035631104 bytes (8,0 GB, 7,5 GiB) copied, 166 s, 48,4 MB/s
8070660096 bytes (8,1 GB, 7,5 GiB) copied, 167 s, 48,3 MB/s
8105328640 bytes (8,1 GB, 7,5 GiB) copied, 168 s, 48,2 MB/s
8139341824 bytes (8,1 GB, 7,6 GiB) copied, 169 s, 48,2 MB/s
8175026176 bytes (8,2 GB, 7,6 GiB) copied, 170 s, 48,1 MB/s
8209170432 bytes (8,2 GB, 7,6 GiB) copied, 171 s, 48,0 MB/s
8243347456 bytes (8,2 GB, 7,7 GiB) copied, 172 s, 47,9 MB/s
8277688320 bytes (8,3 GB, 7,7 GiB) copied, 173 s, 47,8 MB/s
8311701504 bytes (8,3 GB, 7,7 GiB) copied, 174 s, 47,8 MB/s
8346370048 bytes (8,3 GB, 7,8 GiB) copied, 175 s, 47,7 MB/s
8380678144 bytes (8,4 GB, 7,8 GiB) copied, 176 s, 47,6 MB/s
8415379456 bytes (8,4 GB, 7,8 GiB) copied, 177 s, 47,5 MB/s
8449687552 bytes (8,4 GB, 7,9 GiB) copied, 178 s, 47,5 MB/s
8484257792 bytes (8,5 GB, 7,9 GiB) copied, 179 s, 47,4 MB/s
8518729728 bytes (8,5 GB, 7,9 GiB) copied, 180 s, 47,3 MB/s
8553070592 bytes (8,6 GB, 8,0 GiB) copied, 181 s, 47,3 MB/s
8587083776 bytes (8,6 GB, 8,0 GiB) copied, 182 s, 47,2 MB/s
8621064192 bytes (8,6 GB, 8,0 GiB) copied, 183 s, 47,1 MB/s
8655405056 bytes (8,7 GB, 8,1 GiB) copied, 184 s, 47,0 MB/s
8690434048 bytes (8,7 GB, 8,1 GiB) copied, 185 s, 47,0 MB/s
8725135360 bytes (8,7 GB, 8,1 GiB) copied, 186 s, 46,9 MB/s
8759771136 bytes (8,8 GB, 8,2 GiB) copied, 187 s, 46,8 MB/s
8794308608 bytes (8,8 GB, 8,2 GiB) copied, 188 s, 46,8 MB/s
8828649472 bytes (8,8 GB, 8,2 GiB) copied, 189 s, 46,7 MB/s
8863121408 bytes (8,9 GB, 8,3 GiB) copied, 190 s, 46,6 MB/s
8896774144 bytes (8,9 GB, 8,3 GiB) copied, 191 s, 46,6 MB/s
8931442688 bytes (8,9 GB, 8,3 GiB) copied, 192 s, 46,5 MB/s
8966406144 bytes (9,0 GB, 8,4 GiB) copied, 193 s, 46,5 MB/s
9001598976 bytes (9,0 GB, 8,4 GiB) copied, 194 s, 46,4 MB/s
9036464128 bytes (9,0 GB, 8,4 GiB) copied, 195 s, 46,3 MB/s
9071394816 bytes (9,1 GB, 8,4 GiB) copied, 196 s, 46,3 MB/s
9106194432 bytes (9,1 GB, 8,5 GiB) copied, 197 s, 46,2 MB/s
9140666368 bytes (9,1 GB, 8,5 GiB) copied, 198 s, 46,2 MB/s
9176580096 bytes (9,2 GB, 8,5 GiB) copied, 199 s, 46,1 MB/s
9211248640 bytes (9,2 GB, 8,6 GiB) copied, 200 s, 46,1 MB/s
9247293440 bytes (9,2 GB, 8,6 GiB) copied, 201 s, 46,0 MB/s
9284780032 bytes (9,3 GB, 8,6 GiB) copied, 202 s, 46,0 MB/s
9319710720 bytes (9,3 GB, 8,7 GiB) copied, 203 s, 45,9 MB/s
9354674176 bytes (9,4 GB, 8,7 GiB) copied, 204 s, 45,9 MB/s
9390424064 bytes (9,4 GB, 8,7 GiB) copied, 205 s, 45,8 MB/s
9426108416 bytes (9,4 GB, 8,8 GiB) copied, 206 s, 45,8 MB/s
9460318208 bytes (9,5 GB, 8,8 GiB) copied, 207 s, 45,7 MB/s
9494790144 bytes (9,5 GB, 8,8 GiB) copied, 208 s, 45,6 MB/s
9528639488 bytes (9,5 GB, 8,9 GiB) copied, 209 s, 45,6 MB/s
9562554368 bytes (9,6 GB, 8,9 GiB) copied, 210 s, 45,5 MB/s
9596633088 bytes (9,6 GB, 8,9 GiB) copied, 211 s, 45,5 MB/s
9630613504 bytes (9,6 GB, 9,0 GiB) copied, 212 s, 45,4 MB/s
9664626688 bytes (9,7 GB, 9,0 GiB) copied, 213 s, 45,4 MB/s
9698541568 bytes (9,7 GB, 9,0 GiB) copied, 214 s, 45,3 MB/s
9732751360 bytes (9,7 GB, 9,1 GiB) copied, 215 s, 45,3 MB/s
9766699008 bytes (9,8 GB, 9,1 GiB) copied, 216 s, 45,2 MB/s
9800744960 bytes (9,8 GB, 9,1 GiB) copied, 217 s, 45,2 MB/s
9835773952 bytes (9,8 GB, 9,2 GiB) copied, 218 s, 45,1 MB/s
9870442496 bytes (9,9 GB, 9,2 GiB) copied, 219 s, 45,1 MB/s
9905799168 bytes (9,9 GB, 9,2 GiB) copied, 220 s, 45,0 MB/s
9940828160 bytes (9,9 GB, 9,3 GiB) copied, 221 s, 45,0 MB/s
9976446976 bytes (10 GB, 9,3 GiB) copied, 222 s, 44,9 MB/s 
10010853376 bytes (10 GB, 9,3 GiB) copied, 223 s, 44,9 MB/s
10045882368 bytes (10 GB, 9,4 GiB) copied, 224 s, 44,8 MB/s
10081239040 bytes (10 GB, 9,4 GiB) copied, 225 s, 44,8 MB/s
10118889472 bytes (10 GB, 9,4 GiB) copied, 226 s, 44,8 MB/s
10154311680 bytes (10 GB, 9,5 GiB) copied, 227 s, 44,7 MB/s
10189176832 bytes (10 GB, 9,5 GiB) copied, 228 s, 44,7 MB/s
10223550464 bytes (10 GB, 9,5 GiB) copied, 229 s, 44,6 MB/s
10258579456 bytes (10 GB, 9,6 GiB) copied, 230 s, 44,6 MB/s
10292690944 bytes (10 GB, 9,6 GiB) copied, 231 s, 44,6 MB/s
10326671360 bytes (10 GB, 9,6 GiB) copied, 232 s, 44,5 MB/s
10362028032 bytes (10 GB, 9,7 GiB) copied, 233 s, 44,5 MB/s
10397057024 bytes (10 GB, 9,7 GiB) copied, 234 s, 44,4 MB/s
10432086016 bytes (10 GB, 9,7 GiB) copied, 235 s, 44,4 MB/s
10466066432 bytes (10 GB, 9,7 GiB) copied, 236 s, 44,3 MB/s
10500079616 bytes (11 GB, 9,8 GiB) copied, 237 s, 44,3 MB/s
10534748160 bytes (11 GB, 9,8 GiB) copied, 238 s, 44,3 MB/s
10569416704 bytes (11 GB, 9,8 GiB) copied, 239 s, 44,2 MB/s
10604085248 bytes (11 GB, 9,9 GiB) copied, 240 s, 44,2 MB/s
10638098432 bytes (11 GB, 9,9 GiB) copied, 241 s, 44,1 MB/s
10672078848 bytes (11 GB, 9,9 GiB) copied, 242 s, 44,1 MB/s
10706419712 bytes (11 GB, 10 GiB) copied, 243 s, 44,1 MB/s 
10740629504 bytes (11 GB, 10 GiB) copied, 244 s, 44,0 MB/s
10774773760 bytes (11 GB, 10 GiB) copied, 245 s, 44,0 MB/s
10808754176 bytes (11 GB, 10 GiB) copied, 246 s, 43,9 MB/s
10843553792 bytes (11 GB, 10 GiB) copied, 247 s, 43,9 MB/s
10880155648 bytes (11 GB, 10 GiB) copied, 248 s, 43,9 MB/s
10915512320 bytes (11 GB, 10 GiB) copied, 249 s, 43,8 MB/s
10950475776 bytes (11 GB, 10 GiB) copied, 250 s, 43,8 MB/s
10984849408 bytes (11 GB, 10 GiB) copied, 251 s, 43,8 MB/s
11019747328 bytes (11 GB, 10 GiB) copied, 252 s, 43,7 MB/s
11054219264 bytes (11 GB, 10 GiB) copied, 253 s, 43,7 MB/s
11089018880 bytes (11 GB, 10 GiB) copied, 254 s, 43,7 MB/s
11123228672 bytes (11 GB, 10 GiB) copied, 255 s, 43,6 MB/s
11157569536 bytes (11 GB, 10 GiB) copied, 256 s, 43,6 MB/s
11192238080 bytes (11 GB, 10 GiB) copied, 257 s, 43,5 MB/s
11226906624 bytes (11 GB, 10 GiB) copied, 258 s, 43,5 MB/s
11260919808 bytes (11 GB, 10 GiB) copied, 259 s, 43,5 MB/s
11294900224 bytes (11 GB, 11 GiB) copied, 260 s, 43,4 MB/s
11330256896 bytes (11 GB, 11 GiB) copied, 261 s, 43,4 MB/s
11364892672 bytes (11 GB, 11 GiB) copied, 262 s, 43,4 MB/s
11399495680 bytes (11 GB, 11 GiB) copied, 263 s, 43,3 MB/s
11434295296 bytes (11 GB, 11 GiB) copied, 264 s, 43,3 MB/s
11469324288 bytes (11 GB, 11 GiB) copied, 265 s, 43,3 MB/s
11503304704 bytes (12 GB, 11 GiB) copied, 266 s, 43,2 MB/s
11537645568 bytes (12 GB, 11 GiB) copied, 267 s, 43,2 MB/s
11572346880 bytes (12 GB, 11 GiB) copied, 268 s, 43,2 MB/s
11608883200 bytes (12 GB, 11 GiB) copied, 269 s, 43,2 MB/s
11646763008 bytes (12 GB, 11 GiB) copied, 270 s, 43,1 MB/s
11684544512 bytes (12 GB, 11 GiB) copied, 271 s, 43,1 MB/s
11720884224 bytes (12 GB, 11 GiB) copied, 272 s, 43,1 MB/s
11758272512 bytes (12 GB, 11 GiB) copied, 273 s, 43,1 MB/s
11796348928 bytes (12 GB, 11 GiB) copied, 274 s, 43,1 MB/s
11833278464 bytes (12 GB, 11 GiB) copied, 275 s, 43,0 MB/s
11869585408 bytes (12 GB, 11 GiB) copied, 276 s, 43,0 MB/s
11906187264 bytes (12 GB, 11 GiB) copied, 277 s, 43,0 MB/s
11940167680 bytes (12 GB, 11 GiB) copied, 278 s, 42,9 MB/s
11977228288 bytes (12 GB, 11 GiB) copied, 279 s, 42,9 MB/s
12013928448 bytes (12 GB, 11 GiB) copied, 280 s, 42,9 MB/s
12049285120 bytes (12 GB, 11 GiB) copied, 281 s, 42,9 MB/s
12086312960 bytes (12 GB, 11 GiB) copied, 282 s, 42,9 MB/s
12121505792 bytes (12 GB, 11 GiB) copied, 283 s, 42,8 MB/s
12156731392 bytes (12 GB, 11 GiB) copied, 284 s, 42,8 MB/s
12194480128 bytes (12 GB, 11 GiB) copied, 285 s, 42,8 MB/s
12230164480 bytes (12 GB, 11 GiB) copied, 286 s, 42,8 MB/s
12265193472 bytes (12 GB, 11 GiB) copied, 287 s, 42,7 MB/s
12302909440 bytes (12 GB, 11 GiB) copied, 288 s, 42,7 MB/s
12340264960 bytes (12 GB, 11 GiB) copied, 289 s, 42,7 MB/s
12374835200 bytes (12 GB, 12 GiB) copied, 290 s, 42,7 MB/s
12412387328 bytes (12 GB, 12 GiB) copied, 291 s, 42,7 MB/s
12449218560 bytes (12 GB, 12 GiB) copied, 292 s, 42,6 MB/s
12484247552 bytes (12 GB, 12 GiB) copied, 293 s, 42,6 MB/s
12521865216 bytes (13 GB, 12 GiB) copied, 294 s, 42,6 MB/s
12557877248 bytes (13 GB, 12 GiB) copied, 295 s, 42,6 MB/s
12593102848 bytes (13 GB, 12 GiB) copied, 296 s, 42,5 MB/s
12630851584 bytes (13 GB, 12 GiB) copied, 297 s, 42,5 MB/s
12666142720 bytes (13 GB, 12 GiB) copied, 298 s, 42,5 MB/s
12701696000 bytes (13 GB, 12 GiB) copied, 299 s, 42,5 MB/s
12739280896 bytes (13 GB, 12 GiB) copied, 300 s, 42,5 MB/s
12773621760 bytes (13 GB, 12 GiB) copied, 301 s, 42,4 MB/s
12809469952 bytes (13 GB, 12 GiB) copied, 302 s, 42,4 MB/s
12846989312 bytes (13 GB, 12 GiB) copied, 303 s, 42,4 MB/s
12882214912 bytes (13 GB, 12 GiB) copied, 304 s, 42,4 MB/s
12918259712 bytes (13 GB, 12 GiB) copied, 305 s, 42,4 MB/s
12955320320 bytes (13 GB, 12 GiB) copied, 306 s, 42,3 MB/s
12990316544 bytes (13 GB, 12 GiB) copied, 307 s, 42,3 MB/s
13025181696 bytes (13 GB, 12 GiB) copied, 308 s, 42,3 MB/s
13062733824 bytes (13 GB, 12 GiB) copied, 309 s, 42,3 MB/s
13097435136 bytes (13 GB, 12 GiB) copied, 310 s, 42,2 MB/s
13135085568 bytes (13 GB, 12 GiB) copied, 311 s, 42,2 MB/s
13170507776 bytes (13 GB, 12 GiB) copied, 312 s, 42,2 MB/s
13205995520 bytes (13 GB, 12 GiB) copied, 313 s, 42,2 MB/s
13243940864 bytes (13 GB, 12 GiB) copied, 314 s, 42,2 MB/s
13281525760 bytes (13 GB, 12 GiB) copied, 315 s, 42,2 MB/s
13316358144 bytes (13 GB, 12 GiB) copied, 316 s, 42,1 MB/s
13354106880 bytes (13 GB, 12 GiB) copied, 317 s, 42,1 MB/s
13388644352 bytes (13 GB, 12 GiB) copied, 318 s, 42,1 MB/s
13423443968 bytes (13 GB, 13 GiB) copied, 319 s, 42,1 MB/s
13461225472 bytes (13 GB, 13 GiB) copied, 320 s, 42,1 MB/s
13495533568 bytes (13 GB, 13 GiB) copied, 321 s, 42,0 MB/s
13532102656 bytes (14 GB, 13 GiB) copied, 322 s, 42,0 MB/s
13569982464 bytes (14 GB, 13 GiB) copied, 323 s, 42,0 MB/s
13605339136 bytes (14 GB, 13 GiB) copied, 324 s, 42,0 MB/s
13642039296 bytes (14 GB, 13 GiB) copied, 325 s, 42,0 MB/s
13678706688 bytes (14 GB, 13 GiB) copied, 326 s, 42,0 MB/s
13712949248 bytes (14 GB, 13 GiB) copied, 327 s, 41,9 MB/s
13749485568 bytes (14 GB, 13 GiB) copied, 328 s, 41,9 MB/s
13784776704 bytes (14 GB, 13 GiB) copied, 329 s, 41,9 MB/s
13819314176 bytes (14 GB, 13 GiB) copied, 330 s, 41,9 MB/s
13857095680 bytes (14 GB, 13 GiB) copied, 331 s, 41,9 MB/s
13894778880 bytes (14 GB, 13 GiB) copied, 332 s, 41,9 MB/s
13928988672 bytes (14 GB, 13 GiB) copied, 333 s, 41,8 MB/s
13966376960 bytes (14 GB, 13 GiB) copied, 334 s, 41,8 MB/s
14002421760 bytes (14 GB, 13 GiB) copied, 335 s, 41,8 MB/s
14036959232 bytes (14 GB, 13 GiB) copied, 336 s, 41,8 MB/s
14074839040 bytes (14 GB, 13 GiB) copied, 337 s, 41,8 MB/s
14111211520 bytes (14 GB, 13 GiB) copied, 338 s, 41,7 MB/s
14146895872 bytes (14 GB, 13 GiB) copied, 339 s, 41,7 MB/s
14184284160 bytes (14 GB, 13 GiB) copied, 340 s, 41,7 MB/s
14218985472 bytes (14 GB, 13 GiB) copied, 341 s, 41,7 MB/s
14254669824 bytes (14 GB, 13 GiB) copied, 342 s, 41,7 MB/s
14291042304 bytes (14 GB, 13 GiB) copied, 343 s, 41,7 MB/s
14325710848 bytes (14 GB, 13 GiB) copied, 344 s, 41,6 MB/s
14362443776 bytes (14 GB, 13 GiB) copied, 345 s, 41,6 MB/s
14398488576 bytes (14 GB, 13 GiB) copied, 346 s, 41,6 MB/s
14433484800 bytes (14 GB, 13 GiB) copied, 347 s, 41,6 MB/s
14470545408 bytes (14 GB, 13 GiB) copied, 348 s, 41,6 MB/s
14508163072 bytes (15 GB, 14 GiB) copied, 349 s, 41,6 MB/s
14543290368 bytes (15 GB, 14 GiB) copied, 350 s, 41,6 MB/s
14580711424 bytes (15 GB, 14 GiB) copied, 351 s, 41,5 MB/s
14617706496 bytes (15 GB, 14 GiB) copied, 352 s, 41,5 MB/s
14652080128 bytes (15 GB, 14 GiB) copied, 353 s, 41,5 MB/s
14690123776 bytes (15 GB, 14 GiB) copied, 354 s, 41,5 MB/s
14726561792 bytes (15 GB, 14 GiB) copied, 355 s, 41,5 MB/s
14761426944 bytes (15 GB, 14 GiB) copied, 356 s, 41,5 MB/s
14799306752 bytes (15 GB, 14 GiB) copied, 357 s, 41,5 MB/s
14835679232 bytes (15 GB, 14 GiB) copied, 358 s, 41,4 MB/s
14870904832 bytes (15 GB, 14 GiB) copied, 359 s, 41,4 MB/s
14908424192 bytes (15 GB, 14 GiB) copied, 360 s, 41,4 MB/s
14943584256 bytes (15 GB, 14 GiB) copied, 361 s, 41,4 MB/s
14979137536 bytes (15 GB, 14 GiB) copied, 362 s, 41,4 MB/s
15016525824 bytes (15 GB, 14 GiB) copied, 363 s, 41,4 MB/s
15050866688 bytes (15 GB, 14 GiB) copied, 364 s, 41,3 MB/s
15087927296 bytes (15 GB, 14 GiB) copied, 365 s, 41,3 MB/s
15124496384 bytes (15 GB, 14 GiB) copied, 366 s, 41,3 MB/s
15162048512 bytes (15 GB, 14 GiB) copied, 367 s, 41,3 MB/s
15199895552 bytes (15 GB, 14 GiB) copied, 368 s, 41,3 MB/s
15234891776 bytes (15 GB, 14 GiB) copied, 369 s, 41,3 MB/s
15263105024 bytes (15 GB, 14 GiB) copied, 370 s, 41,3 MB/s
15297282048 bytes (15 GB, 14 GiB) copied, 371 s, 41,2 MB/s
15326707712 bytes (15 GB, 14 GiB) copied, 372 s, 41,2 MB/s
15371960320 bytes (15 GB, 14 GiB) copied, 373 s, 41,2 MB/s
15401222144 bytes (15 GB, 14 GiB) copied, 374 s, 41,2 MB/s
15419375616 bytes (15 GB, 14 GiB) copied, 375 s, 41,1 MB/s
15457943552 bytes (15 GB, 14 GiB) copied, 376 s, 41,1 MB/s
15500312576 bytes (16 GB, 14 GiB) copied, 377 s, 41,1 MB/s
15538716672 bytes (16 GB, 14 GiB) copied, 378 s, 41,1 MB/s
15572566016 bytes (16 GB, 15 GiB) copied, 379 s, 41,1 MB/s
15613100032 bytes (16 GB, 15 GiB) copied, 380 s, 41,1 MB/s
15642361856 bytes (16 GB, 15 GiB) copied, 381 s, 41,1 MB/s
15667986432 bytes (16 GB, 15 GiB) copied, 382 s, 41,0 MB/s
15696429056 bytes (16 GB, 15 GiB) copied, 383 s, 41,0 MB/s
15728017408 bytes (16 GB, 15 GiB) copied, 384 s, 41,0 MB/s
15762030592 bytes (16 GB, 15 GiB) copied, 385 s, 40,9 MB/s
15796961280 bytes (16 GB, 15 GiB) copied, 386 s, 40,9 MB/s
15835168768 bytes (16 GB, 15 GiB) copied, 387 s, 40,9 MB/s
15872983040 bytes (16 GB, 15 GiB) copied, 388 s, 40,9 MB/s
15910797312 bytes (16 GB, 15 GiB) copied, 389 s, 40,9 MB/s
15948906496 bytes (16 GB, 15 GiB) copied, 390 s, 40,9 MB/s
15988916224 bytes (16 GB, 15 GiB) copied, 391 s, 40,9 MB/s
16031285248 bytes (16 GB, 15 GiB) copied, 392 s, 40,9 MB/s
16073719808 bytes (16 GB, 15 GiB) copied, 393 s, 40,9 MB/s
16116514816 bytes (16 GB, 15 GiB) copied, 394 s, 40,9 MB/s
16158720000 bytes (16 GB, 15 GiB) copied, 395 s, 40,9 MB/s
16201416704 bytes (16 GB, 15 GiB) copied, 396 s, 40,9 MB/s
16243228672 bytes (16 GB, 15 GiB) copied, 397 s, 40,9 MB/s
16280977408 bytes (16 GB, 15 GiB) copied, 398 s, 40,9 MB/s
16319545344 bytes (16 GB, 15 GiB) copied, 399 s, 40,9 MB/s
16357556224 bytes (16 GB, 15 GiB) copied, 400 s, 40,9 MB/s
16395010048 bytes (16 GB, 15 GiB) copied, 401 s, 40,9 MB/s
16432726016 bytes (16 GB, 15 GiB) copied, 402 s, 40,9 MB/s
16470802432 bytes (16 GB, 15 GiB) copied, 403 s, 40,9 MB/s
16508551168 bytes (17 GB, 15 GiB) copied, 404 s, 40,9 MB/s
16546234368 bytes (17 GB, 15 GiB) copied, 405 s, 40,9 MB/s
16584015872 bytes (17 GB, 15 GiB) copied, 406 s, 40,8 MB/s
16621764608 bytes (17 GB, 15 GiB) copied, 407 s, 40,8 MB/s
16659513344 bytes (17 GB, 16 GiB) copied, 408 s, 40,8 MB/s
16697458688 bytes (17 GB, 16 GiB) copied, 409 s, 40,8 MB/s
16734978048 bytes (17 GB, 16 GiB) copied, 410 s, 40,8 MB/s
16773054464 bytes (17 GB, 16 GiB) copied, 411 s, 40,8 MB/s
16810770432 bytes (17 GB, 16 GiB) copied, 412 s, 40,8 MB/s
16848388096 bytes (17 GB, 16 GiB) copied, 413 s, 40,8 MB/s
16886267904 bytes (17 GB, 16 GiB) copied, 414 s, 40,8 MB/s
16923983872 bytes (17 GB, 16 GiB) copied, 415 s, 40,8 MB/s
16961863680 bytes (17 GB, 16 GiB) copied, 416 s, 40,8 MB/s
16997416960 bytes (17 GB, 16 GiB) copied, 417 s, 40,8 MB/s
17035165696 bytes (17 GB, 16 GiB) copied, 418 s, 40,8 MB/s
17072226304 bytes (17 GB, 16 GiB) copied, 419 s, 40,7 MB/s
17107222528 bytes (17 GB, 16 GiB) copied, 420 s, 40,7 MB/s
17144971264 bytes (17 GB, 16 GiB) copied, 421 s, 40,7 MB/s
17180950528 bytes (17 GB, 16 GiB) copied, 422 s, 40,7 MB/s
17216208896 bytes (17 GB, 16 GiB) copied, 423 s, 40,7 MB/s
17253892096 bytes (17 GB, 16 GiB) copied, 424 s, 40,7 MB/s
17289314304 bytes (17 GB, 16 GiB) copied, 425 s, 40,7 MB/s
17325260800 bytes (17 GB, 16 GiB) copied, 426 s, 40,7 MB/s
17363075072 bytes (17 GB, 16 GiB) copied, 427 s, 40,7 MB/s
17398235136 bytes (17 GB, 16 GiB) copied, 428 s, 40,6 MB/s
17434279936 bytes (17 GB, 16 GiB) copied, 429 s, 40,6 MB/s
17472225280 bytes (17 GB, 16 GiB) copied, 430 s, 40,6 MB/s
17506697216 bytes (18 GB, 16 GiB) copied, 431 s, 40,6 MB/s
17543364608 bytes (18 GB, 16 GiB) copied, 432 s, 40,6 MB/s
17579802624 bytes (18 GB, 16 GiB) copied, 433 s, 40,6 MB/s
17615159296 bytes (18 GB, 16 GiB) copied, 434 s, 40,6 MB/s
17652482048 bytes (18 GB, 16 GiB) copied, 435 s, 40,6 MB/s
17688592384 bytes (18 GB, 16 GiB) copied, 436 s, 40,6 MB/s
17723949056 bytes (18 GB, 17 GiB) copied, 437 s, 40,6 MB/s
17761009664 bytes (18 GB, 17 GiB) copied, 438 s, 40,5 MB/s
17797021696 bytes (18 GB, 17 GiB) copied, 439 s, 40,5 MB/s
17831723008 bytes (18 GB, 17 GiB) copied, 440 s, 40,5 MB/s
17869242368 bytes (18 GB, 17 GiB) copied, 441 s, 40,5 MB/s
17904795648 bytes (18 GB, 17 GiB) copied, 442 s, 40,5 MB/s
17939136512 bytes (18 GB, 17 GiB) copied, 443 s, 40,5 MB/s
17976885248 bytes (18 GB, 17 GiB) copied, 444 s, 40,5 MB/s
18011848704 bytes (18 GB, 17 GiB) copied, 445 s, 40,5 MB/s
18047598592 bytes (18 GB, 17 GiB) copied, 446 s, 40,5 MB/s
18085347328 bytes (18 GB, 17 GiB) copied, 447 s, 40,5 MB/s
18120671232 bytes (18 GB, 17 GiB) copied, 448 s, 40,4 MB/s
18156388352 bytes (18 GB, 17 GiB) copied, 449 s, 40,4 MB/s
18194104320 bytes (18 GB, 17 GiB) copied, 450 s, 40,4 MB/s
18229460992 bytes (18 GB, 17 GiB) copied, 451 s, 40,4 MB/s
18265440256 bytes (18 GB, 17 GiB) copied, 452 s, 40,4 MB/s
18302074880 bytes (18 GB, 17 GiB) copied, 453 s, 40,4 MB/s
18336219136 bytes (18 GB, 17 GiB) copied, 454 s, 40,4 MB/s
18373574656 bytes (18 GB, 17 GiB) copied, 455 s, 40,4 MB/s
18411028480 bytes (18 GB, 17 GiB) copied, 456 s, 40,4 MB/s
18445795328 bytes (18 GB, 17 GiB) copied, 457 s, 40,4 MB/s
18483216384 bytes (18 GB, 17 GiB) copied, 458 s, 40,4 MB/s
18519457792 bytes (19 GB, 17 GiB) copied, 459 s, 40,3 MB/s
18553798656 bytes (19 GB, 17 GiB) copied, 460 s, 40,3 MB/s
18591875072 bytes (19 GB, 17 GiB) copied, 461 s, 40,3 MB/s
18627854336 bytes (19 GB, 17 GiB) copied, 462 s, 40,3 MB/s
18662588416 bytes (19 GB, 17 GiB) copied, 463 s, 40,3 MB/s
18699976704 bytes (19 GB, 17 GiB) copied, 464 s, 40,3 MB/s
18735955968 bytes (19 GB, 17 GiB) copied, 465 s, 40,3 MB/s
18770690048 bytes (19 GB, 17 GiB) copied, 466 s, 40,3 MB/s
18808111104 bytes (19 GB, 18 GiB) copied, 467 s, 40,3 MB/s
18843795456 bytes (19 GB, 18 GiB) copied, 468 s, 40,3 MB/s
18879479808 bytes (19 GB, 18 GiB) copied, 469 s, 40,3 MB/s
18917556224 bytes (19 GB, 18 GiB) copied, 470 s, 40,2 MB/s
18953273344 bytes (19 GB, 18 GiB) copied, 471 s, 40,2 MB/s
18988990464 bytes (19 GB, 18 GiB) copied, 472 s, 40,2 MB/s
19025788928 bytes (19 GB, 18 GiB) copied, 473 s, 40,2 MB/s
19060359168 bytes (19 GB, 18 GiB) copied, 474 s, 40,2 MB/s
19097419776 bytes (19 GB, 18 GiB) copied, 475 s, 40,2 MB/s
19134480384 bytes (19 GB, 18 GiB) copied, 476 s, 40,2 MB/s
19168690176 bytes (19 GB, 18 GiB) copied, 477 s, 40,2 MB/s
19206209536 bytes (19 GB, 18 GiB) copied, 478 s, 40,2 MB/s
19240878080 bytes (19 GB, 18 GiB) copied, 479 s, 40,2 MB/s
19276595200 bytes (19 GB, 18 GiB) copied, 480 s, 40,2 MB/s
19314442240 bytes (19 GB, 18 GiB) copied, 481 s, 40,2 MB/s
19349667840 bytes (19 GB, 18 GiB) copied, 482 s, 40,1 MB/s
19386040320 bytes (19 GB, 18 GiB) copied, 483 s, 40,1 MB/s
19423428608 bytes (19 GB, 18 GiB) copied, 484 s, 40,1 MB/s
19459604480 bytes (19 GB, 18 GiB) copied, 485 s, 40,1 MB/s
19495845888 bytes (19 GB, 18 GiB) copied, 486 s, 40,1 MB/s
19532578816 bytes (20 GB, 18 GiB) copied, 487 s, 40,1 MB/s
19567575040 bytes (20 GB, 18 GiB) copied, 488 s, 40,1 MB/s
19604635648 bytes (20 GB, 18 GiB) copied, 489 s, 40,1 MB/s
19642023936 bytes (20 GB, 18 GiB) copied, 490 s, 40,1 MB/s
19677380608 bytes (20 GB, 18 GiB) copied, 491 s, 40,1 MB/s
19714441216 bytes (20 GB, 18 GiB) copied, 492 s, 40,1 MB/s
19750486016 bytes (20 GB, 18 GiB) copied, 493 s, 40,1 MB/s
19785285632 bytes (20 GB, 18 GiB) copied, 494 s, 40,1 MB/s
19822903296 bytes (20 GB, 18 GiB) copied, 495 s, 40,0 MB/s
19858259968 bytes (20 GB, 18 GiB) copied, 496 s, 40,0 MB/s
19892928512 bytes (20 GB, 19 GiB) copied, 497 s, 40,0 MB/s
19930808320 bytes (20 GB, 19 GiB) copied, 498 s, 40,0 MB/s
19968000000 bytes (20 GB, 19 GiB) copied, 499 s, 40,0 MB/s
20003061760 bytes (20 GB, 19 GiB) copied, 500 s, 40,0 MB/s
20040155136 bytes (20 GB, 19 GiB) copied, 501 s, 40,0 MB/s
20075151360 bytes (20 GB, 19 GiB) copied, 502 s, 40,0 MB/s
20111196160 bytes (20 GB, 19 GiB) copied, 503 s, 40,0 MB/s
20148944896 bytes (20 GB, 19 GiB) copied, 504 s, 40,0 MB/s
20184301568 bytes (20 GB, 19 GiB) copied, 505 s, 40,0 MB/s
20220313600 bytes (20 GB, 19 GiB) copied, 506 s, 40,0 MB/s
20256686080 bytes (20 GB, 19 GiB) copied, 507 s, 40,0 MB/s
20292337664 bytes (20 GB, 19 GiB) copied, 508 s, 39,9 MB/s
20329103360 bytes (20 GB, 19 GiB) copied, 509 s, 39,9 MB/s
20366524416 bytes (20 GB, 19 GiB) copied, 510 s, 39,9 MB/s
20401192960 bytes (20 GB, 19 GiB) copied, 511 s, 39,9 MB/s
20438712320 bytes (20 GB, 19 GiB) copied, 512 s, 39,9 MB/s
20474232832 bytes (20 GB, 19 GiB) copied, 513 s, 39,9 MB/s
20508966912 bytes (21 GB, 19 GiB) copied, 514 s, 39,9 MB/s
20547043328 bytes (21 GB, 19 GiB) copied, 515 s, 39,9 MB/s
20581908480 bytes (21 GB, 19 GiB) copied, 516 s, 39,9 MB/s
20617756672 bytes (21 GB, 19 GiB) copied, 517 s, 39,9 MB/s
20655833088 bytes (21 GB, 19 GiB) copied, 518 s, 39,9 MB/s
20692205568 bytes (21 GB, 19 GiB) copied, 519 s, 39,9 MB/s
20728250368 bytes (21 GB, 19 GiB) copied, 520 s, 39,9 MB/s
20764950528 bytes (21 GB, 19 GiB) copied, 521 s, 39,9 MB/s
20799979520 bytes (21 GB, 19 GiB) copied, 522 s, 39,8 MB/s
20836876288 bytes (21 GB, 19 GiB) copied, 523 s, 39,8 MB/s
20874756096 bytes (21 GB, 19 GiB) copied, 524 s, 39,8 MB/s
20911095808 bytes (21 GB, 19 GiB) copied, 525 s, 39,8 MB/s
20947042304 bytes (21 GB, 20 GiB) copied, 526 s, 39,8 MB/s
20982202368 bytes (21 GB, 20 GiB) copied, 527 s, 39,8 MB/s
21017165824 bytes (21 GB, 20 GiB) copied, 528 s, 39,8 MB/s
21054947328 bytes (21 GB, 20 GiB) copied, 529 s, 39,8 MB/s
21092794368 bytes (21 GB, 20 GiB) copied, 530 s, 39,8 MB/s
21127692288 bytes (21 GB, 20 GiB) copied, 531 s, 39,8 MB/s
21165047808 bytes (21 GB, 20 GiB) copied, 532 s, 39,8 MB/s
21202141184 bytes (21 GB, 20 GiB) copied, 533 s, 39,8 MB/s
21236482048 bytes (21 GB, 20 GiB) copied, 534 s, 39,8 MB/s
21273542656 bytes (21 GB, 20 GiB) copied, 535 s, 39,8 MB/s
21310144512 bytes (21 GB, 20 GiB) copied, 536 s, 39,8 MB/s
21345959936 bytes (21 GB, 20 GiB) copied, 537 s, 39,7 MB/s
21383217152 bytes (21 GB, 20 GiB) copied, 538 s, 39,7 MB/s
21419261952 bytes (21 GB, 20 GiB) copied, 539 s, 39,7 MB/s
21454749696 bytes (21 GB, 20 GiB) copied, 540 s, 39,7 MB/s
21492498432 bytes (21 GB, 20 GiB) copied, 541 s, 39,7 MB/s
21529198592 bytes (22 GB, 20 GiB) copied, 542 s, 39,7 MB/s
21564882944 bytes (22 GB, 20 GiB) copied, 543 s, 39,7 MB/s
21602435072 bytes (22 GB, 20 GiB) copied, 544 s, 39,7 MB/s
21638971392 bytes (22 GB, 20 GiB) copied, 545 s, 39,7 MB/s
21674033152 bytes (22 GB, 20 GiB) copied, 546 s, 39,7 MB/s
21711093760 bytes (22 GB, 20 GiB) copied, 547 s, 39,7 MB/s
21745729536 bytes (22 GB, 20 GiB) copied, 548 s, 39,7 MB/s
21782134784 bytes (22 GB, 20 GiB) copied, 549 s, 39,7 MB/s
21820014592 bytes (22 GB, 20 GiB) copied, 550 s, 39,7 MB/s
21855698944 bytes (22 GB, 20 GiB) copied, 551 s, 39,7 MB/s
21892628480 bytes (22 GB, 20 GiB) copied, 552 s, 39,7 MB/s
21929328640 bytes (22 GB, 20 GiB) copied, 553 s, 39,7 MB/s
21964357632 bytes (22 GB, 20 GiB) copied, 554 s, 39,6 MB/s
22001025024 bytes (22 GB, 20 GiB) copied, 555 s, 39,6 MB/s
22038806528 bytes (22 GB, 21 GiB) copied, 556 s, 39,6 MB/s
22074621952 bytes (22 GB, 21 GiB) copied, 557 s, 39,6 MB/s
22112206848 bytes (22 GB, 21 GiB) copied, 558 s, 39,6 MB/s
22148579328 bytes (22 GB, 21 GiB) copied, 559 s, 39,6 MB/s
22184329216 bytes (22 GB, 21 GiB) copied, 560 s, 39,6 MB/s
22222045184 bytes (22 GB, 21 GiB) copied, 561 s, 39,6 MB/s
22259793920 bytes (22 GB, 21 GiB) copied, 562 s, 39,6 MB/s
22294822912 bytes (22 GB, 21 GiB) copied, 563 s, 39,6 MB/s
22332538880 bytes (22 GB, 21 GiB) copied, 564 s, 39,6 MB/s
22367567872 bytes (22 GB, 21 GiB) copied, 565 s, 39,6 MB/s
22403809280 bytes (22 GB, 21 GiB) copied, 566 s, 39,6 MB/s
22441000960 bytes (22 GB, 21 GiB) copied, 567 s, 39,6 MB/s
22476455936 bytes (22 GB, 21 GiB) copied, 568 s, 39,6 MB/s
22512599040 bytes (23 GB, 21 GiB) copied, 569 s, 39,6 MB/s
22550478848 bytes (23 GB, 21 GiB) copied, 570 s, 39,6 MB/s
22585180160 bytes (23 GB, 21 GiB) copied, 571 s, 39,6 MB/s
22622208000 bytes (23 GB, 21 GiB) copied, 572 s, 39,5 MB/s
22660284416 bytes (23 GB, 21 GiB) copied, 573 s, 39,5 MB/s
22695739392 bytes (23 GB, 21 GiB) copied, 574 s, 39,5 MB/s
22733029376 bytes (23 GB, 21 GiB) copied, 575 s, 39,5 MB/s
22768943104 bytes (23 GB, 21 GiB) copied, 576 s, 39,5 MB/s
22804070400 bytes (23 GB, 21 GiB) copied, 577 s, 39,5 MB/s
22841491456 bytes (23 GB, 21 GiB) copied, 578 s, 39,5 MB/s
22878519296 bytes (23 GB, 21 GiB) copied, 579 s, 39,5 MB/s
22915252224 bytes (23 GB, 21 GiB) copied, 580 s, 39,5 MB/s
22953000960 bytes (23 GB, 21 GiB) copied, 581 s, 39,5 MB/s
22989701120 bytes (23 GB, 21 GiB) copied, 582 s, 39,5 MB/s
23025057792 bytes (23 GB, 21 GiB) copied, 583 s, 39,5 MB/s
23062806528 bytes (23 GB, 21 GiB) copied, 584 s, 39,5 MB/s
23098818560 bytes (23 GB, 22 GiB) copied, 585 s, 39,5 MB/s
23135223808 bytes (23 GB, 22 GiB) copied, 586 s, 39,5 MB/s
23172251648 bytes (23 GB, 22 GiB) copied, 587 s, 39,5 MB/s
23207968768 bytes (23 GB, 22 GiB) copied, 588 s, 39,5 MB/s
23245029376 bytes (23 GB, 22 GiB) copied, 589 s, 39,5 MB/s
23282712576 bytes (23 GB, 22 GiB) copied, 590 s, 39,5 MB/s
23318790144 bytes (23 GB, 22 GiB) copied, 591 s, 39,5 MB/s
23355850752 bytes (23 GB, 22 GiB) copied, 592 s, 39,5 MB/s
23393239040 bytes (23 GB, 22 GiB) copied, 593 s, 39,4 MB/s
23427940352 bytes (23 GB, 22 GiB) copied, 594 s, 39,4 MB/s
23465656320 bytes (23 GB, 22 GiB) copied, 595 s, 39,4 MB/s
23503241216 bytes (24 GB, 22 GiB) copied, 596 s, 39,4 MB/s
23538761728 bytes (24 GB, 22 GiB) copied, 597 s, 39,4 MB/s
23576772608 bytes (24 GB, 22 GiB) copied, 598 s, 39,4 MB/s
23612522496 bytes (24 GB, 22 GiB) copied, 599 s, 39,4 MB/s
23648206848 bytes (24 GB, 22 GiB) copied, 600 s, 39,4 MB/s
23685824512 bytes (24 GB, 22 GiB) copied, 601 s, 39,4 MB/s
23720984576 bytes (24 GB, 22 GiB) copied, 602 s, 39,4 MB/s
23757357056 bytes (24 GB, 22 GiB) copied, 603 s, 39,4 MB/s
23794745344 bytes (24 GB, 22 GiB) copied, 604 s, 39,4 MB/s
23829774336 bytes (24 GB, 22 GiB) copied, 605 s, 39,4 MB/s
23866474496 bytes (24 GB, 22 GiB) copied, 606 s, 39,4 MB/s
23904550912 bytes (24 GB, 22 GiB) copied, 607 s, 39,4 MB/s
23939907584 bytes (24 GB, 22 GiB) copied, 608 s, 39,4 MB/s
23977295872 bytes (24 GB, 22 GiB) copied, 609 s, 39,4 MB/s
24013701120 bytes (24 GB, 22 GiB) copied, 610 s, 39,4 MB/s
24048697344 bytes (24 GB, 22 GiB) copied, 611 s, 39,4 MB/s
24086544384 bytes (24 GB, 22 GiB) copied, 612 s, 39,4 MB/s
24124162048 bytes (24 GB, 22 GiB) copied, 613 s, 39,4 MB/s
24160206848 bytes (24 GB, 23 GiB) copied, 614 s, 39,3 MB/s
24197988352 bytes (24 GB, 23 GiB) copied, 615 s, 39,3 MB/s
24234328064 bytes (24 GB, 23 GiB) copied, 616 s, 39,3 MB/s
24269684736 bytes (24 GB, 23 GiB) copied, 617 s, 39,3 MB/s
24307761152 bytes (24 GB, 23 GiB) copied, 618 s, 39,3 MB/s
24344133632 bytes (24 GB, 23 GiB) copied, 619 s, 39,3 MB/s
24380506112 bytes (24 GB, 23 GiB) copied, 620 s, 39,3 MB/s
24418254848 bytes (24 GB, 23 GiB) copied, 621 s, 39,3 MB/s
24453611520 bytes (24 GB, 23 GiB) copied, 622 s, 39,3 MB/s
24490180608 bytes (24 GB, 23 GiB) copied, 623 s, 39,3 MB/s
24527044608 bytes (25 GB, 23 GiB) copied, 624 s, 39,3 MB/s
24562040832 bytes (25 GB, 23 GiB) copied, 625 s, 39,3 MB/s
24598773760 bytes (25 GB, 23 GiB) copied, 626 s, 39,3 MB/s
24636522496 bytes (25 GB, 23 GiB) copied, 627 s, 39,3 MB/s
24671518720 bytes (25 GB, 23 GiB) copied, 628 s, 39,3 MB/s
24709267456 bytes (25 GB, 23 GiB) copied, 629 s, 39,3 MB/s
24745967616 bytes (25 GB, 23 GiB) copied, 630 s, 39,3 MB/s
24780668928 bytes (25 GB, 23 GiB) copied, 631 s, 39,3 MB/s
24818384896 bytes (25 GB, 23 GiB) copied, 632 s, 39,3 MB/s
24855445504 bytes (25 GB, 23 GiB) copied, 633 s, 39,3 MB/s
24890474496 bytes (25 GB, 23 GiB) copied, 634 s, 39,3 MB/s
24928190464 bytes (25 GB, 23 GiB) copied, 635 s, 39,3 MB/s
24964562944 bytes (25 GB, 23 GiB) copied, 636 s, 39,3 MB/s
25000116224 bytes (25 GB, 23 GiB) copied, 637 s, 39,2 MB/s
25037996032 bytes (25 GB, 23 GiB) copied, 638 s, 39,2 MB/s
25073647616 bytes (25 GB, 23 GiB) copied, 639 s, 39,2 MB/s
25109692416 bytes (25 GB, 23 GiB) copied, 640 s, 39,2 MB/s
25146458112 bytes (25 GB, 23 GiB) copied, 641 s, 39,2 MB/s
25181126656 bytes (25 GB, 23 GiB) copied, 642 s, 39,2 MB/s
25218875392 bytes (25 GB, 23 GiB) copied, 643 s, 39,2 MB/s
25253904384 bytes (25 GB, 24 GiB) copied, 644 s, 39,2 MB/s
25290539008 bytes (25 GB, 24 GiB) copied, 645 s, 39,2 MB/s
25328287744 bytes (25 GB, 24 GiB) copied, 646 s, 39,2 MB/s
25364037632 bytes (25 GB, 24 GiB) copied, 647 s, 39,2 MB/s
25400082432 bytes (25 GB, 24 GiB) copied, 648 s, 39,2 MB/s
25437798400 bytes (25 GB, 24 GiB) copied, 649 s, 39,2 MB/s
25473843200 bytes (25 GB, 24 GiB) copied, 650 s, 39,2 MB/s
25509691392 bytes (26 GB, 24 GiB) copied, 651 s, 39,2 MB/s
25546948608 bytes (26 GB, 24 GiB) copied, 652 s, 39,2 MB/s
25581813760 bytes (26 GB, 24 GiB) copied, 653 s, 39,2 MB/s
25618120704 bytes (26 GB, 24 GiB) copied, 654 s, 39,2 MB/s
25654034432 bytes (26 GB, 24 GiB) copied, 655 s, 39,2 MB/s
25689718784 bytes (26 GB, 24 GiB) copied, 656 s, 39,2 MB/s
25727139840 bytes (26 GB, 24 GiB) copied, 657 s, 39,2 MB/s
25762824192 bytes (26 GB, 24 GiB) copied, 658 s, 39,2 MB/s
25798868992 bytes (26 GB, 24 GiB) copied, 659 s, 39,1 MB/s
25836584960 bytes (26 GB, 24 GiB) copied, 660 s, 39,1 MB/s
25871941632 bytes (26 GB, 24 GiB) copied, 661 s, 39,1 MB/s
25907986432 bytes (26 GB, 24 GiB) copied, 662 s, 39,1 MB/s
25944326144 bytes (26 GB, 24 GiB) copied, 663 s, 39,1 MB/s
25978699776 bytes (26 GB, 24 GiB) copied, 664 s, 39,1 MB/s
26015760384 bytes (26 GB, 24 GiB) copied, 665 s, 39,1 MB/s
26052132864 bytes (26 GB, 24 GiB) copied, 666 s, 39,1 MB/s
26087489536 bytes (26 GB, 24 GiB) copied, 667 s, 39,1 MB/s
26125107200 bytes (26 GB, 24 GiB) copied, 668 s, 39,1 MB/s
26161610752 bytes (26 GB, 24 GiB) copied, 669 s, 39,1 MB/s
26196967424 bytes (26 GB, 24 GiB) copied, 670 s, 39,1 MB/s
26234683392 bytes (26 GB, 24 GiB) copied, 671 s, 39,1 MB/s
26270400512 bytes (26 GB, 24 GiB) copied, 672 s, 39,1 MB/s
26306412544 bytes (26 GB, 24 GiB) copied, 673 s, 39,1 MB/s
26343833600 bytes (26 GB, 25 GiB) copied, 674 s, 39,1 MB/s
26378174464 bytes (26 GB, 25 GiB) copied, 675 s, 39,1 MB/s
26415005696 bytes (26 GB, 25 GiB) copied, 676 s, 39,1 MB/s
26452951040 bytes (26 GB, 25 GiB) copied, 677 s, 39,1 MB/s
26487619584 bytes (26 GB, 25 GiB) copied, 678 s, 39,1 MB/s
26524680192 bytes (27 GB, 25 GiB) copied, 679 s, 39,1 MB/s
26561413120 bytes (27 GB, 25 GiB) copied, 680 s, 39,1 MB/s
26595753984 bytes (27 GB, 25 GiB) copied, 681 s, 39,1 MB/s
26633142272 bytes (27 GB, 25 GiB) copied, 682 s, 39,1 MB/s
26670891008 bytes (27 GB, 25 GiB) copied, 683 s, 39,0 MB/s
26706771968 bytes (27 GB, 25 GiB) copied, 684 s, 39,0 MB/s
26744258560 bytes (27 GB, 25 GiB) copied, 685 s, 39,0 MB/s
26781024256 bytes (27 GB, 25 GiB) copied, 686 s, 39,0 MB/s
26815561728 bytes (27 GB, 25 GiB) copied, 687 s, 39,0 MB/s
26853376000 bytes (27 GB, 25 GiB) copied, 688 s, 39,0 MB/s
26888437760 bytes (27 GB, 25 GiB) copied, 689 s, 39,0 MB/s
26924154880 bytes (27 GB, 25 GiB) copied, 690 s, 39,0 MB/s
26960855040 bytes (27 GB, 25 GiB) copied, 691 s, 39,0 MB/s
26996211712 bytes (27 GB, 25 GiB) copied, 692 s, 39,0 MB/s
27032223744 bytes (27 GB, 25 GiB) copied, 693 s, 39,0 MB/s
27070005248 bytes (27 GB, 25 GiB) copied, 694 s, 39,0 MB/s
27106377728 bytes (27 GB, 25 GiB) copied, 695 s, 39,0 MB/s
27143077888 bytes (27 GB, 25 GiB) copied, 696 s, 39,0 MB/s
27180138496 bytes (27 GB, 25 GiB) copied, 697 s, 39,0 MB/s
27215331328 bytes (27 GB, 25 GiB) copied, 698 s, 39,0 MB/s
27252883456 bytes (27 GB, 25 GiB) copied, 699 s, 39,0 MB/s
27290435584 bytes (27 GB, 25 GiB) copied, 700 s, 39,0 MB/s
27325661184 bytes (27 GB, 25 GiB) copied, 701 s, 39,0 MB/s
27362721792 bytes (27 GB, 25 GiB) copied, 702 s, 39,0 MB/s
27398406144 bytes (27 GB, 26 GiB) copied, 703 s, 39,0 MB/s
27433271296 bytes (27 GB, 26 GiB) copied, 704 s, 39,0 MB/s
27471151104 bytes (27 GB, 26 GiB) copied, 705 s, 39,0 MB/s
27505491968 bytes (28 GB, 26 GiB) copied, 706 s, 39,0 MB/s
27541864448 bytes (28 GB, 26 GiB) copied, 707 s, 39,0 MB/s
27579613184 bytes (28 GB, 26 GiB) copied, 708 s, 39,0 MB/s
27615952896 bytes (28 GB, 26 GiB) copied, 709 s, 39,0 MB/s
27652358144 bytes (28 GB, 26 GiB) copied, 710 s, 38,9 MB/s
27690434560 bytes (28 GB, 26 GiB) copied, 711 s, 38,9 MB/s
27727495168 bytes (28 GB, 26 GiB) copied, 712 s, 38,9 MB/s
27763867648 bytes (28 GB, 26 GiB) copied, 713 s, 38,9 MB/s
27801452544 bytes (28 GB, 26 GiB) copied, 714 s, 38,9 MB/s
27836612608 bytes (28 GB, 26 GiB) copied, 715 s, 38,9 MB/s
27871969280 bytes (28 GB, 26 GiB) copied, 716 s, 38,9 MB/s
27909390336 bytes (28 GB, 26 GiB) copied, 717 s, 38,9 MB/s
27944747008 bytes (28 GB, 26 GiB) copied, 718 s, 38,9 MB/s
27981447168 bytes (28 GB, 26 GiB) copied, 719 s, 38,9 MB/s
28018900992 bytes (28 GB, 26 GiB) copied, 720 s, 38,9 MB/s
28053864448 bytes (28 GB, 26 GiB) copied, 721 s, 38,9 MB/s
28091252736 bytes (28 GB, 26 GiB) copied, 722 s, 38,9 MB/s
28127264768 bytes (28 GB, 26 GiB) copied, 723 s, 38,9 MB/s
28162326528 bytes (28 GB, 26 GiB) copied, 724 s, 38,9 MB/s
28199845888 bytes (28 GB, 26 GiB) copied, 725 s, 38,9 MB/s
28236087296 bytes (28 GB, 26 GiB) copied, 726 s, 38,9 MB/s
28271378432 bytes (28 GB, 26 GiB) copied, 727 s, 38,9 MB/s
28309192704 bytes (28 GB, 26 GiB) copied, 728 s, 38,9 MB/s
28346580992 bytes (28 GB, 26 GiB) copied, 729 s, 38,9 MB/s
28381937664 bytes (28 GB, 26 GiB) copied, 730 s, 38,9 MB/s
28420014080 bytes (28 GB, 26 GiB) copied, 731 s, 38,9 MB/s
28455370752 bytes (28 GB, 27 GiB) copied, 732 s, 38,9 MB/s
28492103680 bytes (28 GB, 27 GiB) copied, 733 s, 38,9 MB/s
28529491968 bytes (29 GB, 27 GiB) copied, 734 s, 38,9 MB/s
28564488192 bytes (29 GB, 27 GiB) copied, 735 s, 38,9 MB/s
28601679872 bytes (29 GB, 27 GiB) copied, 736 s, 38,9 MB/s
28639297536 bytes (29 GB, 27 GiB) copied, 737 s, 38,9 MB/s
28676358144 bytes (29 GB, 27 GiB) copied, 738 s, 38,9 MB/s
28713058304 bytes (29 GB, 27 GiB) copied, 739 s, 38,9 MB/s
28749430784 bytes (29 GB, 27 GiB) copied, 740 s, 38,9 MB/s
28784754688 bytes (29 GB, 27 GiB) copied, 741 s, 38,8 MB/s
28822044672 bytes (29 GB, 27 GiB) copied, 742 s, 38,8 MB/s
28857532416 bytes (29 GB, 27 GiB) copied, 743 s, 38,8 MB/s
28892561408 bytes (29 GB, 27 GiB) copied, 744 s, 38,8 MB/s
28930441216 bytes (29 GB, 27 GiB) copied, 745 s, 38,8 MB/s
28967370752 bytes (29 GB, 27 GiB) copied, 746 s, 38,8 MB/s
29002727424 bytes (29 GB, 27 GiB) copied, 747 s, 38,8 MB/s
29040443392 bytes (29 GB, 27 GiB) copied, 748 s, 38,8 MB/s
29076291584 bytes (29 GB, 27 GiB) copied, 749 s, 38,8 MB/s
29112172544 bytes (29 GB, 27 GiB) copied, 750 s, 38,8 MB/s
29149921280 bytes (29 GB, 27 GiB) copied, 751 s, 38,8 MB/s
29185277952 bytes (29 GB, 27 GiB) copied, 752 s, 38,8 MB/s
29221617664 bytes (29 GB, 27 GiB) copied, 753 s, 38,8 MB/s
29258153984 bytes (29 GB, 27 GiB) copied, 754 s, 38,8 MB/s
29293740032 bytes (29 GB, 27 GiB) copied, 755 s, 38,8 MB/s
29330767872 bytes (29 GB, 27 GiB) copied, 756 s, 38,8 MB/s
29368844288 bytes (29 GB, 27 GiB) copied, 757 s, 38,8 MB/s
29404692480 bytes (29 GB, 27 GiB) copied, 758 s, 38,8 MB/s
29442080768 bytes (29 GB, 27 GiB) copied, 759 s, 38,8 MB/s
29479010304 bytes (29 GB, 27 GiB) copied, 760 s, 38,8 MB/s
29514235904 bytes (30 GB, 27 GiB) copied, 761 s, 38,8 MB/s
29551755264 bytes (30 GB, 28 GiB) copied, 762 s, 38,8 MB/s
29588488192 bytes (30 GB, 28 GiB) copied, 763 s, 38,8 MB/s
29623484416 bytes (30 GB, 28 GiB) copied, 764 s, 38,8 MB/s
29660905472 bytes (30 GB, 28 GiB) copied, 765 s, 38,8 MB/s
29695213568 bytes (30 GB, 28 GiB) copied, 766 s, 38,8 MB/s
29730930688 bytes (30 GB, 28 GiB) copied, 767 s, 38,8 MB/s
29768646656 bytes (30 GB, 28 GiB) copied, 768 s, 38,8 MB/s
29804691456 bytes (30 GB, 28 GiB) copied, 769 s, 38,8 MB/s
29840539648 bytes (30 GB, 28 GiB) copied, 770 s, 38,8 MB/s
29878484992 bytes (30 GB, 28 GiB) copied, 771 s, 38,8 MB/s
29912989696 bytes (30 GB, 28 GiB) copied, 772 s, 38,7 MB/s
29950214144 bytes (30 GB, 28 GiB) copied, 773 s, 38,7 MB/s
29987602432 bytes (30 GB, 28 GiB) copied, 774 s, 38,7 MB/s
30022631424 bytes (30 GB, 28 GiB) copied, 775 s, 38,7 MB/s
30059954176 bytes (30 GB, 28 GiB) copied, 776 s, 38,7 MB/s
30096392192 bytes (30 GB, 28 GiB) copied, 777 s, 38,7 MB/s
30131290112 bytes (30 GB, 28 GiB) copied, 778 s, 38,7 MB/s
30169137152 bytes (30 GB, 28 GiB) copied, 779 s, 38,7 MB/s
30205181952 bytes (30 GB, 28 GiB) copied, 780 s, 38,7 MB/s
30240210944 bytes (30 GB, 28 GiB) copied, 781 s, 38,7 MB/s
30278287360 bytes (30 GB, 28 GiB) copied, 782 s, 38,7 MB/s
30314332160 bytes (30 GB, 28 GiB) copied, 783 s, 38,7 MB/s
30350671872 bytes (30 GB, 28 GiB) copied, 784 s, 38,7 MB/s
30388420608 bytes (30 GB, 28 GiB) copied, 785 s, 38,7 MB/s
30423777280 bytes (30 GB, 28 GiB) copied, 786 s, 38,7 MB/s
30458806272 bytes (30 GB, 28 GiB) copied, 787 s, 38,7 MB/s
30496882688 bytes (30 GB, 28 GiB) copied, 788 s, 38,7 MB/s
30531551232 bytes (31 GB, 28 GiB) copied, 789 s, 38,7 MB/s
30567792640 bytes (31 GB, 28 GiB) copied, 790 s, 38,7 MB/s
30605606912 bytes (31 GB, 29 GiB) copied, 791 s, 38,7 MB/s
30640963584 bytes (31 GB, 29 GiB) copied, 792 s, 38,7 MB/s
30677401600 bytes (31 GB, 29 GiB) copied, 793 s, 38,7 MB/s
30713741312 bytes (31 GB, 29 GiB) copied, 794 s, 38,7 MB/s
30748114944 bytes (31 GB, 29 GiB) copied, 795 s, 38,7 MB/s
30785634304 bytes (31 GB, 29 GiB) copied, 796 s, 38,7 MB/s
30821187584 bytes (31 GB, 29 GiB) copied, 797 s, 38,7 MB/s
30855757824 bytes (31 GB, 29 GiB) copied, 798 s, 38,7 MB/s
30892589056 bytes (31 GB, 29 GiB) copied, 799 s, 38,7 MB/s
30928961536 bytes (31 GB, 29 GiB) copied, 800 s, 38,7 MB/s
30963367936 bytes (31 GB, 29 GiB) copied, 801 s, 38,7 MB/s
31000657920 bytes (31 GB, 29 GiB) copied, 802 s, 38,7 MB/s
31036080128 bytes (31 GB, 29 GiB) copied, 803 s, 38,7 MB/s
31070257152 bytes (31 GB, 29 GiB) copied, 804 s, 38,6 MB/s
31107645440 bytes (31 GB, 29 GiB) copied, 805 s, 38,6 MB/s
31144116224 bytes (31 GB, 29 GiB) copied, 806 s, 38,6 MB/s
31179538432 bytes (31 GB, 29 GiB) copied, 807 s, 38,6 MB/s
31217254400 bytes (31 GB, 29 GiB) copied, 808 s, 38,6 MB/s
31252283392 bytes (31 GB, 29 GiB) copied, 809 s, 38,6 MB/s
31288328192 bytes (31 GB, 29 GiB) copied, 810 s, 38,6 MB/s
31326011392 bytes (31 GB, 29 GiB) copied, 811 s, 38,6 MB/s
31361040384 bytes (31 GB, 29 GiB) copied, 812 s, 38,6 MB/s
31397052416 bytes (31 GB, 29 GiB) copied, 813 s, 38,6 MB/s
31433424896 bytes (31 GB, 29 GiB) copied, 814 s, 38,6 MB/s
31467962368 bytes (31 GB, 29 GiB) copied, 815 s, 38,6 MB/s
31504531456 bytes (32 GB, 29 GiB) copied, 816 s, 38,6 MB/s
31541559296 bytes (32 GB, 29 GiB) copied, 817 s, 38,6 MB/s
31576129536 bytes (32 GB, 29 GiB) copied, 818 s, 38,6 MB/s
31613779968 bytes (32 GB, 29 GiB) copied, 819 s, 38,6 MB/s
31651069952 bytes (32 GB, 29 GiB) copied, 820 s, 38,6 MB/s
31685738496 bytes (32 GB, 30 GiB) copied, 821 s, 38,6 MB/s
31722242048 bytes (32 GB, 30 GiB) copied, 822 s, 38,6 MB/s
31758352384 bytes (32 GB, 30 GiB) copied, 823 s, 38,6 MB/s
31793184768 bytes (32 GB, 30 GiB) copied, 824 s, 38,6 MB/s
31830573056 bytes (32 GB, 30 GiB) copied, 825 s, 38,6 MB/s
31865765888 bytes (32 GB, 30 GiB) copied, 826 s, 38,6 MB/s
31900565504 bytes (32 GB, 30 GiB) copied, 827 s, 38,6 MB/s
31937986560 bytes (32 GB, 30 GiB) copied, 828 s, 38,6 MB/s
31974490112 bytes (32 GB, 30 GiB) copied, 829 s, 38,6 MB/s
32010076160 bytes (32 GB, 30 GiB) copied, 830 s, 38,6 MB/s
32047464448 bytes (32 GB, 30 GiB) copied, 831 s, 38,6 MB/s
32081805312 bytes (32 GB, 30 GiB) copied, 832 s, 38,6 MB/s
32117981184 bytes (32 GB, 30 GiB) copied, 833 s, 38,6 MB/s
32155566080 bytes (32 GB, 30 GiB) copied, 834 s, 38,6 MB/s
32190103552 bytes (32 GB, 30 GiB) copied, 835 s, 38,6 MB/s
32226639872 bytes (32 GB, 30 GiB) copied, 836 s, 38,5 MB/s
32264552448 bytes (32 GB, 30 GiB) copied, 837 s, 38,5 MB/s
32300400640 bytes (32 GB, 30 GiB) copied, 838 s, 38,5 MB/s
32336904192 bytes (32 GB, 30 GiB) copied, 839 s, 38,5 MB/s
32373178368 bytes (32 GB, 30 GiB) copied, 840 s, 38,5 MB/s
32407879680 bytes (32 GB, 30 GiB) copied, 841 s, 38,5 MB/s
32445169664 bytes (32 GB, 30 GiB) copied, 842 s, 38,5 MB/s
32482295808 bytes (32 GB, 30 GiB) copied, 843 s, 38,5 MB/s
32517488640 bytes (33 GB, 30 GiB) copied, 844 s, 38,5 MB/s
32554352640 bytes (33 GB, 30 GiB) copied, 845 s, 38,5 MB/s
32590692352 bytes (33 GB, 30 GiB) copied, 846 s, 38,5 MB/s
32625065984 bytes (33 GB, 30 GiB) copied, 847 s, 38,5 MB/s
32662454272 bytes (33 GB, 30 GiB) copied, 848 s, 38,5 MB/s
32697155584 bytes (33 GB, 30 GiB) copied, 849 s, 38,5 MB/s
32732872704 bytes (33 GB, 30 GiB) copied, 850 s, 38,5 MB/s
32770588672 bytes (33 GB, 31 GiB) copied, 851 s, 38,5 MB/s
32808108032 bytes (33 GB, 31 GiB) copied, 852 s, 38,5 MB/s
32843333632 bytes (33 GB, 31 GiB) copied, 853 s, 38,5 MB/s
32880394240 bytes (33 GB, 31 GiB) copied, 854 s, 38,5 MB/s
32915390464 bytes (33 GB, 31 GiB) copied, 855 s, 38,5 MB/s
32951107584 bytes (33 GB, 31 GiB) copied, 856 s, 38,5 MB/s
32989184000 bytes (33 GB, 31 GiB) copied, 857 s, 38,5 MB/s
33023983616 bytes (33 GB, 31 GiB) copied, 858 s, 38,5 MB/s
33060585472 bytes (33 GB, 31 GiB) copied, 859 s, 38,5 MB/s
33097252864 bytes (33 GB, 31 GiB) copied, 860 s, 38,5 MB/s
33131298816 bytes (33 GB, 31 GiB) copied, 861 s, 38,5 MB/s
33169047552 bytes (33 GB, 31 GiB) copied, 862 s, 38,5 MB/s
33206206464 bytes (33 GB, 31 GiB) copied, 863 s, 38,5 MB/s
33241104384 bytes (33 GB, 31 GiB) copied, 864 s, 38,5 MB/s
33278427136 bytes (33 GB, 31 GiB) copied, 865 s, 38,5 MB/s
33314537472 bytes (33 GB, 31 GiB) copied, 866 s, 38,5 MB/s
33348190208 bytes (33 GB, 31 GiB) copied, 867 s, 38,5 MB/s
33385873408 bytes (33 GB, 31 GiB) copied, 868 s, 38,5 MB/s
33423327232 bytes (33 GB, 31 GiB) copied, 869 s, 38,5 MB/s
33458323456 bytes (33 GB, 31 GiB) copied, 870 s, 38,5 MB/s
33496006656 bytes (33 GB, 31 GiB) copied, 871 s, 38,5 MB/s
33532116992 bytes (34 GB, 31 GiB) copied, 872 s, 38,5 MB/s
33566916608 bytes (34 GB, 31 GiB) copied, 873 s, 38,5 MB/s
33604665344 bytes (34 GB, 31 GiB) copied, 874 s, 38,4 MB/s
33639890944 bytes (34 GB, 31 GiB) copied, 875 s, 38,4 MB/s
33674854400 bytes (34 GB, 31 GiB) copied, 876 s, 38,4 MB/s
33712635904 bytes (34 GB, 31 GiB) copied, 877 s, 38,4 MB/s
33748320256 bytes (34 GB, 31 GiB) copied, 878 s, 38,4 MB/s
33784037376 bytes (34 GB, 31 GiB) copied, 879 s, 38,4 MB/s
33821261824 bytes (34 GB, 31 GiB) copied, 880 s, 38,4 MB/s
33856028672 bytes (34 GB, 32 GiB) copied, 881 s, 38,4 MB/s
33892007936 bytes (34 GB, 32 GiB) copied, 882 s, 38,4 MB/s
33928511488 bytes (34 GB, 32 GiB) copied, 883 s, 38,4 MB/s
33962688512 bytes (34 GB, 32 GiB) copied, 884 s, 38,4 MB/s
34000240640 bytes (34 GB, 32 GiB) copied, 885 s, 38,4 MB/s
34037989376 bytes (34 GB, 32 GiB) copied, 886 s, 38,4 MB/s
34073346048 bytes (34 GB, 32 GiB) copied, 887 s, 38,4 MB/s
34110603264 bytes (34 GB, 32 GiB) copied, 888 s, 38,4 MB/s
34146779136 bytes (34 GB, 32 GiB) copied, 889 s, 38,4 MB/s
34180759552 bytes (34 GB, 32 GiB) copied, 890 s, 38,4 MB/s
34218278912 bytes (34 GB, 32 GiB) copied, 891 s, 38,4 MB/s
34253635584 bytes (34 GB, 32 GiB) copied, 892 s, 38,4 MB/s
34288238592 bytes (34 GB, 32 GiB) copied, 893 s, 38,4 MB/s
34325954560 bytes (34 GB, 32 GiB) copied, 894 s, 38,4 MB/s
34362916864 bytes (34 GB, 32 GiB) copied, 895 s, 38,4 MB/s
34398011392 bytes (34 GB, 32 GiB) copied, 896 s, 38,4 MB/s
34436087808 bytes (34 GB, 32 GiB) copied, 897 s, 38,4 MB/s
34471903232 bytes (34 GB, 32 GiB) copied, 898 s, 38,4 MB/s
34507489280 bytes (35 GB, 32 GiB) copied, 899 s, 38,4 MB/s
34545434624 bytes (35 GB, 32 GiB) copied, 900 s, 38,4 MB/s
34581118976 bytes (35 GB, 32 GiB) copied, 901 s, 38,4 MB/s
34616508416 bytes (35 GB, 32 GiB) copied, 902 s, 38,4 MB/s
34650259456 bytes (35 GB, 32 GiB) copied, 903 s, 38,4 MB/s
34684534784 bytes (35 GB, 32 GiB) copied, 904 s, 38,4 MB/s
34718253056 bytes (35 GB, 32 GiB) copied, 905 s, 38,4 MB/s
34752266240 bytes (35 GB, 32 GiB) copied, 906 s, 38,4 MB/s
34788311040 bytes (35 GB, 32 GiB) copied, 907 s, 38,4 MB/s
34825011200 bytes (35 GB, 32 GiB) copied, 908 s, 38,4 MB/s
34858991616 bytes (35 GB, 32 GiB) copied, 909 s, 38,3 MB/s
34894020608 bytes (35 GB, 32 GiB) copied, 910 s, 38,3 MB/s
34930262016 bytes (35 GB, 33 GiB) copied, 911 s, 38,3 MB/s
34964865024 bytes (35 GB, 33 GiB) copied, 912 s, 38,3 MB/s
34999566336 bytes (35 GB, 33 GiB) copied, 913 s, 38,3 MB/s
35037478912 bytes (35 GB, 33 GiB) copied, 914 s, 38,3 MB/s
35072507904 bytes (35 GB, 33 GiB) copied, 915 s, 38,3 MB/s
35106488320 bytes (35 GB, 33 GiB) copied, 916 s, 38,3 MB/s
35144237056 bytes (35 GB, 33 GiB) copied, 917 s, 38,3 MB/s
35179036672 bytes (35 GB, 33 GiB) copied, 918 s, 38,3 MB/s
35213115392 bytes (35 GB, 33 GiB) copied, 919 s, 38,3 MB/s
35249979392 bytes (35 GB, 33 GiB) copied, 920 s, 38,3 MB/s
35283959808 bytes (35 GB, 33 GiB) copied, 921 s, 38,3 MB/s
35318235136 bytes (35 GB, 33 GiB) copied, 922 s, 38,3 MB/s
35354542080 bytes (35 GB, 33 GiB) copied, 923 s, 38,3 MB/s
35388686336 bytes (35 GB, 33 GiB) copied, 924 s, 38,3 MB/s
35422994432 bytes (35 GB, 33 GiB) copied, 925 s, 38,3 MB/s
35460415488 bytes (35 GB, 33 GiB) copied, 926 s, 38,3 MB/s
35494756352 bytes (35 GB, 33 GiB) copied, 927 s, 38,3 MB/s
35529752576 bytes (36 GB, 33 GiB) copied, 928 s, 38,3 MB/s
35566125056 bytes (36 GB, 33 GiB) copied, 929 s, 38,3 MB/s
35600826368 bytes (36 GB, 33 GiB) copied, 930 s, 38,3 MB/s
35635822592 bytes (36 GB, 33 GiB) copied, 931 s, 38,3 MB/s
35673833472 bytes (36 GB, 33 GiB) copied, 932 s, 38,3 MB/s
35708207104 bytes (36 GB, 33 GiB) copied, 933 s, 38,3 MB/s
35744055296 bytes (36 GB, 33 GiB) copied, 934 s, 38,3 MB/s
35778134016 bytes (36 GB, 33 GiB) copied, 935 s, 38,3 MB/s
35812278272 bytes (36 GB, 33 GiB) copied, 936 s, 38,3 MB/s
35848978432 bytes (36 GB, 33 GiB) copied, 937 s, 38,3 MB/s
35886727168 bytes (36 GB, 33 GiB) copied, 938 s, 38,3 MB/s
35922083840 bytes (36 GB, 33 GiB) copied, 939 s, 38,3 MB/s
35958128640 bytes (36 GB, 33 GiB) copied, 940 s, 38,3 MB/s
35993812992 bytes (36 GB, 34 GiB) copied, 941 s, 38,3 MB/s
36028284928 bytes (36 GB, 34 GiB) copied, 942 s, 38,2 MB/s
36064854016 bytes (36 GB, 34 GiB) copied, 943 s, 38,2 MB/s
36099883008 bytes (36 GB, 34 GiB) copied, 944 s, 38,2 MB/s
36134551552 bytes (36 GB, 34 GiB) copied, 945 s, 38,2 MB/s
36172169216 bytes (36 GB, 34 GiB) copied, 946 s, 38,2 MB/s
36208672768 bytes (36 GB, 34 GiB) copied, 947 s, 38,2 MB/s
36242685952 bytes (36 GB, 34 GiB) copied, 948 s, 38,2 MB/s
36280074240 bytes (36 GB, 34 GiB) copied, 949 s, 38,2 MB/s
36315758592 bytes (36 GB, 34 GiB) copied, 950 s, 38,2 MB/s
36350427136 bytes (36 GB, 34 GiB) copied, 951 s, 38,2 MB/s
36387356672 bytes (36 GB, 34 GiB) copied, 952 s, 38,2 MB/s
36423041024 bytes (36 GB, 34 GiB) copied, 953 s, 38,2 MB/s
36457316352 bytes (36 GB, 34 GiB) copied, 954 s, 38,2 MB/s
36494573568 bytes (36 GB, 34 GiB) copied, 955 s, 38,2 MB/s
36529930240 bytes (37 GB, 34 GiB) copied, 956 s, 38,2 MB/s
36564271104 bytes (37 GB, 34 GiB) copied, 957 s, 38,2 MB/s
36602019840 bytes (37 GB, 34 GiB) copied, 958 s, 38,2 MB/s
36636131328 bytes (37 GB, 34 GiB) copied, 959 s, 38,2 MB/s
36671553536 bytes (37 GB, 34 GiB) copied, 960 s, 38,2 MB/s
36708089856 bytes (37 GB, 34 GiB) copied, 961 s, 38,2 MB/s
36742758400 bytes (37 GB, 34 GiB) copied, 962 s, 38,2 MB/s
36779098112 bytes (37 GB, 34 GiB) copied, 963 s, 38,2 MB/s
36814159872 bytes (37 GB, 34 GiB) copied, 964 s, 38,2 MB/s
36848140288 bytes (37 GB, 34 GiB) copied, 965 s, 38,2 MB/s
36885561344 bytes (37 GB, 34 GiB) copied, 966 s, 38,2 MB/s
36920852480 bytes (37 GB, 34 GiB) copied, 967 s, 38,2 MB/s
36955193344 bytes (37 GB, 34 GiB) copied, 968 s, 38,2 MB/s
36992974848 bytes (37 GB, 34 GiB) copied, 969 s, 38,2 MB/s
37027643392 bytes (37 GB, 34 GiB) copied, 970 s, 38,2 MB/s
37061459968 bytes (37 GB, 35 GiB) copied, 971 s, 38,2 MB/s
37099241472 bytes (37 GB, 35 GiB) copied, 972 s, 38,2 MB/s
37136793600 bytes (37 GB, 35 GiB) copied, 973 s, 38,2 MB/s
37171691520 bytes (37 GB, 35 GiB) copied, 974 s, 38,2 MB/s
37208850432 bytes (37 GB, 35 GiB) copied, 975 s, 38,2 MB/s
37244567552 bytes (37 GB, 35 GiB) copied, 976 s, 38,2 MB/s
37278547968 bytes (37 GB, 35 GiB) copied, 977 s, 38,2 MB/s
37314265088 bytes (37 GB, 35 GiB) copied, 978 s, 38,2 MB/s
37349064704 bytes (37 GB, 35 GiB) copied, 979 s, 38,2 MB/s
37383274496 bytes (37 GB, 35 GiB) copied, 980 s, 38,1 MB/s
37420957696 bytes (37 GB, 35 GiB) copied, 981 s, 38,1 MB/s
37457035264 bytes (37 GB, 35 GiB) copied, 982 s, 38,1 MB/s
37491572736 bytes (37 GB, 35 GiB) copied, 983 s, 38,1 MB/s
37529452544 bytes (38 GB, 35 GiB) copied, 984 s, 38,1 MB/s
37565497344 bytes (38 GB, 35 GiB) copied, 985 s, 38,1 MB/s
37600493568 bytes (38 GB, 35 GiB) copied, 986 s, 38,1 MB/s
37638176768 bytes (38 GB, 35 GiB) copied, 987 s, 38,1 MB/s
37672222720 bytes (38 GB, 35 GiB) copied, 988 s, 38,1 MB/s
37707251712 bytes (38 GB, 35 GiB) copied, 989 s, 38,1 MB/s
37744640000 bytes (38 GB, 35 GiB) copied, 990 s, 38,1 MB/s
37779439616 bytes (38 GB, 35 GiB) copied, 991 s, 38,1 MB/s
37814697984 bytes (38 GB, 35 GiB) copied, 992 s, 38,1 MB/s
37850382336 bytes (38 GB, 35 GiB) copied, 993 s, 38,1 MB/s
37884559360 bytes (38 GB, 35 GiB) copied, 994 s, 38,1 MB/s
37920407552 bytes (38 GB, 35 GiB) copied, 995 s, 38,1 MB/s
37954748416 bytes (38 GB, 35 GiB) copied, 996 s, 38,1 MB/s
37989089280 bytes (38 GB, 35 GiB) copied, 997 s, 38,1 MB/s
38026149888 bytes (38 GB, 35 GiB) copied, 998 s, 38,1 MB/s
38063996928 bytes (38 GB, 35 GiB) copied, 999 s, 38,1 MB/s
38098894848 bytes (38 GB, 35 GiB) copied, 1000 s, 38,1 MB/s
38135201792 bytes (38 GB, 36 GiB) copied, 1001 s, 38,1 MB/s
38170624000 bytes (38 GB, 36 GiB) copied, 1002 s, 38,1 MB/s
38204964864 bytes (38 GB, 36 GiB) copied, 1003 s, 38,1 MB/s
38241697792 bytes (38 GB, 36 GiB) copied, 1004 s, 38,1 MB/s
38278070272 bytes (38 GB, 36 GiB) copied, 1005 s, 38,1 MB/s
38312738816 bytes (38 GB, 36 GiB) copied, 1006 s, 38,1 MB/s
38350159872 bytes (38 GB, 36 GiB) copied, 1007 s, 38,1 MB/s
38387187712 bytes (38 GB, 36 GiB) copied, 1008 s, 38,1 MB/s
38420840448 bytes (38 GB, 36 GiB) copied, 1009 s, 38,1 MB/s
38458195968 bytes (38 GB, 36 GiB) copied, 1010 s, 38,1 MB/s
38492569600 bytes (38 GB, 36 GiB) copied, 1011 s, 38,1 MB/s
38526910464 bytes (39 GB, 36 GiB) copied, 1012 s, 38,1 MB/s
38564659200 bytes (39 GB, 36 GiB) copied, 1013 s, 38,1 MB/s
38600343552 bytes (39 GB, 36 GiB) copied, 1014 s, 38,1 MB/s
38635372544 bytes (39 GB, 36 GiB) copied, 1015 s, 38,1 MB/s
38671712256 bytes (39 GB, 36 GiB) copied, 1016 s, 38,1 MB/s
38705725440 bytes (39 GB, 36 GiB) copied, 1017 s, 38,1 MB/s
38740066304 bytes (39 GB, 36 GiB) copied, 1018 s, 38,1 MB/s
38777257984 bytes (39 GB, 36 GiB) copied, 1019 s, 38,1 MB/s
38811271168 bytes (39 GB, 36 GiB) copied, 1020 s, 38,1 MB/s
38845808640 bytes (39 GB, 36 GiB) copied, 1021 s, 38,0 MB/s
38883393536 bytes (39 GB, 36 GiB) copied, 1022 s, 38,0 MB/s
38917537792 bytes (39 GB, 36 GiB) copied, 1023 s, 38,0 MB/s
38952075264 bytes (39 GB, 36 GiB) copied, 1024 s, 38,0 MB/s
38986907648 bytes (39 GB, 36 GiB) copied, 1025 s, 38,0 MB/s
39021215744 bytes (39 GB, 36 GiB) copied, 1026 s, 38,0 MB/s
39056932864 bytes (39 GB, 36 GiB) copied, 1027 s, 38,0 MB/s
39092912128 bytes (39 GB, 36 GiB) copied, 1028 s, 38,0 MB/s
39126958080 bytes (39 GB, 36 GiB) copied, 1029 s, 38,0 MB/s
39163691008 bytes (39 GB, 36 GiB) copied, 1030 s, 38,0 MB/s
39201079296 bytes (39 GB, 37 GiB) copied, 1031 s, 38,0 MB/s
39237779456 bytes (39 GB, 37 GiB) copied, 1032 s, 38,0 MB/s
39272939520 bytes (39 GB, 37 GiB) copied, 1033 s, 38,0 MB/s
39310557184 bytes (39 GB, 37 GiB) copied, 1034 s, 38,0 MB/s
39345225728 bytes (39 GB, 37 GiB) copied, 1035 s, 38,0 MB/s
39380221952 bytes (39 GB, 37 GiB) copied, 1036 s, 38,0 MB/s
39417282560 bytes (39 GB, 37 GiB) copied, 1037 s, 38,0 MB/s
39451983872 bytes (39 GB, 37 GiB) copied, 1038 s, 38,0 MB/s
39486980096 bytes (39 GB, 37 GiB) copied, 1039 s, 38,0 MB/s
39523024896 bytes (40 GB, 37 GiB) copied, 1040 s, 38,0 MB/s
39557660672 bytes (40 GB, 37 GiB) copied, 1041 s, 38,0 MB/s
39593345024 bytes (40 GB, 37 GiB) copied, 1042 s, 38,0 MB/s
39630077952 bytes (40 GB, 37 GiB) copied, 1043 s, 38,0 MB/s
39664254976 bytes (40 GB, 37 GiB) copied, 1044 s, 38,0 MB/s
39700955136 bytes (40 GB, 37 GiB) copied, 1045 s, 38,0 MB/s
39737556992 bytes (40 GB, 37 GiB) copied, 1046 s, 38,0 MB/s
39771668480 bytes (40 GB, 37 GiB) copied, 1047 s, 38,0 MB/s
39809056768 bytes (40 GB, 37 GiB) copied, 1048 s, 38,0 MB/s
39845658624 bytes (40 GB, 37 GiB) copied, 1049 s, 38,0 MB/s
39879933952 bytes (40 GB, 37 GiB) copied, 1050 s, 38,0 MB/s
39916142592 bytes (40 GB, 37 GiB) copied, 1051 s, 38,0 MB/s
39950024704 bytes (40 GB, 37 GiB) copied, 1052 s, 38,0 MB/s
39984693248 bytes (40 GB, 37 GiB) copied, 1053 s, 38,0 MB/s
40021884928 bytes (40 GB, 37 GiB) copied, 1054 s, 38,0 MB/s
40056422400 bytes (40 GB, 37 GiB) copied, 1055 s, 38,0 MB/s
40091779072 bytes (40 GB, 37 GiB) copied, 1056 s, 38,0 MB/s
40127823872 bytes (40 GB, 37 GiB) copied, 1057 s, 38,0 MB/s
40162492416 bytes (40 GB, 37 GiB) copied, 1058 s, 38,0 MB/s
40198209536 bytes (40 GB, 37 GiB) copied, 1059 s, 38,0 MB/s
40235892736 bytes (40 GB, 37 GiB) copied, 1060 s, 38,0 MB/s
40273346560 bytes (40 GB, 38 GiB) copied, 1061 s, 38,0 MB/s
40308277248 bytes (40 GB, 38 GiB) copied, 1062 s, 38,0 MB/s
40345370624 bytes (40 GB, 38 GiB) copied, 1063 s, 38,0 MB/s
40379613184 bytes (40 GB, 38 GiB) copied, 1064 s, 38,0 MB/s
40414019584 bytes (40 GB, 38 GiB) copied, 1065 s, 37,9 MB/s
40451473408 bytes (40 GB, 38 GiB) copied, 1066 s, 37,9 MB/s
40485486592 bytes (40 GB, 38 GiB) copied, 1067 s, 37,9 MB/s
40520155136 bytes (41 GB, 38 GiB) copied, 1068 s, 37,9 MB/s
40557477888 bytes (41 GB, 38 GiB) copied, 1069 s, 37,9 MB/s
40591884288 bytes (41 GB, 38 GiB) copied, 1070 s, 37,9 MB/s
40627208192 bytes (41 GB, 38 GiB) copied, 1071 s, 37,9 MB/s
40664989696 bytes (41 GB, 38 GiB) copied, 1072 s, 37,9 MB/s
40699101184 bytes (41 GB, 38 GiB) copied, 1073 s, 37,9 MB/s
40734326784 bytes (41 GB, 38 GiB) copied, 1074 s, 37,9 MB/s
40771256320 bytes (41 GB, 38 GiB) copied, 1075 s, 37,9 MB/s
40805367808 bytes (41 GB, 38 GiB) copied, 1076 s, 37,9 MB/s
40841412608 bytes (41 GB, 38 GiB) copied, 1077 s, 37,9 MB/s
40877916160 bytes (41 GB, 38 GiB) copied, 1078 s, 37,9 MB/s
40911929344 bytes (41 GB, 38 GiB) copied, 1079 s, 37,9 MB/s
40948858880 bytes (41 GB, 38 GiB) copied, 1080 s, 37,9 MB/s
40984412160 bytes (41 GB, 38 GiB) copied, 1081 s, 37,9 MB/s
41018753024 bytes (41 GB, 38 GiB) copied, 1082 s, 37,9 MB/s
41055584256 bytes (41 GB, 38 GiB) copied, 1083 s, 37,9 MB/s
41090482176 bytes (41 GB, 38 GiB) copied, 1084 s, 37,9 MB/s
41124626432 bytes (41 GB, 38 GiB) copied, 1085 s, 37,9 MB/s
41161293824 bytes (41 GB, 38 GiB) copied, 1086 s, 37,9 MB/s
41195339776 bytes (41 GB, 38 GiB) copied, 1087 s, 37,9 MB/s
41229647872 bytes (41 GB, 38 GiB) copied, 1088 s, 37,9 MB/s
41267200000 bytes (41 GB, 38 GiB) copied, 1089 s, 37,9 MB/s
41301934080 bytes (41 GB, 38 GiB) copied, 1090 s, 37,9 MB/s
41336766464 bytes (41 GB, 38 GiB) copied, 1091 s, 37,9 MB/s
41373794304 bytes (41 GB, 39 GiB) copied, 1092 s, 37,9 MB/s
41409118208 bytes (41 GB, 39 GiB) copied, 1093 s, 37,9 MB/s
41443459072 bytes (41 GB, 39 GiB) copied, 1094 s, 37,9 MB/s
41480912896 bytes (41 GB, 39 GiB) copied, 1095 s, 37,9 MB/s
41515581440 bytes (42 GB, 39 GiB) copied, 1096 s, 37,9 MB/s
41549922304 bytes (42 GB, 39 GiB) copied, 1097 s, 37,9 MB/s
41587998720 bytes (42 GB, 39 GiB) copied, 1098 s, 37,9 MB/s
41622536192 bytes (42 GB, 39 GiB) copied, 1099 s, 37,9 MB/s
41657008128 bytes (42 GB, 39 GiB) copied, 1100 s, 37,9 MB/s
41693380608 bytes (42 GB, 39 GiB) copied, 1101 s, 37,9 MB/s
41728049152 bytes (42 GB, 39 GiB) copied, 1102 s, 37,9 MB/s
41762258944 bytes (42 GB, 39 GiB) copied, 1103 s, 37,9 MB/s
41799745536 bytes (42 GB, 39 GiB) copied, 1104 s, 37,9 MB/s
41834119168 bytes (42 GB, 39 GiB) copied, 1105 s, 37,9 MB/s
41868787712 bytes (42 GB, 39 GiB) copied, 1106 s, 37,9 MB/s
41906208768 bytes (42 GB, 39 GiB) copied, 1107 s, 37,9 MB/s
41941893120 bytes (42 GB, 39 GiB) copied, 1108 s, 37,9 MB/s
41977249792 bytes (42 GB, 39 GiB) copied, 1109 s, 37,9 MB/s
42014638080 bytes (42 GB, 39 GiB) copied, 1110 s, 37,9 MB/s
42048651264 bytes (42 GB, 39 GiB) copied, 1111 s, 37,8 MB/s
42084892672 bytes (42 GB, 39 GiB) copied, 1112 s, 37,8 MB/s
42120511488 bytes (42 GB, 39 GiB) copied, 1113 s, 37,8 MB/s
42154491904 bytes (42 GB, 39 GiB) copied, 1114 s, 37,8 MB/s
42190798848 bytes (42 GB, 39 GiB) copied, 1115 s, 37,8 MB/s
42225041408 bytes (42 GB, 39 GiB) copied, 1116 s, 37,8 MB/s
42259415040 bytes (42 GB, 39 GiB) copied, 1117 s, 37,8 MB/s
42296147968 bytes (42 GB, 39 GiB) copied, 1118 s, 37,8 MB/s
42333208576 bytes (42 GB, 39 GiB) copied, 1119 s, 37,8 MB/s
42367188992 bytes (42 GB, 39 GiB) copied, 1120 s, 37,8 MB/s
42404478976 bytes (42 GB, 39 GiB) copied, 1121 s, 37,8 MB/s
42439606272 bytes (42 GB, 40 GiB) copied, 1122 s, 37,8 MB/s
42473619456 bytes (42 GB, 40 GiB) copied, 1123 s, 37,8 MB/s
42510188544 bytes (43 GB, 40 GiB) copied, 1124 s, 37,8 MB/s
42545643520 bytes (43 GB, 40 GiB) copied, 1125 s, 37,8 MB/s
42579689472 bytes (43 GB, 40 GiB) copied, 1126 s, 37,8 MB/s
42616061952 bytes (43 GB, 40 GiB) copied, 1127 s, 37,8 MB/s
42651516928 bytes (43 GB, 40 GiB) copied, 1128 s, 37,8 MB/s
42685628416 bytes (43 GB, 40 GiB) copied, 1129 s, 37,8 MB/s
42722656256 bytes (43 GB, 40 GiB) copied, 1130 s, 37,8 MB/s
42757816320 bytes (43 GB, 40 GiB) copied, 1131 s, 37,8 MB/s
42791829504 bytes (43 GB, 40 GiB) copied, 1132 s, 37,8 MB/s
42828201984 bytes (43 GB, 40 GiB) copied, 1133 s, 37,8 MB/s
42862182400 bytes (43 GB, 40 GiB) copied, 1134 s, 37,8 MB/s
42896195584 bytes (43 GB, 40 GiB) copied, 1135 s, 37,8 MB/s
42934272000 bytes (43 GB, 40 GiB) copied, 1136 s, 37,8 MB/s
42968252416 bytes (43 GB, 40 GiB) copied, 1137 s, 37,8 MB/s
43003478016 bytes (43 GB, 40 GiB) copied, 1138 s, 37,8 MB/s
43040997376 bytes (43 GB, 40 GiB) copied, 1139 s, 37,8 MB/s
43075960832 bytes (43 GB, 40 GiB) copied, 1140 s, 37,8 MB/s
43109679104 bytes (43 GB, 40 GiB) copied, 1141 s, 37,8 MB/s
43146739712 bytes (43 GB, 40 GiB) copied, 1142 s, 37,8 MB/s
43180752896 bytes (43 GB, 40 GiB) copied, 1143 s, 37,8 MB/s
43216240640 bytes (43 GB, 40 GiB) copied, 1144 s, 37,8 MB/s
43250548736 bytes (43 GB, 40 GiB) copied, 1145 s, 37,8 MB/s
43284627456 bytes (43 GB, 40 GiB) copied, 1146 s, 37,8 MB/s
43320999936 bytes (43 GB, 40 GiB) copied, 1147 s, 37,8 MB/s
43357863936 bytes (43 GB, 40 GiB) copied, 1148 s, 37,8 MB/s
43391844352 bytes (43 GB, 40 GiB) copied, 1149 s, 37,8 MB/s
43428577280 bytes (43 GB, 40 GiB) copied, 1150 s, 37,8 MB/s
43465965568 bytes (43 GB, 40 GiB) copied, 1151 s, 37,8 MB/s
43499978752 bytes (43 GB, 41 GiB) copied, 1152 s, 37,8 MB/s
43535466496 bytes (44 GB, 41 GiB) copied, 1153 s, 37,8 MB/s
43572690944 bytes (44 GB, 41 GiB) copied, 1154 s, 37,8 MB/s
43607326720 bytes (44 GB, 41 GiB) copied, 1155 s, 37,8 MB/s
43642748928 bytes (44 GB, 41 GiB) copied, 1156 s, 37,8 MB/s
43677974528 bytes (44 GB, 41 GiB) copied, 1157 s, 37,8 MB/s
43711954944 bytes (44 GB, 41 GiB) copied, 1158 s, 37,7 MB/s
43748130816 bytes (44 GB, 41 GiB) copied, 1159 s, 37,7 MB/s
43784994816 bytes (44 GB, 41 GiB) copied, 1160 s, 37,7 MB/s
43818844160 bytes (44 GB, 41 GiB) copied, 1161 s, 37,7 MB/s
43855413248 bytes (44 GB, 41 GiB) copied, 1162 s, 37,7 MB/s
43889917952 bytes (44 GB, 41 GiB) copied, 1163 s, 37,7 MB/s
43923898368 bytes (44 GB, 41 GiB) copied, 1164 s, 37,7 MB/s
43959746560 bytes (44 GB, 41 GiB) copied, 1165 s, 37,7 MB/s
43995627520 bytes (44 GB, 41 GiB) copied, 1166 s, 37,7 MB/s
44029509632 bytes (44 GB, 41 GiB) copied, 1167 s, 37,7 MB/s
44065685504 bytes (44 GB, 41 GiB) copied, 1168 s, 37,7 MB/s
44100681728 bytes (44 GB, 41 GiB) copied, 1169 s, 37,7 MB/s
44134694912 bytes (44 GB, 41 GiB) copied, 1170 s, 37,7 MB/s
44172410880 bytes (44 GB, 41 GiB) copied, 1171 s, 37,7 MB/s
44208128000 bytes (44 GB, 41 GiB) copied, 1172 s, 37,7 MB/s
44242829312 bytes (44 GB, 41 GiB) copied, 1173 s, 37,7 MB/s
44277137408 bytes (44 GB, 41 GiB) copied, 1174 s, 37,7 MB/s
44311117824 bytes (44 GB, 41 GiB) copied, 1175 s, 37,7 MB/s
44346834944 bytes (44 GB, 41 GiB) copied, 1176 s, 37,7 MB/s
44383076352 bytes (44 GB, 41 GiB) copied, 1177 s, 37,7 MB/s
44417548288 bytes (44 GB, 41 GiB) copied, 1178 s, 37,7 MB/s
44452347904 bytes (44 GB, 41 GiB) copied, 1179 s, 37,7 MB/s
44490293248 bytes (44 GB, 41 GiB) copied, 1180 s, 37,7 MB/s
44524306432 bytes (45 GB, 41 GiB) copied, 1181 s, 37,7 MB/s
44558614528 bytes (45 GB, 41 GiB) copied, 1182 s, 37,7 MB/s
44596690944 bytes (45 GB, 42 GiB) copied, 1183 s, 37,7 MB/s
44631392256 bytes (45 GB, 42 GiB) copied, 1184 s, 37,7 MB/s
44665372672 bytes (45 GB, 42 GiB) copied, 1185 s, 37,7 MB/s
44703383552 bytes (45 GB, 42 GiB) copied, 1186 s, 37,7 MB/s
44737658880 bytes (45 GB, 42 GiB) copied, 1187 s, 37,7 MB/s
44772753408 bytes (45 GB, 42 GiB) copied, 1188 s, 37,7 MB/s
44809650176 bytes (45 GB, 42 GiB) copied, 1189 s, 37,7 MB/s
44843728896 bytes (45 GB, 42 GiB) copied, 1190 s, 37,7 MB/s
44877709312 bytes (45 GB, 42 GiB) copied, 1191 s, 37,7 MB/s
44914573312 bytes (45 GB, 42 GiB) copied, 1192 s, 37,7 MB/s
44948586496 bytes (45 GB, 42 GiB) copied, 1193 s, 37,7 MB/s
44982894592 bytes (45 GB, 42 GiB) copied, 1194 s, 37,7 MB/s
45018447872 bytes (45 GB, 42 GiB) copied, 1195 s, 37,7 MB/s
45052461056 bytes (45 GB, 42 GiB) copied, 1196 s, 37,7 MB/s
45087621120 bytes (45 GB, 42 GiB) copied, 1197 s, 37,7 MB/s
45122781184 bytes (45 GB, 42 GiB) copied, 1198 s, 37,7 MB/s
45156827136 bytes (45 GB, 42 GiB) copied, 1199 s, 37,7 MB/s
45193003008 bytes (45 GB, 42 GiB) copied, 1200 s, 37,7 MB/s
45230063616 bytes (45 GB, 42 GiB) copied, 1201 s, 37,7 MB/s
45264044032 bytes (45 GB, 42 GiB) copied, 1202 s, 37,7 MB/s
45299400704 bytes (45 GB, 42 GiB) copied, 1203 s, 37,7 MB/s
45333413888 bytes (45 GB, 42 GiB) copied, 1204 s, 37,7 MB/s
45367427072 bytes (45 GB, 42 GiB) copied, 1205 s, 37,6 MB/s
45404815360 bytes (45 GB, 42 GiB) copied, 1206 s, 37,6 MB/s
45442531328 bytes (45 GB, 42 GiB) copied, 1207 s, 37,6 MB/s
45476315136 bytes (45 GB, 42 GiB) copied, 1208 s, 37,6 MB/s
45513605120 bytes (46 GB, 42 GiB) copied, 1209 s, 37,6 MB/s
45547913216 bytes (46 GB, 42 GiB) copied, 1210 s, 37,6 MB/s
45581926400 bytes (46 GB, 42 GiB) copied, 1211 s, 37,6 MB/s
45619281920 bytes (46 GB, 42 GiB) copied, 1212 s, 37,6 MB/s
45653360640 bytes (46 GB, 43 GiB) copied, 1213 s, 37,6 MB/s
45687341056 bytes (46 GB, 43 GiB) copied, 1214 s, 37,6 MB/s
45724499968 bytes (46 GB, 43 GiB) copied, 1215 s, 37,6 MB/s
45758709760 bytes (46 GB, 43 GiB) copied, 1216 s, 37,6 MB/s
45793378304 bytes (46 GB, 43 GiB) copied, 1217 s, 37,6 MB/s
45831159808 bytes (46 GB, 43 GiB) copied, 1218 s, 37,6 MB/s
45866811392 bytes (46 GB, 43 GiB) copied, 1219 s, 37,6 MB/s
45901283328 bytes (46 GB, 43 GiB) copied, 1220 s, 37,6 MB/s
45938540544 bytes (46 GB, 43 GiB) copied, 1221 s, 37,6 MB/s
45973897216 bytes (46 GB, 43 GiB) copied, 1222 s, 37,6 MB/s
46008893440 bytes (46 GB, 43 GiB) copied, 1223 s, 37,6 MB/s
46046281728 bytes (46 GB, 43 GiB) copied, 1224 s, 37,6 MB/s
46081671168 bytes (46 GB, 43 GiB) copied, 1225 s, 37,6 MB/s
46115684352 bytes (46 GB, 43 GiB) copied, 1226 s, 37,6 MB/s
46152450048 bytes (46 GB, 43 GiB) copied, 1227 s, 37,6 MB/s
46187413504 bytes (46 GB, 43 GiB) copied, 1228 s, 37,6 MB/s
46222082048 bytes (46 GB, 43 GiB) copied, 1229 s, 37,6 MB/s
46259765248 bytes (46 GB, 43 GiB) copied, 1230 s, 37,6 MB/s
46295515136 bytes (46 GB, 43 GiB) copied, 1231 s, 37,6 MB/s
46329856000 bytes (46 GB, 43 GiB) copied, 1232 s, 37,6 MB/s
46366687232 bytes (46 GB, 43 GiB) copied, 1233 s, 37,6 MB/s
46401257472 bytes (46 GB, 43 GiB) copied, 1234 s, 37,6 MB/s
46436253696 bytes (46 GB, 43 GiB) copied, 1235 s, 37,6 MB/s
46471282688 bytes (46 GB, 43 GiB) copied, 1236 s, 37,6 MB/s
46509359104 bytes (47 GB, 43 GiB) copied, 1237 s, 37,6 MB/s
46546419712 bytes (47 GB, 43 GiB) copied, 1238 s, 37,6 MB/s
46580760576 bytes (47 GB, 43 GiB) copied, 1239 s, 37,6 MB/s
46618476544 bytes (47 GB, 43 GiB) copied, 1240 s, 37,6 MB/s
46653177856 bytes (47 GB, 43 GiB) copied, 1241 s, 37,6 MB/s
46687485952 bytes (47 GB, 43 GiB) copied, 1242 s, 37,6 MB/s
46725234688 bytes (47 GB, 44 GiB) copied, 1243 s, 37,6 MB/s
46760263680 bytes (47 GB, 44 GiB) copied, 1244 s, 37,6 MB/s
46795456512 bytes (47 GB, 44 GiB) copied, 1245 s, 37,6 MB/s
46833008640 bytes (47 GB, 44 GiB) copied, 1246 s, 37,6 MB/s
46867677184 bytes (47 GB, 44 GiB) copied, 1247 s, 37,6 MB/s
46902968320 bytes (47 GB, 44 GiB) copied, 1248 s, 37,6 MB/s
46938390528 bytes (47 GB, 44 GiB) copied, 1249 s, 37,6 MB/s
46972403712 bytes (47 GB, 44 GiB) copied, 1250 s, 37,6 MB/s
47008088064 bytes (47 GB, 44 GiB) copied, 1251 s, 37,6 MB/s
47044132864 bytes (47 GB, 44 GiB) copied, 1252 s, 37,6 MB/s
47078801408 bytes (47 GB, 44 GiB) copied, 1253 s, 37,6 MB/s
47114158080 bytes (47 GB, 44 GiB) copied, 1254 s, 37,6 MB/s
47150891008 bytes (47 GB, 44 GiB) copied, 1255 s, 37,6 MB/s
47184740352 bytes (47 GB, 44 GiB) copied, 1256 s, 37,6 MB/s
47221538816 bytes (47 GB, 44 GiB) copied, 1257 s, 37,6 MB/s
47257616384 bytes (47 GB, 44 GiB) copied, 1258 s, 37,6 MB/s
47291629568 bytes (47 GB, 44 GiB) copied, 1259 s, 37,6 MB/s
47328002048 bytes (47 GB, 44 GiB) copied, 1260 s, 37,6 MB/s
47364571136 bytes (47 GB, 44 GiB) copied, 1261 s, 37,6 MB/s
47398387712 bytes (47 GB, 44 GiB) copied, 1262 s, 37,6 MB/s
47434399744 bytes (47 GB, 44 GiB) copied, 1263 s, 37,6 MB/s
47468740608 bytes (47 GB, 44 GiB) copied, 1264 s, 37,6 MB/s
47504097280 bytes (48 GB, 44 GiB) copied, 1265 s, 37,6 MB/s
47540469760 bytes (48 GB, 44 GiB) copied, 1266 s, 37,6 MB/s
47575105536 bytes (48 GB, 44 GiB) copied, 1267 s, 37,5 MB/s
47609839616 bytes (48 GB, 44 GiB) copied, 1268 s, 37,5 MB/s
47647457280 bytes (48 GB, 44 GiB) copied, 1269 s, 37,5 MB/s
47681896448 bytes (48 GB, 44 GiB) copied, 1270 s, 37,5 MB/s
47717220352 bytes (48 GB, 44 GiB) copied, 1271 s, 37,5 MB/s
47752904704 bytes (48 GB, 44 GiB) copied, 1272 s, 37,5 MB/s
47786917888 bytes (48 GB, 45 GiB) copied, 1273 s, 37,5 MB/s
47820898304 bytes (48 GB, 45 GiB) copied, 1274 s, 37,5 MB/s
47858548736 bytes (48 GB, 45 GiB) copied, 1275 s, 37,5 MB/s
47895412736 bytes (48 GB, 45 GiB) copied, 1276 s, 37,5 MB/s
47929393152 bytes (48 GB, 45 GiB) copied, 1277 s, 37,5 MB/s
47966093312 bytes (48 GB, 45 GiB) copied, 1278 s, 37,5 MB/s
48000106496 bytes (48 GB, 45 GiB) copied, 1279 s, 37,5 MB/s
48034119680 bytes (48 GB, 45 GiB) copied, 1280 s, 37,5 MB/s
48071507968 bytes (48 GB, 45 GiB) copied, 1281 s, 37,5 MB/s
48105816064 bytes (48 GB, 45 GiB) copied, 1282 s, 37,5 MB/s
48139829248 bytes (48 GB, 45 GiB) copied, 1283 s, 37,5 MB/s
48177905664 bytes (48 GB, 45 GiB) copied, 1284 s, 37,5 MB/s
48212606976 bytes (48 GB, 45 GiB) copied, 1285 s, 37,5 MB/s
48246587392 bytes (48 GB, 45 GiB) copied, 1286 s, 37,5 MB/s
48283975680 bytes (48 GB, 45 GiB) copied, 1287 s, 37,5 MB/s
48318611456 bytes (48 GB, 45 GiB) copied, 1288 s, 37,5 MB/s
48352657408 bytes (48 GB, 45 GiB) copied, 1289 s, 37,5 MB/s
48390275072 bytes (48 GB, 45 GiB) copied, 1290 s, 37,5 MB/s
48424386560 bytes (48 GB, 45 GiB) copied, 1291 s, 37,5 MB/s
48458989568 bytes (48 GB, 45 GiB) copied, 1292 s, 37,5 MB/s
48495099904 bytes (48 GB, 45 GiB) copied, 1293 s, 37,5 MB/s
48529145856 bytes (49 GB, 45 GiB) copied, 1294 s, 37,5 MB/s
48564797440 bytes (49 GB, 45 GiB) copied, 1295 s, 37,5 MB/s
48599465984 bytes (49 GB, 45 GiB) copied, 1296 s, 37,5 MB/s
48633479168 bytes (49 GB, 45 GiB) copied, 1297 s, 37,5 MB/s
48669851648 bytes (49 GB, 45 GiB) copied, 1298 s, 37,5 MB/s
48706584576 bytes (49 GB, 45 GiB) copied, 1299 s, 37,5 MB/s
48740564992 bytes (49 GB, 45 GiB) copied, 1300 s, 37,5 MB/s
48777232384 bytes (49 GB, 45 GiB) copied, 1301 s, 37,5 MB/s
48813604864 bytes (49 GB, 45 GiB) copied, 1302 s, 37,5 MB/s
48847618048 bytes (49 GB, 45 GiB) copied, 1303 s, 37,5 MB/s
48884056064 bytes (49 GB, 46 GiB) copied, 1304 s, 37,5 MB/s
48919871488 bytes (49 GB, 46 GiB) copied, 1305 s, 37,5 MB/s
48954081280 bytes (49 GB, 46 GiB) copied, 1306 s, 37,5 MB/s
48990453760 bytes (49 GB, 46 GiB) copied, 1307 s, 37,5 MB/s
49027514368 bytes (49 GB, 46 GiB) copied, 1308 s, 37,5 MB/s
49061494784 bytes (49 GB, 46 GiB) copied, 1309 s, 37,5 MB/s
49097539584 bytes (49 GB, 46 GiB) copied, 1310 s, 37,5 MB/s
49131520000 bytes (49 GB, 46 GiB) copied, 1311 s, 37,5 MB/s
49165828096 bytes (49 GB, 46 GiB) copied, 1312 s, 37,5 MB/s
49202593792 bytes (49 GB, 46 GiB) copied, 1313 s, 37,5 MB/s
49239293952 bytes (49 GB, 46 GiB) copied, 1314 s, 37,5 MB/s
49273307136 bytes (49 GB, 46 GiB) copied, 1315 s, 37,5 MB/s
49309515776 bytes (49 GB, 46 GiB) copied, 1316 s, 37,5 MB/s
49344675840 bytes (49 GB, 46 GiB) copied, 1317 s, 37,5 MB/s
49379016704 bytes (49 GB, 46 GiB) copied, 1318 s, 37,5 MB/s
49416437760 bytes (49 GB, 46 GiB) copied, 1319 s, 37,5 MB/s
49451433984 bytes (49 GB, 46 GiB) copied, 1320 s, 37,5 MB/s
49485774848 bytes (49 GB, 46 GiB) copied, 1321 s, 37,5 MB/s
49522835456 bytes (50 GB, 46 GiB) copied, 1322 s, 37,5 MB/s
49557110784 bytes (50 GB, 46 GiB) copied, 1323 s, 37,5 MB/s
49591844864 bytes (50 GB, 46 GiB) copied, 1324 s, 37,5 MB/s
49627430912 bytes (50 GB, 46 GiB) copied, 1325 s, 37,5 MB/s
49661345792 bytes (50 GB, 46 GiB) copied, 1326 s, 37,5 MB/s
49697587200 bytes (50 GB, 46 GiB) copied, 1327 s, 37,5 MB/s
49734483968 bytes (50 GB, 46 GiB) copied, 1328 s, 37,5 MB/s
49768595456 bytes (50 GB, 46 GiB) copied, 1329 s, 37,4 MB/s
49805000704 bytes (50 GB, 46 GiB) copied, 1330 s, 37,4 MB/s
49843077120 bytes (50 GB, 46 GiB) copied, 1331 s, 37,4 MB/s
49877417984 bytes (50 GB, 46 GiB) copied, 1332 s, 37,4 MB/s
49912446976 bytes (50 GB, 46 GiB) copied, 1333 s, 37,4 MB/s
49948459008 bytes (50 GB, 47 GiB) copied, 1334 s, 37,4 MB/s
49983160320 bytes (50 GB, 47 GiB) copied, 1335 s, 37,4 MB/s
50018516992 bytes (50 GB, 47 GiB) copied, 1336 s, 37,4 MB/s
50054201344 bytes (50 GB, 47 GiB) copied, 1337 s, 37,4 MB/s
50088542208 bytes (50 GB, 47 GiB) copied, 1338 s, 37,4 MB/s
50125111296 bytes (50 GB, 47 GiB) copied, 1339 s, 37,4 MB/s
50162171904 bytes (50 GB, 47 GiB) copied, 1340 s, 37,4 MB/s
50196611072 bytes (50 GB, 47 GiB) copied, 1341 s, 37,4 MB/s
50232983552 bytes (50 GB, 47 GiB) copied, 1342 s, 37,4 MB/s
50269749248 bytes (50 GB, 47 GiB) copied, 1343 s, 37,4 MB/s
50303729664 bytes (50 GB, 47 GiB) copied, 1344 s, 37,4 MB/s
50340102144 bytes (50 GB, 47 GiB) copied, 1345 s, 37,4 MB/s
50375688192 bytes (50 GB, 47 GiB) copied, 1346 s, 37,4 MB/s
50409799680 bytes (50 GB, 47 GiB) copied, 1347 s, 37,4 MB/s
50446893056 bytes (50 GB, 47 GiB) copied, 1348 s, 37,4 MB/s
50481823744 bytes (50 GB, 47 GiB) copied, 1349 s, 37,4 MB/s
50516426752 bytes (51 GB, 47 GiB) copied, 1350 s, 37,4 MB/s
50554175488 bytes (51 GB, 47 GiB) copied, 1351 s, 37,4 MB/s
50591006720 bytes (51 GB, 47 GiB) copied, 1352 s, 37,4 MB/s
50626035712 bytes (51 GB, 47 GiB) copied, 1353 s, 37,4 MB/s
50661392384 bytes (51 GB, 47 GiB) copied, 1354 s, 37,4 MB/s
50695733248 bytes (51 GB, 47 GiB) copied, 1355 s, 37,4 MB/s
50731089920 bytes (51 GB, 47 GiB) copied, 1356 s, 37,4 MB/s
50768084992 bytes (51 GB, 47 GiB) copied, 1357 s, 37,4 MB/s
50802458624 bytes (51 GB, 47 GiB) copied, 1358 s, 37,4 MB/s
50837159936 bytes (51 GB, 47 GiB) copied, 1359 s, 37,4 MB/s
50875072512 bytes (51 GB, 47 GiB) copied, 1360 s, 37,4 MB/s
50910887936 bytes (51 GB, 47 GiB) copied, 1361 s, 37,4 MB/s
50945228800 bytes (51 GB, 47 GiB) copied, 1362 s, 37,4 MB/s
50982649856 bytes (51 GB, 47 GiB) copied, 1363 s, 37,4 MB/s
51016990720 bytes (51 GB, 48 GiB) copied, 1364 s, 37,4 MB/s
51051954176 bytes (51 GB, 48 GiB) copied, 1365 s, 37,4 MB/s
51089735680 bytes (51 GB, 48 GiB) copied, 1366 s, 37,4 MB/s
51124895744 bytes (51 GB, 48 GiB) copied, 1367 s, 37,4 MB/s
51159793664 bytes (51 GB, 48 GiB) copied, 1368 s, 37,4 MB/s
51196821504 bytes (51 GB, 48 GiB) copied, 1369 s, 37,4 MB/s
51231391744 bytes (51 GB, 48 GiB) copied, 1370 s, 37,4 MB/s
51267338240 bytes (51 GB, 48 GiB) copied, 1371 s, 37,4 MB/s
51302891520 bytes (51 GB, 48 GiB) copied, 1372 s, 37,4 MB/s
51337428992 bytes (51 GB, 48 GiB) copied, 1373 s, 37,4 MB/s
51373277184 bytes (51 GB, 48 GiB) copied, 1374 s, 37,4 MB/s
51410337792 bytes (51 GB, 48 GiB) copied, 1375 s, 37,4 MB/s
51445039104 bytes (51 GB, 48 GiB) copied, 1376 s, 37,4 MB/s
51481051136 bytes (51 GB, 48 GiB) copied, 1377 s, 37,4 MB/s
51515392000 bytes (52 GB, 48 GiB) copied, 1378 s, 37,4 MB/s
51549372416 bytes (52 GB, 48 GiB) copied, 1379 s, 37,4 MB/s
51586105344 bytes (52 GB, 48 GiB) copied, 1380 s, 37,4 MB/s
51620904960 bytes (52 GB, 48 GiB) copied, 1381 s, 37,4 MB/s
51654983680 bytes (52 GB, 48 GiB) copied, 1382 s, 37,4 MB/s
51692503040 bytes (52 GB, 48 GiB) copied, 1383 s, 37,4 MB/s
51726516224 bytes (52 GB, 48 GiB) copied, 1384 s, 37,4 MB/s
51761184768 bytes (52 GB, 48 GiB) copied, 1385 s, 37,4 MB/s
51798573056 bytes (52 GB, 48 GiB) copied, 1386 s, 37,4 MB/s
51833602048 bytes (52 GB, 48 GiB) copied, 1387 s, 37,4 MB/s
51868270592 bytes (52 GB, 48 GiB) copied, 1388 s, 37,4 MB/s
51905003520 bytes (52 GB, 48 GiB) copied, 1389 s, 37,4 MB/s
51939999744 bytes (52 GB, 48 GiB) copied, 1390 s, 37,4 MB/s
51975028736 bytes (52 GB, 48 GiB) copied, 1391 s, 37,4 MB/s
52013039616 bytes (52 GB, 48 GiB) copied, 1392 s, 37,4 MB/s
52048461824 bytes (52 GB, 48 GiB) copied, 1393 s, 37,4 MB/s
52082802688 bytes (52 GB, 49 GiB) copied, 1394 s, 37,4 MB/s
52120649728 bytes (52 GB, 49 GiB) copied, 1395 s, 37,4 MB/s
52155547648 bytes (52 GB, 49 GiB) copied, 1396 s, 37,4 MB/s
52189757440 bytes (52 GB, 49 GiB) copied, 1397 s, 37,4 MB/s
52227276800 bytes (52 GB, 49 GiB) copied, 1398 s, 37,4 MB/s
52261617664 bytes (52 GB, 49 GiB) copied, 1399 s, 37,4 MB/s
52295860224 bytes (52 GB, 49 GiB) copied, 1400 s, 37,4 MB/s
52333346816 bytes (52 GB, 49 GiB) copied, 1401 s, 37,4 MB/s
52368310272 bytes (52 GB, 49 GiB) copied, 1402 s, 37,4 MB/s
52403044352 bytes (52 GB, 49 GiB) copied, 1403 s, 37,4 MB/s
52440793088 bytes (52 GB, 49 GiB) copied, 1404 s, 37,4 MB/s
52475101184 bytes (52 GB, 49 GiB) copied, 1405 s, 37,3 MB/s
52510818304 bytes (53 GB, 49 GiB) copied, 1406 s, 37,3 MB/s
52546174976 bytes (53 GB, 49 GiB) copied, 1407 s, 37,3 MB/s
52580155392 bytes (53 GB, 49 GiB) copied, 1408 s, 37,3 MB/s
52615872512 bytes (53 GB, 49 GiB) copied, 1409 s, 37,3 MB/s
52651884544 bytes (53 GB, 49 GiB) copied, 1410 s, 37,3 MB/s
52686225408 bytes (53 GB, 49 GiB) copied, 1411 s, 37,3 MB/s
52721942528 bytes (53 GB, 49 GiB) copied, 1412 s, 37,3 MB/s
52757626880 bytes (53 GB, 49 GiB) copied, 1413 s, 37,3 MB/s
52791640064 bytes (53 GB, 49 GiB) copied, 1414 s, 37,3 MB/s
52829290496 bytes (53 GB, 49 GiB) copied, 1415 s, 37,3 MB/s
52863696896 bytes (53 GB, 49 GiB) copied, 1416 s, 37,3 MB/s
52898037760 bytes (53 GB, 49 GiB) copied, 1417 s, 37,3 MB/s
52934705152 bytes (53 GB, 49 GiB) copied, 1418 s, 37,3 MB/s
52971470848 bytes (53 GB, 49 GiB) copied, 1419 s, 37,3 MB/s
53005451264 bytes (53 GB, 49 GiB) copied, 1420 s, 37,3 MB/s
53040676864 bytes (53 GB, 49 GiB) copied, 1421 s, 37,3 MB/s
53074690048 bytes (53 GB, 49 GiB) copied, 1422 s, 37,3 MB/s
53109161984 bytes (53 GB, 49 GiB) copied, 1423 s, 37,3 MB/s
53146877952 bytes (53 GB, 49 GiB) copied, 1424 s, 37,3 MB/s
53181906944 bytes (53 GB, 50 GiB) copied, 1425 s, 37,3 MB/s
53216116736 bytes (53 GB, 50 GiB) copied, 1426 s, 37,3 MB/s
53252292608 bytes (53 GB, 50 GiB) copied, 1427 s, 37,3 MB/s
53286273024 bytes (53 GB, 50 GiB) copied, 1428 s, 37,3 MB/s
53320286208 bytes (53 GB, 50 GiB) copied, 1429 s, 37,3 MB/s
53358002176 bytes (53 GB, 50 GiB) copied, 1430 s, 37,3 MB/s
53392015360 bytes (53 GB, 50 GiB) copied, 1431 s, 37,3 MB/s
53425995776 bytes (53 GB, 50 GiB) copied, 1432 s, 37,3 MB/s
53461483520 bytes (53 GB, 50 GiB) copied, 1433 s, 37,3 MB/s
53495365632 bytes (53 GB, 50 GiB) copied, 1434 s, 37,3 MB/s
53529477120 bytes (54 GB, 50 GiB) copied, 1435 s, 37,3 MB/s
53565521920 bytes (54 GB, 50 GiB) copied, 1436 s, 37,3 MB/s
53599404032 bytes (54 GB, 50 GiB) copied, 1437 s, 37,3 MB/s
53633515520 bytes (54 GB, 50 GiB) copied, 1438 s, 37,3 MB/s
53670117376 bytes (54 GB, 50 GiB) copied, 1439 s, 37,3 MB/s
53704097792 bytes (54 GB, 50 GiB) copied, 1440 s, 37,3 MB/s
53741158400 bytes (54 GB, 50 GiB) copied, 1441 s, 37,3 MB/s
53778907136 bytes (54 GB, 50 GiB) copied, 1442 s, 37,3 MB/s
53814099968 bytes (54 GB, 50 GiB) copied, 1443 s, 37,3 MB/s
53849391104 bytes (54 GB, 50 GiB) copied, 1444 s, 37,3 MB/s
53884420096 bytes (54 GB, 50 GiB) copied, 1445 s, 37,3 MB/s
53918400512 bytes (54 GB, 50 GiB) copied, 1446 s, 37,3 MB/s
53953265664 bytes (54 GB, 50 GiB) copied, 1447 s, 37,3 MB/s
53989670912 bytes (54 GB, 50 GiB) copied, 1448 s, 37,3 MB/s
54023684096 bytes (54 GB, 50 GiB) copied, 1449 s, 37,3 MB/s
54058975232 bytes (54 GB, 50 GiB) copied, 1450 s, 37,3 MB/s
54095052800 bytes (54 GB, 50 GiB) copied, 1451 s, 37,3 MB/s
54129393664 bytes (54 GB, 50 GiB) copied, 1452 s, 37,3 MB/s
54164684800 bytes (54 GB, 50 GiB) copied, 1453 s, 37,3 MB/s
54200467456 bytes (54 GB, 50 GiB) copied, 1454 s, 37,3 MB/s
54234513408 bytes (54 GB, 51 GiB) copied, 1455 s, 37,3 MB/s
54268788736 bytes (54 GB, 51 GiB) copied, 1456 s, 37,3 MB/s
54302736384 bytes (54 GB, 51 GiB) copied, 1457 s, 37,3 MB/s
54336749568 bytes (54 GB, 51 GiB) copied, 1458 s, 37,3 MB/s
54372859904 bytes (54 GB, 51 GiB) copied, 1459 s, 37,3 MB/s
54407790592 bytes (54 GB, 51 GiB) copied, 1460 s, 37,3 MB/s
54441836544 bytes (54 GB, 51 GiB) copied, 1461 s, 37,3 MB/s
54476308480 bytes (54 GB, 51 GiB) copied, 1462 s, 37,3 MB/s
54510157824 bytes (55 GB, 51 GiB) copied, 1463 s, 37,3 MB/s
54544302080 bytes (55 GB, 51 GiB) copied, 1464 s, 37,3 MB/s
54579527680 bytes (55 GB, 51 GiB) copied, 1465 s, 37,3 MB/s
54614523904 bytes (55 GB, 51 GiB) copied, 1466 s, 37,3 MB/s
54648537088 bytes (55 GB, 51 GiB) copied, 1467 s, 37,3 MB/s
54683664384 bytes (55 GB, 51 GiB) copied, 1468 s, 37,3 MB/s
54719578112 bytes (55 GB, 51 GiB) copied, 1469 s, 37,2 MB/s
54753591296 bytes (55 GB, 51 GiB) copied, 1470 s, 37,2 MB/s
54788587520 bytes (55 GB, 51 GiB) copied, 1471 s, 37,2 MB/s
54823288832 bytes (55 GB, 51 GiB) copied, 1472 s, 37,2 MB/s
54857269248 bytes (55 GB, 51 GiB) copied, 1473 s, 37,2 MB/s
54892756992 bytes (55 GB, 51 GiB) copied, 1474 s, 37,2 MB/s
54927654912 bytes (55 GB, 51 GiB) copied, 1475 s, 37,2 MB/s
54961766400 bytes (55 GB, 51 GiB) copied, 1476 s, 37,2 MB/s
54998138880 bytes (55 GB, 51 GiB) copied, 1477 s, 37,2 MB/s
55033364480 bytes (55 GB, 51 GiB) copied, 1478 s, 37,2 MB/s
55067705344 bytes (55 GB, 51 GiB) copied, 1479 s, 37,2 MB/s
55104045056 bytes (55 GB, 51 GiB) copied, 1480 s, 37,2 MB/s
55139827712 bytes (55 GB, 51 GiB) copied, 1481 s, 37,2 MB/s
55173775360 bytes (55 GB, 51 GiB) copied, 1482 s, 37,2 MB/s
55210147840 bytes (55 GB, 51 GiB) copied, 1483 s, 37,2 MB/s
55246520320 bytes (55 GB, 51 GiB) copied, 1484 s, 37,2 MB/s
55280828416 bytes (55 GB, 51 GiB) copied, 1485 s, 37,2 MB/s
55317233664 bytes (55 GB, 52 GiB) copied, 1486 s, 37,2 MB/s
55354654720 bytes (55 GB, 52 GiB) copied, 1487 s, 37,2 MB/s
55388635136 bytes (55 GB, 52 GiB) copied, 1488 s, 37,2 MB/s
55423991808 bytes (55 GB, 52 GiB) copied, 1489 s, 37,2 MB/s
55458004992 bytes (55 GB, 52 GiB) copied, 1490 s, 37,2 MB/s
55492182016 bytes (55 GB, 52 GiB) copied, 1491 s, 37,2 MB/s
55528587264 bytes (56 GB, 52 GiB) copied, 1492 s, 37,2 MB/s
55562665984 bytes (56 GB, 52 GiB) copied, 1493 s, 37,2 MB/s
55596711936 bytes (56 GB, 52 GiB) copied, 1494 s, 37,2 MB/s
55634100224 bytes (56 GB, 52 GiB) copied, 1495 s, 37,2 MB/s
55669129216 bytes (56 GB, 52 GiB) copied, 1496 s, 37,2 MB/s
55703109632 bytes (56 GB, 52 GiB) copied, 1497 s, 37,2 MB/s
55741186048 bytes (56 GB, 52 GiB) copied, 1498 s, 37,2 MB/s
55777918976 bytes (56 GB, 52 GiB) copied, 1499 s, 37,2 MB/s
55811899392 bytes (56 GB, 52 GiB) copied, 1500 s, 37,2 MB/s
55847714816 bytes (56 GB, 52 GiB) copied, 1501 s, 37,2 MB/s
55881728000 bytes (56 GB, 52 GiB) copied, 1502 s, 37,2 MB/s
55915773952 bytes (56 GB, 52 GiB) copied, 1503 s, 37,2 MB/s
55951622144 bytes (56 GB, 52 GiB) copied, 1504 s, 37,2 MB/s
55985635328 bytes (56 GB, 52 GiB) copied, 1505 s, 37,2 MB/s
56020303872 bytes (56 GB, 52 GiB) copied, 1506 s, 37,2 MB/s
56056676352 bytes (56 GB, 52 GiB) copied, 1507 s, 37,2 MB/s
56091017216 bytes (56 GB, 52 GiB) copied, 1508 s, 37,2 MB/s
56128765952 bytes (56 GB, 52 GiB) copied, 1509 s, 37,2 MB/s
56166776832 bytes (56 GB, 52 GiB) copied, 1510 s, 37,2 MB/s
56204230656 bytes (56 GB, 52 GiB) copied, 1511 s, 37,2 MB/s
56242307072 bytes (56 GB, 52 GiB) copied, 1512 s, 37,2 MB/s
56279891968 bytes (56 GB, 52 GiB) copied, 1513 s, 37,2 MB/s
56317771776 bytes (56 GB, 52 GiB) copied, 1514 s, 37,2 MB/s
56353325056 bytes (56 GB, 52 GiB) copied, 1515 s, 37,2 MB/s
56391204864 bytes (56 GB, 53 GiB) copied, 1516 s, 37,2 MB/s
56428265472 bytes (56 GB, 53 GiB) copied, 1517 s, 37,2 MB/s
56465326080 bytes (56 GB, 53 GiB) copied, 1518 s, 37,2 MB/s
56502845440 bytes (57 GB, 53 GiB) copied, 1519 s, 37,2 MB/s
56537907200 bytes (57 GB, 53 GiB) copied, 1520 s, 37,2 MB/s
56572739584 bytes (57 GB, 53 GiB) copied, 1521 s, 37,2 MB/s
56609079296 bytes (57 GB, 53 GiB) copied, 1522 s, 37,2 MB/s
56645156864 bytes (57 GB, 53 GiB) copied, 1523 s, 37,2 MB/s
56680873984 bytes (57 GB, 53 GiB) copied, 1524 s, 37,2 MB/s
56718458880 bytes (57 GB, 53 GiB) copied, 1525 s, 37,2 MB/s
56756338688 bytes (57 GB, 53 GiB) copied, 1526 s, 37,2 MB/s
56793038848 bytes (57 GB, 53 GiB) copied, 1527 s, 37,2 MB/s
56829771776 bytes (57 GB, 53 GiB) copied, 1528 s, 37,2 MB/s
56867291136 bytes (57 GB, 53 GiB) copied, 1529 s, 37,2 MB/s
56902156288 bytes (57 GB, 53 GiB) copied, 1530 s, 37,2 MB/s
56939085824 bytes (57 GB, 53 GiB) copied, 1531 s, 37,2 MB/s
56976474112 bytes (57 GB, 53 GiB) copied, 1532 s, 37,2 MB/s
57010814976 bytes (57 GB, 53 GiB) copied, 1533 s, 37,2 MB/s
57048367104 bytes (57 GB, 53 GiB) copied, 1534 s, 37,2 MB/s
57085034496 bytes (57 GB, 53 GiB) copied, 1535 s, 37,2 MB/s
57119735808 bytes (57 GB, 53 GiB) copied, 1536 s, 37,2 MB/s
57156993024 bytes (57 GB, 53 GiB) copied, 1537 s, 37,2 MB/s
57194905600 bytes (57 GB, 53 GiB) copied, 1538 s, 37,2 MB/s
57231933440 bytes (57 GB, 53 GiB) copied, 1539 s, 37,2 MB/s
57268305920 bytes (57 GB, 53 GiB) copied, 1540 s, 37,2 MB/s
57306382336 bytes (57 GB, 53 GiB) copied, 1541 s, 37,2 MB/s
57342099456 bytes (57 GB, 53 GiB) copied, 1542 s, 37,2 MB/s
57379487744 bytes (57 GB, 53 GiB) copied, 1543 s, 37,2 MB/s
57417564160 bytes (57 GB, 53 GiB) copied, 1544 s, 37,2 MB/s
57452363776 bytes (57 GB, 54 GiB) copied, 1545 s, 37,2 MB/s
57490309120 bytes (57 GB, 54 GiB) copied, 1546 s, 37,2 MB/s
57527894016 bytes (58 GB, 54 GiB) copied, 1547 s, 37,2 MB/s
57563414528 bytes (58 GB, 54 GiB) copied, 1548 s, 37,2 MB/s
57601130496 bytes (58 GB, 54 GiB) copied, 1549 s, 37,2 MB/s
57636847616 bytes (58 GB, 54 GiB) copied, 1550 s, 37,2 MB/s
57672204288 bytes (58 GB, 54 GiB) copied, 1551 s, 37,2 MB/s
57710280704 bytes (58 GB, 54 GiB) copied, 1552 s, 37,2 MB/s
57746259968 bytes (58 GB, 54 GiB) copied, 1553 s, 37,2 MB/s
57782009856 bytes (58 GB, 54 GiB) copied, 1554 s, 37,2 MB/s
57819004928 bytes (58 GB, 54 GiB) copied, 1555 s, 37,2 MB/s
57853673472 bytes (58 GB, 54 GiB) copied, 1556 s, 37,2 MB/s
57890111488 bytes (58 GB, 54 GiB) copied, 1557 s, 37,2 MB/s
57927499776 bytes (58 GB, 54 GiB) copied, 1558 s, 37,2 MB/s
57963216896 bytes (58 GB, 54 GiB) copied, 1559 s, 37,2 MB/s
57999917056 bytes (58 GB, 54 GiB) copied, 1560 s, 37,2 MB/s
58037633024 bytes (58 GB, 54 GiB) copied, 1561 s, 37,2 MB/s
58072891392 bytes (58 GB, 54 GiB) copied, 1562 s, 37,2 MB/s
58110083072 bytes (58 GB, 54 GiB) copied, 1563 s, 37,2 MB/s
58147799040 bytes (58 GB, 54 GiB) copied, 1564 s, 37,2 MB/s
58183155712 bytes (58 GB, 54 GiB) copied, 1565 s, 37,2 MB/s
58220773376 bytes (58 GB, 54 GiB) copied, 1566 s, 37,2 MB/s
58256883712 bytes (58 GB, 54 GiB) copied, 1567 s, 37,2 MB/s
58291617792 bytes (58 GB, 54 GiB) copied, 1568 s, 37,2 MB/s
58329694208 bytes (58 GB, 54 GiB) copied, 1569 s, 37,2 MB/s
58366754816 bytes (58 GB, 54 GiB) copied, 1570 s, 37,2 MB/s
58403061760 bytes (58 GB, 54 GiB) copied, 1571 s, 37,2 MB/s
58440515584 bytes (58 GB, 54 GiB) copied, 1572 s, 37,2 MB/s
58475872256 bytes (58 GB, 54 GiB) copied, 1573 s, 37,2 MB/s
58512605184 bytes (59 GB, 54 GiB) copied, 1574 s, 37,2 MB/s
58550190080 bytes (59 GB, 55 GiB) copied, 1575 s, 37,2 MB/s
58585382912 bytes (59 GB, 55 GiB) copied, 1576 s, 37,2 MB/s
58622083072 bytes (59 GB, 55 GiB) copied, 1577 s, 37,2 MB/s
58659307520 bytes (59 GB, 55 GiB) copied, 1578 s, 37,2 MB/s
58694762496 bytes (59 GB, 55 GiB) copied, 1579 s, 37,2 MB/s
58731528192 bytes (59 GB, 55 GiB) copied, 1580 s, 37,2 MB/s
58769604608 bytes (59 GB, 55 GiB) copied, 1581 s, 37,2 MB/s
58803945472 bytes (59 GB, 55 GiB) copied, 1582 s, 37,2 MB/s
58841628672 bytes (59 GB, 55 GiB) copied, 1583 s, 37,2 MB/s
58877247488 bytes (59 GB, 55 GiB) copied, 1584 s, 37,2 MB/s
58912735232 bytes (59 GB, 55 GiB) copied, 1585 s, 37,2 MB/s
58950483968 bytes (59 GB, 55 GiB) copied, 1586 s, 37,2 MB/s
58987544576 bytes (59 GB, 55 GiB) copied, 1587 s, 37,2 MB/s
59023556608 bytes (59 GB, 55 GiB) copied, 1588 s, 37,2 MB/s
59060617216 bytes (59 GB, 55 GiB) copied, 1589 s, 37,2 MB/s
59095646208 bytes (59 GB, 55 GiB) copied, 1590 s, 37,2 MB/s
59131887616 bytes (59 GB, 55 GiB) copied, 1591 s, 37,2 MB/s
59169079296 bytes (59 GB, 55 GiB) copied, 1592 s, 37,2 MB/s
59204435968 bytes (59 GB, 55 GiB) copied, 1593 s, 37,2 MB/s
59240808448 bytes (59 GB, 55 GiB) copied, 1594 s, 37,2 MB/s
59276165120 bytes (59 GB, 55 GiB) copied, 1595 s, 37,2 MB/s
59311226880 bytes (59 GB, 55 GiB) copied, 1596 s, 37,2 MB/s
59348582400 bytes (59 GB, 55 GiB) copied, 1597 s, 37,2 MB/s
59386331136 bytes (59 GB, 55 GiB) copied, 1598 s, 37,2 MB/s
59421327360 bytes (59 GB, 55 GiB) copied, 1599 s, 37,2 MB/s
59459076096 bytes (59 GB, 55 GiB) copied, 1600 s, 37,2 MB/s
59494760448 bytes (59 GB, 55 GiB) copied, 1601 s, 37,2 MB/s
59529789440 bytes (60 GB, 55 GiB) copied, 1602 s, 37,2 MB/s
59567734784 bytes (60 GB, 55 GiB) copied, 1603 s, 37,2 MB/s
59603156992 bytes (60 GB, 56 GiB) copied, 1604 s, 37,2 MB/s
59637202944 bytes (60 GB, 56 GiB) copied, 1605 s, 37,2 MB/s
59675279360 bytes (60 GB, 56 GiB) copied, 1606 s, 37,2 MB/s
59711881216 bytes (60 GB, 56 GiB) copied, 1607 s, 37,2 MB/s
59747008512 bytes (60 GB, 56 GiB) copied, 1608 s, 37,2 MB/s
59784527872 bytes (60 GB, 56 GiB) copied, 1609 s, 37,2 MB/s
59819917312 bytes (60 GB, 56 GiB) copied, 1610 s, 37,2 MB/s
59855142912 bytes (60 GB, 56 GiB) copied, 1611 s, 37,2 MB/s
59892826112 bytes (60 GB, 56 GiB) copied, 1612 s, 37,2 MB/s
59928018944 bytes (60 GB, 56 GiB) copied, 1613 s, 37,2 MB/s
59963572224 bytes (60 GB, 56 GiB) copied, 1614 s, 37,2 MB/s
60001288192 bytes (60 GB, 56 GiB) copied, 1615 s, 37,2 MB/s
60037005312 bytes (60 GB, 56 GiB) copied, 1616 s, 37,2 MB/s
60072919040 bytes (60 GB, 56 GiB) copied, 1617 s, 37,2 MB/s
60110405632 bytes (60 GB, 56 GiB) copied, 1618 s, 37,2 MB/s
60144779264 bytes (60 GB, 56 GiB) copied, 1619 s, 37,1 MB/s
60181708800 bytes (60 GB, 56 GiB) copied, 1620 s, 37,1 MB/s
60218900480 bytes (60 GB, 56 GiB) copied, 1621 s, 37,1 MB/s
60254781440 bytes (60 GB, 56 GiB) copied, 1622 s, 37,1 MB/s
60291514368 bytes (60 GB, 56 GiB) copied, 1623 s, 37,1 MB/s
60328083456 bytes (60 GB, 56 GiB) copied, 1624 s, 37,1 MB/s
60362489856 bytes (60 GB, 56 GiB) copied, 1625 s, 37,1 MB/s
60400107520 bytes (60 GB, 56 GiB) copied, 1626 s, 37,1 MB/s
60436283392 bytes (60 GB, 56 GiB) copied, 1627 s, 37,1 MB/s
60471148544 bytes (60 GB, 56 GiB) copied, 1628 s, 37,1 MB/s
60509159424 bytes (61 GB, 56 GiB) copied, 1629 s, 37,1 MB/s
60545597440 bytes (61 GB, 56 GiB) copied, 1630 s, 37,1 MB/s
60581314560 bytes (61 GB, 56 GiB) copied, 1631 s, 37,1 MB/s
60619063296 bytes (61 GB, 56 GiB) copied, 1632 s, 37,1 MB/s
60654387200 bytes (61 GB, 56 GiB) copied, 1633 s, 37,1 MB/s
60691218432 bytes (61 GB, 57 GiB) copied, 1634 s, 37,1 MB/s
60728049664 bytes (61 GB, 57 GiB) copied, 1635 s, 37,1 MB/s
60762161152 bytes (61 GB, 57 GiB) copied, 1636 s, 37,1 MB/s
60798894080 bytes (61 GB, 57 GiB) copied, 1637 s, 37,1 MB/s
60836970496 bytes (61 GB, 57 GiB) copied, 1638 s, 37,1 MB/s
60872589312 bytes (61 GB, 57 GiB) copied, 1639 s, 37,1 MB/s
60910043136 bytes (61 GB, 57 GiB) copied, 1640 s, 37,1 MB/s
60947103744 bytes (61 GB, 57 GiB) copied, 1641 s, 37,1 MB/s
60981739520 bytes (61 GB, 57 GiB) copied, 1642 s, 37,1 MB/s
61019488256 bytes (61 GB, 57 GiB) copied, 1643 s, 37,1 MB/s
61056909312 bytes (61 GB, 57 GiB) copied, 1644 s, 37,1 MB/s
61091938304 bytes (61 GB, 57 GiB) copied, 1645 s, 37,1 MB/s
61128867840 bytes (61 GB, 57 GiB) copied, 1646 s, 37,1 MB/s
61165043712 bytes (61 GB, 57 GiB) copied, 1647 s, 37,1 MB/s
61200596992 bytes (61 GB, 57 GiB) copied, 1648 s, 37,1 MB/s
61237788672 bytes (61 GB, 57 GiB) copied, 1649 s, 37,1 MB/s
61274030080 bytes (61 GB, 57 GiB) copied, 1650 s, 37,1 MB/s
61308829696 bytes (61 GB, 57 GiB) copied, 1651 s, 37,1 MB/s
61346578432 bytes (61 GB, 57 GiB) copied, 1652 s, 37,1 MB/s
61382950912 bytes (61 GB, 57 GiB) copied, 1653 s, 37,1 MB/s
61418340352 bytes (61 GB, 57 GiB) copied, 1654 s, 37,1 MB/s
61456056320 bytes (61 GB, 57 GiB) copied, 1655 s, 37,1 MB/s
61491052544 bytes (61 GB, 57 GiB) copied, 1656 s, 37,1 MB/s
61527425024 bytes (62 GB, 57 GiB) copied, 1657 s, 37,1 MB/s
61565501440 bytes (62 GB, 57 GiB) copied, 1658 s, 37,1 MB/s
61600530432 bytes (62 GB, 57 GiB) copied, 1659 s, 37,1 MB/s
61636575232 bytes (62 GB, 57 GiB) copied, 1660 s, 37,1 MB/s
61674291200 bytes (62 GB, 57 GiB) copied, 1661 s, 37,1 MB/s
61709287424 bytes (62 GB, 57 GiB) copied, 1662 s, 37,1 MB/s
61747003392 bytes (62 GB, 58 GiB) copied, 1663 s, 37,1 MB/s
61784784896 bytes (62 GB, 58 GiB) copied, 1664 s, 37,1 MB/s
61820436480 bytes (62 GB, 58 GiB) copied, 1665 s, 37,1 MB/s
61855956992 bytes (62 GB, 58 GiB) copied, 1666 s, 37,1 MB/s
61893246976 bytes (62 GB, 58 GiB) copied, 1667 s, 37,1 MB/s
61927784448 bytes (62 GB, 58 GiB) copied, 1668 s, 37,1 MB/s
61965271040 bytes (62 GB, 58 GiB) copied, 1669 s, 37,1 MB/s
62002724864 bytes (62 GB, 58 GiB) copied, 1670 s, 37,1 MB/s
62037393408 bytes (62 GB, 58 GiB) copied, 1671 s, 37,1 MB/s
62075109376 bytes (62 GB, 58 GiB) copied, 1672 s, 37,1 MB/s
62111514624 bytes (62 GB, 58 GiB) copied, 1673 s, 37,1 MB/s
62146510848 bytes (62 GB, 58 GiB) copied, 1674 s, 37,1 MB/s
62184259584 bytes (62 GB, 58 GiB) copied, 1675 s, 37,1 MB/s
62221189120 bytes (62 GB, 58 GiB) copied, 1676 s, 37,1 MB/s
62256316416 bytes (62 GB, 58 GiB) copied, 1677 s, 37,1 MB/s
62293737472 bytes (62 GB, 58 GiB) copied, 1678 s, 37,1 MB/s
62329618432 bytes (62 GB, 58 GiB) copied, 1679 s, 37,1 MB/s
62364450816 bytes (62 GB, 58 GiB) copied, 1680 s, 37,1 MB/s
62401970176 bytes (62 GB, 58 GiB) copied, 1681 s, 37,1 MB/s
62437883904 bytes (62 GB, 58 GiB) copied, 1682 s, 37,1 MB/s
62473502720 bytes (62 GB, 58 GiB) copied, 1683 s, 37,1 MB/s
62510628864 bytes (63 GB, 58 GiB) copied, 1684 s, 37,1 MB/s
62545985536 bytes (63 GB, 58 GiB) copied, 1685 s, 37,1 MB/s
62582358016 bytes (63 GB, 58 GiB) copied, 1686 s, 37,1 MB/s
62618697728 bytes (63 GB, 58 GiB) copied, 1687 s, 37,1 MB/s
62654873600 bytes (63 GB, 58 GiB) copied, 1688 s, 37,1 MB/s
62691835904 bytes (63 GB, 58 GiB) copied, 1689 s, 37,1 MB/s
62729584640 bytes (63 GB, 58 GiB) copied, 1690 s, 37,1 MB/s
62763892736 bytes (63 GB, 58 GiB) copied, 1691 s, 37,1 MB/s
62801084416 bytes (63 GB, 58 GiB) copied, 1692 s, 37,1 MB/s
62838013952 bytes (63 GB, 59 GiB) copied, 1693 s, 37,1 MB/s
62873042944 bytes (63 GB, 59 GiB) copied, 1694 s, 37,1 MB/s
62910627840 bytes (63 GB, 59 GiB) copied, 1695 s, 37,1 MB/s
62945427456 bytes (63 GB, 59 GiB) copied, 1696 s, 37,1 MB/s
62980915200 bytes (63 GB, 59 GiB) copied, 1697 s, 37,1 MB/s
63018663936 bytes (63 GB, 59 GiB) copied, 1698 s, 37,1 MB/s
63054577664 bytes (63 GB, 59 GiB) copied, 1699 s, 37,1 MB/s
63089934336 bytes (63 GB, 59 GiB) copied, 1700 s, 37,1 MB/s
63127650304 bytes (63 GB, 59 GiB) copied, 1701 s, 37,1 MB/s
63162679296 bytes (63 GB, 59 GiB) copied, 1702 s, 37,1 MB/s
63198724096 bytes (63 GB, 59 GiB) copied, 1703 s, 37,1 MB/s
63236571136 bytes (63 GB, 59 GiB) copied, 1704 s, 37,1 MB/s
63272484864 bytes (63 GB, 59 GiB) copied, 1705 s, 37,1 MB/s
63309152256 bytes (63 GB, 59 GiB) copied, 1706 s, 37,1 MB/s
63346606080 bytes (63 GB, 59 GiB) copied, 1707 s, 37,1 MB/s
63381962752 bytes (63 GB, 59 GiB) copied, 1708 s, 37,1 MB/s
63417647104 bytes (63 GB, 59 GiB) copied, 1709 s, 37,1 MB/s
63455395840 bytes (63 GB, 59 GiB) copied, 1710 s, 37,1 MB/s
63489736704 bytes (63 GB, 59 GiB) copied, 1711 s, 37,1 MB/s
63526436864 bytes (64 GB, 59 GiB) copied, 1712 s, 37,1 MB/s
63563988992 bytes (64 GB, 59 GiB) copied, 1713 s, 37,1 MB/s
63598526464 bytes (64 GB, 59 GiB) copied, 1714 s, 37,1 MB/s
63635914752 bytes (64 GB, 59 GiB) copied, 1715 s, 37,1 MB/s
63671074816 bytes (64 GB, 59 GiB) copied, 1716 s, 37,1 MB/s
63705939968 bytes (64 GB, 59 GiB) copied, 1717 s, 37,1 MB/s
63744016384 bytes (64 GB, 59 GiB) copied, 1718 s, 37,1 MB/s
63780192256 bytes (64 GB, 59 GiB) copied, 1719 s, 37,1 MB/s
63814729728 bytes (64 GB, 59 GiB) copied, 1720 s, 37,1 MB/s
63852478464 bytes (64 GB, 59 GiB) copied, 1721 s, 37,1 MB/s
63888162816 bytes (64 GB, 60 GiB) copied, 1722 s, 37,1 MB/s
63923879936 bytes (64 GB, 60 GiB) copied, 1723 s, 37,1 MB/s
63960580096 bytes (64 GB, 60 GiB) copied, 1724 s, 37,1 MB/s
63995871232 bytes (64 GB, 60 GiB) copied, 1725 s, 37,1 MB/s
64032309248 bytes (64 GB, 60 GiB) copied, 1726 s, 37,1 MB/s
64070189056 bytes (64 GB, 60 GiB) copied, 1727 s, 37,1 MB/s
64106430464 bytes (64 GB, 60 GiB) copied, 1728 s, 37,1 MB/s
64142344192 bytes (64 GB, 60 GiB) copied, 1729 s, 37,1 MB/s
64178978816 bytes (64 GB, 60 GiB) copied, 1730 s, 37,1 MB/s
64212959232 bytes (64 GB, 60 GiB) copied, 1731 s, 37,1 MB/s
64249593856 bytes (64 GB, 60 GiB) copied, 1732 s, 37,1 MB/s
64286949376 bytes (64 GB, 60 GiB) copied, 1733 s, 37,1 MB/s
64322764800 bytes (64 GB, 60 GiB) copied, 1734 s, 37,1 MB/s
64359366656 bytes (64 GB, 60 GiB) copied, 1735 s, 37,1 MB/s
64396099584 bytes (64 GB, 60 GiB) copied, 1736 s, 37,1 MB/s
64431030272 bytes (64 GB, 60 GiB) copied, 1737 s, 37,1 MB/s
64468156416 bytes (64 GB, 60 GiB) copied, 1738 s, 37,1 MB/s
64504528896 bytes (65 GB, 60 GiB) copied, 1739 s, 37,1 MB/s
64538476544 bytes (65 GB, 60 GiB) copied, 1740 s, 37,1 MB/s
64576126976 bytes (65 GB, 60 GiB) copied, 1741 s, 37,1 MB/s
64611287040 bytes (65 GB, 60 GiB) copied, 1742 s, 37,1 MB/s
64646512640 bytes (65 GB, 60 GiB) copied, 1743 s, 37,1 MB/s
64684392448 bytes (65 GB, 60 GiB) copied, 1744 s, 37,1 MB/s
64720764928 bytes (65 GB, 60 GiB) copied, 1745 s, 37,1 MB/s
64756383744 bytes (65 GB, 60 GiB) copied, 1746 s, 37,1 MB/s
64792494080 bytes (65 GB, 60 GiB) copied, 1747 s, 37,1 MB/s
64826834944 bytes (65 GB, 60 GiB) copied, 1748 s, 37,1 MB/s
64863535104 bytes (65 GB, 60 GiB) copied, 1749 s, 37,1 MB/s
64900923392 bytes (65 GB, 60 GiB) copied, 1750 s, 37,1 MB/s
64937328640 bytes (65 GB, 60 GiB) copied, 1751 s, 37,1 MB/s
64974389248 bytes (65 GB, 61 GiB) copied, 1752 s, 37,1 MB/s
65012039680 bytes (65 GB, 61 GiB) copied, 1753 s, 37,1 MB/s
65046904832 bytes (65 GB, 61 GiB) copied, 1754 s, 37,1 MB/s
65084129280 bytes (65 GB, 61 GiB) copied, 1755 s, 37,1 MB/s
65119387648 bytes (65 GB, 61 GiB) copied, 1756 s, 37,1 MB/s
65153662976 bytes (65 GB, 61 GiB) copied, 1757 s, 37,1 MB/s
65190920192 bytes (65 GB, 61 GiB) copied, 1758 s, 37,1 MB/s
65228996608 bytes (65 GB, 61 GiB) copied, 1759 s, 37,1 MB/s
65265827840 bytes (65 GB, 61 GiB) copied, 1760 s, 37,1 MB/s
65303117824 bytes (65 GB, 61 GiB) copied, 1761 s, 37,1 MB/s
65339097088 bytes (65 GB, 61 GiB) copied, 1762 s, 37,1 MB/s
65373765632 bytes (65 GB, 61 GiB) copied, 1763 s, 37,1 MB/s
65411514368 bytes (65 GB, 61 GiB) copied, 1764 s, 37,1 MB/s
65446576128 bytes (65 GB, 61 GiB) copied, 1765 s, 37,1 MB/s
65481900032 bytes (65 GB, 61 GiB) copied, 1766 s, 37,1 MB/s
65519681536 bytes (66 GB, 61 GiB) copied, 1767 s, 37,1 MB/s
65555038208 bytes (66 GB, 61 GiB) copied, 1768 s, 37,1 MB/s
65592098816 bytes (66 GB, 61 GiB) copied, 1769 s, 37,1 MB/s
65629487104 bytes (66 GB, 61 GiB) copied, 1770 s, 37,1 MB/s
65664516096 bytes (66 GB, 61 GiB) copied, 1771 s, 37,1 MB/s
65700200448 bytes (66 GB, 61 GiB) copied, 1772 s, 37,1 MB/s
65737588736 bytes (66 GB, 61 GiB) copied, 1773 s, 37,1 MB/s
65772617728 bytes (66 GB, 61 GiB) copied, 1774 s, 37,1 MB/s
65808990208 bytes (66 GB, 61 GiB) copied, 1775 s, 37,1 MB/s
65844477952 bytes (66 GB, 61 GiB) copied, 1776 s, 37,1 MB/s
65878491136 bytes (66 GB, 61 GiB) copied, 1777 s, 37,1 MB/s
65916207104 bytes (66 GB, 61 GiB) copied, 1778 s, 37,1 MB/s
65953464320 bytes (66 GB, 61 GiB) copied, 1779 s, 37,1 MB/s
65988689920 bytes (66 GB, 61 GiB) copied, 1780 s, 37,1 MB/s
66025160704 bytes (66 GB, 61 GiB) copied, 1781 s, 37,1 MB/s
66061533184 bytes (66 GB, 62 GiB) copied, 1782 s, 37,1 MB/s
66096594944 bytes (66 GB, 62 GiB) copied, 1783 s, 37,1 MB/s
66133688320 bytes (66 GB, 62 GiB) copied, 1784 s, 37,1 MB/s
66168684544 bytes (66 GB, 62 GiB) copied, 1785 s, 37,1 MB/s
66203680768 bytes (66 GB, 62 GiB) copied, 1786 s, 37,1 MB/s
66241101824 bytes (66 GB, 62 GiB) copied, 1787 s, 37,1 MB/s
66278817792 bytes (66 GB, 62 GiB) copied, 1788 s, 37,1 MB/s
66313650176 bytes (66 GB, 62 GiB) copied, 1789 s, 37,1 MB/s
66351235072 bytes (66 GB, 62 GiB) copied, 1790 s, 37,1 MB/s
66385575936 bytes (66 GB, 62 GiB) copied, 1791 s, 37,1 MB/s
66420932608 bytes (66 GB, 62 GiB) copied, 1792 s, 37,1 MB/s
66458943488 bytes (66 GB, 62 GiB) copied, 1793 s, 37,1 MB/s
66493349888 bytes (66 GB, 62 GiB) copied, 1794 s, 37,1 MB/s
66529394688 bytes (67 GB, 62 GiB) copied, 1795 s, 37,1 MB/s
66567077888 bytes (67 GB, 62 GiB) copied, 1796 s, 37,1 MB/s
66603778048 bytes (67 GB, 62 GiB) copied, 1797 s, 37,1 MB/s
66640216064 bytes (67 GB, 62 GiB) copied, 1798 s, 37,1 MB/s
66675900416 bytes (67 GB, 62 GiB) copied, 1799 s, 37,1 MB/s
66710601728 bytes (67 GB, 62 GiB) copied, 1800 s, 37,1 MB/s
66747990016 bytes (67 GB, 62 GiB) copied, 1801 s, 37,1 MB/s
66785050624 bytes (67 GB, 62 GiB) copied, 1802 s, 37,1 MB/s
66820734976 bytes (67 GB, 62 GiB) copied, 1803 s, 37,1 MB/s
66857795584 bytes (67 GB, 62 GiB) copied, 1804 s, 37,1 MB/s
66893479936 bytes (67 GB, 62 GiB) copied, 1805 s, 37,1 MB/s
66927820800 bytes (67 GB, 62 GiB) copied, 1806 s, 37,1 MB/s
66965438464 bytes (67 GB, 62 GiB) copied, 1807 s, 37,1 MB/s
67003252736 bytes (67 GB, 62 GiB) copied, 1808 s, 37,1 MB/s
67039821824 bytes (67 GB, 62 GiB) copied, 1809 s, 37,1 MB/s
67076358144 bytes (67 GB, 62 GiB) copied, 1810 s, 37,1 MB/s
67112435712 bytes (67 GB, 63 GiB) copied, 1811 s, 37,1 MB/s
67146776576 bytes (67 GB, 63 GiB) copied, 1812 s, 37,1 MB/s
67184295936 bytes (67 GB, 63 GiB) copied, 1813 s, 37,1 MB/s
67220733952 bytes (67 GB, 63 GiB) copied, 1814 s, 37,1 MB/s
67255500800 bytes (67 GB, 63 GiB) copied, 1815 s, 37,1 MB/s
67292266496 bytes (67 GB, 63 GiB) copied, 1816 s, 37,1 MB/s
67330211840 bytes (67 GB, 63 GiB) copied, 1817 s, 37,1 MB/s
67365208064 bytes (67 GB, 63 GiB) copied, 1818 s, 37,1 MB/s
67403087872 bytes (67 GB, 63 GiB) copied, 1819 s, 37,1 MB/s
67438804992 bytes (67 GB, 63 GiB) copied, 1820 s, 37,1 MB/s
67474161664 bytes (67 GB, 63 GiB) copied, 1821 s, 37,1 MB/s
67511877632 bytes (68 GB, 63 GiB) copied, 1822 s, 37,1 MB/s
67549167616 bytes (68 GB, 63 GiB) copied, 1823 s, 37,1 MB/s
67584360448 bytes (68 GB, 63 GiB) copied, 1824 s, 37,1 MB/s
67622043648 bytes (68 GB, 63 GiB) copied, 1825 s, 37,1 MB/s
67657072640 bytes (68 GB, 63 GiB) copied, 1826 s, 37,1 MB/s
67692429312 bytes (68 GB, 63 GiB) copied, 1827 s, 37,1 MB/s
67729129472 bytes (68 GB, 63 GiB) copied, 1828 s, 37,1 MB/s
67763470336 bytes (68 GB, 63 GiB) copied, 1829 s, 37,0 MB/s
67799711744 bytes (68 GB, 63 GiB) copied, 1830 s, 37,0 MB/s
67837591552 bytes (68 GB, 63 GiB) copied, 1831 s, 37,0 MB/s
67873964032 bytes (68 GB, 63 GiB) copied, 1832 s, 37,0 MB/s
67910008832 bytes (68 GB, 63 GiB) copied, 1833 s, 37,0 MB/s
67947528192 bytes (68 GB, 63 GiB) copied, 1834 s, 37,0 MB/s
67981737984 bytes (68 GB, 63 GiB) copied, 1835 s, 37,0 MB/s
68018307072 bytes (68 GB, 63 GiB) copied, 1836 s, 37,0 MB/s
68055793664 bytes (68 GB, 63 GiB) copied, 1837 s, 37,0 MB/s
68090527744 bytes (68 GB, 63 GiB) copied, 1838 s, 37,0 MB/s
68127031296 bytes (68 GB, 63 GiB) copied, 1839 s, 37,0 MB/s
68164157440 bytes (68 GB, 63 GiB) copied, 1840 s, 37,0 MB/s
68198957056 bytes (68 GB, 64 GiB) copied, 1841 s, 37,0 MB/s
68236345344 bytes (68 GB, 64 GiB) copied, 1842 s, 37,0 MB/s
68272062464 bytes (68 GB, 64 GiB) copied, 1843 s, 37,0 MB/s
68306403328 bytes (68 GB, 64 GiB) copied, 1844 s, 37,0 MB/s
68344119296 bytes (68 GB, 64 GiB) copied, 1845 s, 37,0 MB/s
68379836416 bytes (68 GB, 64 GiB) copied, 1846 s, 37,0 MB/s
68414701568 bytes (68 GB, 64 GiB) copied, 1847 s, 37,0 MB/s
68452581376 bytes (68 GB, 64 GiB) copied, 1848 s, 37,0 MB/s
68489281536 bytes (68 GB, 64 GiB) copied, 1849 s, 37,0 MB/s
68524998656 bytes (69 GB, 64 GiB) copied, 1850 s, 37,0 MB/s
68562190336 bytes (69 GB, 64 GiB) copied, 1851 s, 37,0 MB/s
68597055488 bytes (69 GB, 64 GiB) copied, 1852 s, 37,0 MB/s
68632412160 bytes (69 GB, 64 GiB) copied, 1853 s, 37,0 MB/s
68669833216 bytes (69 GB, 64 GiB) copied, 1854 s, 37,0 MB/s
68704829440 bytes (69 GB, 64 GiB) copied, 1855 s, 37,0 MB/s
68741070848 bytes (69 GB, 64 GiB) copied, 1856 s, 37,0 MB/s
68778262528 bytes (69 GB, 64 GiB) copied, 1857 s, 37,0 MB/s
68813619200 bytes (69 GB, 64 GiB) copied, 1858 s, 37,0 MB/s
68850352128 bytes (69 GB, 64 GiB) copied, 1859 s, 37,0 MB/s
68888428544 bytes (69 GB, 64 GiB) copied, 1860 s, 37,0 MB/s
68923424768 bytes (69 GB, 64 GiB) copied, 1861 s, 37,0 MB/s
68959797248 bytes (69 GB, 64 GiB) copied, 1862 s, 37,0 MB/s
68994269184 bytes (69 GB, 64 GiB) copied, 1863 s, 37,0 MB/s
69028151296 bytes (69 GB, 64 GiB) copied, 1864 s, 37,0 MB/s
69066227712 bytes (69 GB, 64 GiB) copied, 1865 s, 37,0 MB/s
69103419392 bytes (69 GB, 64 GiB) copied, 1866 s, 37,0 MB/s
69138284544 bytes (69 GB, 64 GiB) copied, 1867 s, 37,0 MB/s
69176360960 bytes (69 GB, 64 GiB) copied, 1868 s, 37,0 MB/s
69212930048 bytes (69 GB, 64 GiB) copied, 1869 s, 37,0 MB/s
69248450560 bytes (69 GB, 64 GiB) copied, 1870 s, 37,0 MB/s
69285969920 bytes (69 GB, 65 GiB) copied, 1871 s, 37,0 MB/s
69320867840 bytes (69 GB, 65 GiB) copied, 1872 s, 37,0 MB/s
69356355584 bytes (69 GB, 65 GiB) copied, 1873 s, 37,0 MB/s
69394300928 bytes (69 GB, 65 GiB) copied, 1874 s, 37,0 MB/s
69428477952 bytes (69 GB, 65 GiB) copied, 1875 s, 37,0 MB/s
69465341952 bytes (69 GB, 65 GiB) copied, 1876 s, 37,0 MB/s
69502861312 bytes (70 GB, 65 GiB) copied, 1877 s, 37,0 MB/s
69539069952 bytes (70 GB, 65 GiB) copied, 1878 s, 37,0 MB/s
69575835648 bytes (70 GB, 65 GiB) copied, 1879 s, 37,0 MB/s
69613584384 bytes (70 GB, 65 GiB) copied, 1880 s, 37,0 MB/s
69649268736 bytes (70 GB, 65 GiB) copied, 1881 s, 37,0 MB/s
69686329344 bytes (70 GB, 65 GiB) copied, 1882 s, 37,0 MB/s
69724241920 bytes (70 GB, 65 GiB) copied, 1883 s, 37,0 MB/s
69759401984 bytes (70 GB, 65 GiB) copied, 1884 s, 37,0 MB/s
69796921344 bytes (70 GB, 65 GiB) copied, 1885 s, 37,0 MB/s
69834539008 bytes (70 GB, 65 GiB) copied, 1886 s, 37,0 MB/s
69870911488 bytes (70 GB, 65 GiB) copied, 1887 s, 37,0 MB/s
69908660224 bytes (70 GB, 65 GiB) copied, 1888 s, 37,0 MB/s
69944639488 bytes (70 GB, 65 GiB) copied, 1889 s, 37,0 MB/s
69981405184 bytes (70 GB, 65 GiB) copied, 1890 s, 37,0 MB/s
70018826240 bytes (70 GB, 65 GiB) copied, 1891 s, 37,0 MB/s
70055854080 bytes (70 GB, 65 GiB) copied, 1892 s, 37,0 MB/s
70092914688 bytes (70 GB, 65 GiB) copied, 1893 s, 37,0 MB/s
70129844224 bytes (70 GB, 65 GiB) copied, 1894 s, 37,0 MB/s
70165004288 bytes (70 GB, 65 GiB) copied, 1895 s, 37,0 MB/s
70202720256 bytes (70 GB, 65 GiB) copied, 1896 s, 37,0 MB/s
70240763904 bytes (70 GB, 65 GiB) copied, 1897 s, 37,0 MB/s
70277529600 bytes (70 GB, 65 GiB) copied, 1898 s, 37,0 MB/s
70314426368 bytes (70 GB, 65 GiB) copied, 1899 s, 37,0 MB/s
70350635008 bytes (70 GB, 66 GiB) copied, 1900 s, 37,0 MB/s
70386286592 bytes (70 GB, 66 GiB) copied, 1901 s, 37,0 MB/s
70424068096 bytes (70 GB, 66 GiB) copied, 1902 s, 37,0 MB/s
70461456384 bytes (70 GB, 66 GiB) copied, 1903 s, 37,0 MB/s
70496813056 bytes (70 GB, 66 GiB) copied, 1904 s, 37,0 MB/s
70533644288 bytes (71 GB, 66 GiB) copied, 1905 s, 37,0 MB/s
70570704896 bytes (71 GB, 66 GiB) copied, 1906 s, 37,0 MB/s
70605242368 bytes (71 GB, 66 GiB) copied, 1907 s, 37,0 MB/s
70642991104 bytes (71 GB, 66 GiB) copied, 1908 s, 37,0 MB/s
70680051712 bytes (71 GB, 66 GiB) copied, 1909 s, 37,0 MB/s
70715408384 bytes (71 GB, 66 GiB) copied, 1910 s, 37,0 MB/s
70753157120 bytes (71 GB, 66 GiB) copied, 1911 s, 37,0 MB/s
70788841472 bytes (71 GB, 66 GiB) copied, 1912 s, 37,0 MB/s
70824525824 bytes (71 GB, 66 GiB) copied, 1913 s, 37,0 MB/s
70862274560 bytes (71 GB, 66 GiB) copied, 1914 s, 37,0 MB/s
70897827840 bytes (71 GB, 66 GiB) copied, 1915 s, 37,0 MB/s
70932987904 bytes (71 GB, 66 GiB) copied, 1916 s, 37,0 MB/s
70970179584 bytes (71 GB, 66 GiB) copied, 1917 s, 37,0 MB/s
71005405184 bytes (71 GB, 66 GiB) copied, 1918 s, 37,0 MB/s
71041777664 bytes (71 GB, 66 GiB) copied, 1919 s, 37,0 MB/s
71079362560 bytes (71 GB, 66 GiB) copied, 1920 s, 37,0 MB/s
71114719232 bytes (71 GB, 66 GiB) copied, 1921 s, 37,0 MB/s
71151583232 bytes (71 GB, 66 GiB) copied, 1922 s, 37,0 MB/s
71187628032 bytes (71 GB, 66 GiB) copied, 1923 s, 37,0 MB/s
71221968896 bytes (71 GB, 66 GiB) copied, 1924 s, 37,0 MB/s
71259029504 bytes (71 GB, 66 GiB) copied, 1925 s, 37,0 MB/s
71296745472 bytes (71 GB, 66 GiB) copied, 1926 s, 37,0 MB/s
71331774464 bytes (71 GB, 66 GiB) copied, 1927 s, 37,0 MB/s
71369490432 bytes (71 GB, 66 GiB) copied, 1928 s, 37,0 MB/s
71407108096 bytes (71 GB, 67 GiB) copied, 1929 s, 37,0 MB/s
71442923520 bytes (71 GB, 67 GiB) copied, 1930 s, 37,0 MB/s
71480344576 bytes (71 GB, 67 GiB) copied, 1931 s, 37,0 MB/s
71515013120 bytes (72 GB, 67 GiB) copied, 1932 s, 37,0 MB/s
71550369792 bytes (72 GB, 67 GiB) copied, 1933 s, 37,0 MB/s
71586414592 bytes (72 GB, 67 GiB) copied, 1934 s, 37,0 MB/s
71620755456 bytes (72 GB, 67 GiB) copied, 1935 s, 37,0 MB/s
71657127936 bytes (72 GB, 67 GiB) copied, 1936 s, 37,0 MB/s
71694974976 bytes (72 GB, 67 GiB) copied, 1937 s, 37,0 MB/s
71732592640 bytes (72 GB, 67 GiB) copied, 1938 s, 37,0 MB/s
71769292800 bytes (72 GB, 67 GiB) copied, 1939 s, 37,0 MB/s
71805698048 bytes (72 GB, 67 GiB) copied, 1940 s, 37,0 MB/s
71840366592 bytes (72 GB, 67 GiB) copied, 1941 s, 37,0 MB/s
71878082560 bytes (72 GB, 67 GiB) copied, 1942 s, 37,0 MB/s
71914487808 bytes (72 GB, 67 GiB) copied, 1943 s, 37,0 MB/s
71949844480 bytes (72 GB, 67 GiB) copied, 1944 s, 37,0 MB/s
71986544640 bytes (72 GB, 67 GiB) copied, 1945 s, 37,0 MB/s
72023605248 bytes (72 GB, 67 GiB) copied, 1946 s, 37,0 MB/s
72058273792 bytes (72 GB, 67 GiB) copied, 1947 s, 37,0 MB/s
72096153600 bytes (72 GB, 67 GiB) copied, 1948 s, 37,0 MB/s
72133410816 bytes (72 GB, 67 GiB) copied, 1949 s, 37,0 MB/s
72168439808 bytes (72 GB, 67 GiB) copied, 1950 s, 37,0 MB/s
72206286848 bytes (72 GB, 67 GiB) copied, 1951 s, 37,0 MB/s
72242528256 bytes (72 GB, 67 GiB) copied, 1952 s, 37,0 MB/s
72277884928 bytes (72 GB, 67 GiB) copied, 1953 s, 37,0 MB/s
72315633664 bytes (72 GB, 67 GiB) copied, 1954 s, 37,0 MB/s
72351318016 bytes (72 GB, 67 GiB) copied, 1955 s, 37,0 MB/s
72386379776 bytes (72 GB, 67 GiB) copied, 1956 s, 37,0 MB/s
72423768064 bytes (72 GB, 67 GiB) copied, 1957 s, 37,0 MB/s
72459452416 bytes (72 GB, 67 GiB) copied, 1958 s, 37,0 MB/s
72495464448 bytes (72 GB, 68 GiB) copied, 1959 s, 37,0 MB/s
72533508096 bytes (73 GB, 68 GiB) copied, 1960 s, 37,0 MB/s
72569552896 bytes (73 GB, 68 GiB) copied, 1961 s, 37,0 MB/s
72605630464 bytes (73 GB, 68 GiB) copied, 1962 s, 37,0 MB/s
72642625536 bytes (73 GB, 68 GiB) copied, 1963 s, 37,0 MB/s
72677031936 bytes (73 GB, 68 GiB) copied, 1964 s, 37,0 MB/s
72715108352 bytes (73 GB, 68 GiB) copied, 1965 s, 37,0 MB/s
72751841280 bytes (73 GB, 68 GiB) copied, 1966 s, 37,0 MB/s
72786837504 bytes (73 GB, 68 GiB) copied, 1967 s, 37,0 MB/s
72824356864 bytes (73 GB, 68 GiB) copied, 1968 s, 37,0 MB/s
72861417472 bytes (73 GB, 68 GiB) copied, 1969 s, 37,0 MB/s
72895954944 bytes (73 GB, 68 GiB) copied, 1970 s, 37,0 MB/s
72933703680 bytes (73 GB, 68 GiB) copied, 1971 s, 37,0 MB/s
72968929280 bytes (73 GB, 68 GiB) copied, 1972 s, 37,0 MB/s
73004417024 bytes (73 GB, 68 GiB) copied, 1973 s, 37,0 MB/s
73042132992 bytes (73 GB, 68 GiB) copied, 1974 s, 37,0 MB/s
73077489664 bytes (73 GB, 68 GiB) copied, 1975 s, 37,0 MB/s
73113894912 bytes (73 GB, 68 GiB) copied, 1976 s, 37,0 MB/s
73151283200 bytes (73 GB, 68 GiB) copied, 1977 s, 37,0 MB/s
73186279424 bytes (73 GB, 68 GiB) copied, 1978 s, 37,0 MB/s
73223340032 bytes (73 GB, 68 GiB) copied, 1979 s, 37,0 MB/s
73260957696 bytes (73 GB, 68 GiB) copied, 1980 s, 37,0 MB/s
73296773120 bytes (73 GB, 68 GiB) copied, 1981 s, 37,0 MB/s
73333145600 bytes (73 GB, 68 GiB) copied, 1982 s, 37,0 MB/s
73369550848 bytes (73 GB, 68 GiB) copied, 1983 s, 37,0 MB/s
73404547072 bytes (73 GB, 68 GiB) copied, 1984 s, 37,0 MB/s
73442295808 bytes (73 GB, 68 GiB) copied, 1985 s, 37,0 MB/s
73477652480 bytes (73 GB, 68 GiB) copied, 1986 s, 37,0 MB/s
73513009152 bytes (74 GB, 68 GiB) copied, 1987 s, 37,0 MB/s
73550725120 bytes (74 GB, 68 GiB) copied, 1988 s, 37,0 MB/s
73588473856 bytes (74 GB, 69 GiB) copied, 1989 s, 37,0 MB/s
73624518656 bytes (74 GB, 69 GiB) copied, 1990 s, 37,0 MB/s
73660694528 bytes (74 GB, 69 GiB) copied, 1991 s, 37,0 MB/s
73696182272 bytes (74 GB, 69 GiB) copied, 1992 s, 37,0 MB/s
73732063232 bytes (74 GB, 69 GiB) copied, 1993 s, 37,0 MB/s
73769680896 bytes (74 GB, 69 GiB) copied, 1994 s, 37,0 MB/s
73805365248 bytes (74 GB, 69 GiB) copied, 1995 s, 37,0 MB/s
73842098176 bytes (74 GB, 69 GiB) copied, 1996 s, 37,0 MB/s
73879781376 bytes (74 GB, 69 GiB) copied, 1997 s, 37,0 MB/s
73916317696 bytes (74 GB, 69 GiB) copied, 1998 s, 37,0 MB/s
73952591872 bytes (74 GB, 69 GiB) copied, 1999 s, 37,0 MB/s
73990373376 bytes (74 GB, 69 GiB) copied, 2000 s, 37,0 MB/s
74025861120 bytes (74 GB, 69 GiB) copied, 2001 s, 37,0 MB/s
74062725120 bytes (74 GB, 69 GiB) copied, 2002 s, 37,0 MB/s
74100080640 bytes (74 GB, 69 GiB) copied, 2003 s, 37,0 MB/s
74134814720 bytes (74 GB, 69 GiB) copied, 2004 s, 37,0 MB/s
74172203008 bytes (74 GB, 69 GiB) copied, 2005 s, 37,0 MB/s
74207887360 bytes (74 GB, 69 GiB) copied, 2006 s, 37,0 MB/s
74242916352 bytes (74 GB, 69 GiB) copied, 2007 s, 37,0 MB/s
74280304640 bytes (74 GB, 69 GiB) copied, 2008 s, 37,0 MB/s
74318249984 bytes (74 GB, 69 GiB) copied, 2009 s, 37,0 MB/s
74353049600 bytes (74 GB, 69 GiB) copied, 2010 s, 37,0 MB/s
74391126016 bytes (74 GB, 69 GiB) copied, 2011 s, 37,0 MB/s
74426712064 bytes (74 GB, 69 GiB) copied, 2012 s, 37,0 MB/s
74462199808 bytes (74 GB, 69 GiB) copied, 2013 s, 37,0 MB/s
74499588096 bytes (74 GB, 69 GiB) copied, 2014 s, 37,0 MB/s
74533928960 bytes (75 GB, 69 GiB) copied, 2015 s, 37,0 MB/s
74570268672 bytes (75 GB, 69 GiB) copied, 2016 s, 37,0 MB/s
74605985792 bytes (75 GB, 69 GiB) copied, 2017 s, 37,0 MB/s
74640326656 bytes (75 GB, 70 GiB) copied, 2018 s, 37,0 MB/s
74677387264 bytes (75 GB, 70 GiB) copied, 2019 s, 37,0 MB/s
74713759744 bytes (75 GB, 70 GiB) copied, 2020 s, 37,0 MB/s
74748592128 bytes (75 GB, 70 GiB) copied, 2021 s, 37,0 MB/s
74786177024 bytes (75 GB, 70 GiB) copied, 2022 s, 37,0 MB/s
74822909952 bytes (75 GB, 70 GiB) copied, 2023 s, 37,0 MB/s
74856890368 bytes (75 GB, 70 GiB) copied, 2024 s, 37,0 MB/s
74894639104 bytes (75 GB, 70 GiB) copied, 2025 s, 37,0 MB/s
74932027392 bytes (75 GB, 70 GiB) copied, 2026 s, 37,0 MB/s
74965975040 bytes (75 GB, 70 GiB) copied, 2027 s, 37,0 MB/s
75002740736 bytes (75 GB, 70 GiB) copied, 2028 s, 37,0 MB/s
75037081600 bytes (75 GB, 70 GiB) copied, 2029 s, 37,0 MB/s
75072110592 bytes (75 GB, 70 GiB) copied, 2030 s, 37,0 MB/s
75109761024 bytes (75 GB, 70 GiB) copied, 2031 s, 37,0 MB/s
75146559488 bytes (75 GB, 70 GiB) copied, 2032 s, 37,0 MB/s
75180900352 bytes (75 GB, 70 GiB) copied, 2033 s, 37,0 MB/s
75218616320 bytes (75 GB, 70 GiB) copied, 2034 s, 37,0 MB/s
75253972992 bytes (75 GB, 70 GiB) copied, 2035 s, 37,0 MB/s
75289100288 bytes (75 GB, 70 GiB) copied, 2036 s, 37,0 MB/s
75326717952 bytes (75 GB, 70 GiB) copied, 2037 s, 37,0 MB/s
75362435072 bytes (75 GB, 70 GiB) copied, 2038 s, 37,0 MB/s
75398119424 bytes (75 GB, 70 GiB) copied, 2039 s, 37,0 MB/s
75434852352 bytes (75 GB, 70 GiB) copied, 2040 s, 37,0 MB/s
75469029376 bytes (75 GB, 70 GiB) copied, 2041 s, 37,0 MB/s
75505696768 bytes (76 GB, 70 GiB) copied, 2042 s, 37,0 MB/s
75541381120 bytes (76 GB, 70 GiB) copied, 2043 s, 37,0 MB/s
75576606720 bytes (76 GB, 70 GiB) copied, 2044 s, 37,0 MB/s
75613667328 bytes (76 GB, 70 GiB) copied, 2045 s, 37,0 MB/s
75651743744 bytes (76 GB, 70 GiB) copied, 2046 s, 37,0 MB/s
75686412288 bytes (76 GB, 70 GiB) copied, 2047 s, 37,0 MB/s
75723145216 bytes (76 GB, 71 GiB) copied, 2048 s, 37,0 MB/s
75759452160 bytes (76 GB, 71 GiB) copied, 2049 s, 37,0 MB/s
75793498112 bytes (76 GB, 71 GiB) copied, 2050 s, 37,0 MB/s
75831050240 bytes (76 GB, 71 GiB) copied, 2051 s, 37,0 MB/s
75867619328 bytes (76 GB, 71 GiB) copied, 2052 s, 37,0 MB/s
75901960192 bytes (76 GB, 71 GiB) copied, 2053 s, 37,0 MB/s
75939020800 bytes (76 GB, 71 GiB) copied, 2054 s, 37,0 MB/s
75974017024 bytes (76 GB, 71 GiB) copied, 2055 s, 37,0 MB/s
76008718336 bytes (76 GB, 71 GiB) copied, 2056 s, 37,0 MB/s
76046630912 bytes (76 GB, 71 GiB) copied, 2057 s, 37,0 MB/s
76081463296 bytes (76 GB, 71 GiB) copied, 2058 s, 37,0 MB/s
76116951040 bytes (76 GB, 71 GiB) copied, 2059 s, 37,0 MB/s
76153880576 bytes (76 GB, 71 GiB) copied, 2060 s, 37,0 MB/s
76189171712 bytes (76 GB, 71 GiB) copied, 2061 s, 37,0 MB/s
76224593920 bytes (76 GB, 71 GiB) copied, 2062 s, 37,0 MB/s
76260638720 bytes (76 GB, 71 GiB) copied, 2063 s, 37,0 MB/s
76294946816 bytes (76 GB, 71 GiB) copied, 2064 s, 37,0 MB/s
76331188224 bytes (76 GB, 71 GiB) copied, 2065 s, 37,0 MB/s
76368740352 bytes (76 GB, 71 GiB) copied, 2066 s, 37,0 MB/s
76405571584 bytes (76 GB, 71 GiB) copied, 2067 s, 37,0 MB/s
76441812992 bytes (76 GB, 71 GiB) copied, 2068 s, 37,0 MB/s
76477530112 bytes (76 GB, 71 GiB) copied, 2069 s, 37,0 MB/s
76512198656 bytes (77 GB, 71 GiB) copied, 2070 s, 37,0 MB/s
76548243456 bytes (77 GB, 71 GiB) copied, 2071 s, 37,0 MB/s
76584943616 bytes (77 GB, 71 GiB) copied, 2072 s, 37,0 MB/s
76620103680 bytes (77 GB, 71 GiB) copied, 2073 s, 37,0 MB/s
76656476160 bytes (77 GB, 71 GiB) copied, 2074 s, 37,0 MB/s
76693209088 bytes (77 GB, 71 GiB) copied, 2075 s, 37,0 MB/s
76727058432 bytes (77 GB, 71 GiB) copied, 2076 s, 37,0 MB/s
76764807168 bytes (77 GB, 71 GiB) copied, 2077 s, 37,0 MB/s
76800688128 bytes (77 GB, 72 GiB) copied, 2078 s, 37,0 MB/s
76836044800 bytes (77 GB, 72 GiB) copied, 2079 s, 37,0 MB/s
76873859072 bytes (77 GB, 72 GiB) copied, 2080 s, 37,0 MB/s
76909969408 bytes (77 GB, 72 GiB) copied, 2081 s, 37,0 MB/s
76944965632 bytes (77 GB, 72 GiB) copied, 2082 s, 37,0 MB/s
76982845440 bytes (77 GB, 72 GiB) copied, 2083 s, 37,0 MB/s
77019447296 bytes (77 GB, 72 GiB) copied, 2084 s, 37,0 MB/s
77054803968 bytes (77 GB, 72 GiB) copied, 2085 s, 37,0 MB/s
77092487168 bytes (77 GB, 72 GiB) copied, 2086 s, 37,0 MB/s
77127548928 bytes (77 GB, 72 GiB) copied, 2087 s, 37,0 MB/s
77163921408 bytes (77 GB, 72 GiB) copied, 2088 s, 37,0 MB/s
77200982016 bytes (77 GB, 72 GiB) copied, 2089 s, 37,0 MB/s
77236666368 bytes (77 GB, 72 GiB) copied, 2090 s, 37,0 MB/s
77272580096 bytes (77 GB, 72 GiB) copied, 2091 s, 37,0 MB/s
77310066688 bytes (77 GB, 72 GiB) copied, 2092 s, 37,0 MB/s
77344407552 bytes (77 GB, 72 GiB) copied, 2093 s, 37,0 MB/s
77381173248 bytes (77 GB, 72 GiB) copied, 2094 s, 37,0 MB/s
77417742336 bytes (77 GB, 72 GiB) copied, 2095 s, 37,0 MB/s
77452017664 bytes (77 GB, 72 GiB) copied, 2096 s, 37,0 MB/s
77489274880 bytes (77 GB, 72 GiB) copied, 2097 s, 37,0 MB/s
77527220224 bytes (78 GB, 72 GiB) copied, 2098 s, 37,0 MB/s
77562019840 bytes (78 GB, 72 GiB) copied, 2099 s, 37,0 MB/s
77599801344 bytes (78 GB, 72 GiB) copied, 2100 s, 37,0 MB/s
77637287936 bytes (78 GB, 72 GiB) copied, 2101 s, 37,0 MB/s
77673136128 bytes (78 GB, 72 GiB) copied, 2102 s, 37,0 MB/s
77709901824 bytes (78 GB, 72 GiB) copied, 2103 s, 37,0 MB/s
77744242688 bytes (78 GB, 72 GiB) copied, 2104 s, 37,0 MB/s
77780221952 bytes (78 GB, 72 GiB) copied, 2105 s, 37,0 MB/s
77817675776 bytes (78 GB, 72 GiB) copied, 2106 s, 37,0 MB/s
77853720576 bytes (78 GB, 73 GiB) copied, 2107 s, 37,0 MB/s
77889077248 bytes (78 GB, 73 GiB) copied, 2108 s, 36,9 MB/s
77927088128 bytes (78 GB, 73 GiB) copied, 2109 s, 36,9 MB/s
77962838016 bytes (78 GB, 73 GiB) copied, 2110 s, 36,9 MB/s
77998555136 bytes (78 GB, 73 GiB) copied, 2111 s, 36,9 MB/s
78036271104 bytes (78 GB, 73 GiB) copied, 2112 s, 36,9 MB/s
78070284288 bytes (78 GB, 73 GiB) copied, 2113 s, 36,9 MB/s
78106099712 bytes (78 GB, 73 GiB) copied, 2114 s, 36,9 MB/s
78144045056 bytes (78 GB, 73 GiB) copied, 2115 s, 36,9 MB/s
78179074048 bytes (78 GB, 73 GiB) copied, 2116 s, 36,9 MB/s
78215380992 bytes (78 GB, 73 GiB) copied, 2117 s, 36,9 MB/s
78251819008 bytes (78 GB, 73 GiB) copied, 2118 s, 36,9 MB/s
78286782464 bytes (78 GB, 73 GiB) copied, 2119 s, 36,9 MB/s
78324498432 bytes (78 GB, 73 GiB) copied, 2120 s, 36,9 MB/s
78360608768 bytes (78 GB, 73 GiB) copied, 2121 s, 36,9 MB/s
78395572224 bytes (78 GB, 73 GiB) copied, 2122 s, 36,9 MB/s
78432665600 bytes (78 GB, 73 GiB) copied, 2123 s, 36,9 MB/s
78470414336 bytes (78 GB, 73 GiB) copied, 2124 s, 36,9 MB/s
78505082880 bytes (79 GB, 73 GiB) copied, 2125 s, 36,9 MB/s
78543060992 bytes (79 GB, 73 GiB) copied, 2126 s, 36,9 MB/s
78579499008 bytes (79 GB, 73 GiB) copied, 2127 s, 36,9 MB/s
78613872640 bytes (79 GB, 73 GiB) copied, 2128 s, 36,9 MB/s
78649229312 bytes (79 GB, 73 GiB) copied, 2129 s, 36,9 MB/s
78686584832 bytes (79 GB, 73 GiB) copied, 2130 s, 36,9 MB/s
78720630784 bytes (79 GB, 73 GiB) copied, 2131 s, 36,9 MB/s
78756675584 bytes (79 GB, 73 GiB) copied, 2132 s, 36,9 MB/s
78793048064 bytes (79 GB, 73 GiB) copied, 2133 s, 36,9 MB/s
78828404736 bytes (79 GB, 73 GiB) copied, 2134 s, 36,9 MB/s
78865760256 bytes (79 GB, 73 GiB) copied, 2135 s, 36,9 MB/s
78903541760 bytes (79 GB, 73 GiB) copied, 2136 s, 36,9 MB/s
78938537984 bytes (79 GB, 74 GiB) copied, 2137 s, 36,9 MB/s
78975959040 bytes (79 GB, 74 GiB) copied, 2138 s, 36,9 MB/s
79012364288 bytes (79 GB, 74 GiB) copied, 2139 s, 36,9 MB/s
79047327744 bytes (79 GB, 74 GiB) copied, 2140 s, 36,9 MB/s
79085142016 bytes (79 GB, 74 GiB) copied, 2141 s, 36,9 MB/s
79122137088 bytes (79 GB, 74 GiB) copied, 2142 s, 36,9 MB/s
79157166080 bytes (79 GB, 74 GiB) copied, 2143 s, 36,9 MB/s
79194882048 bytes (79 GB, 74 GiB) copied, 2144 s, 36,9 MB/s
79231123456 bytes (79 GB, 74 GiB) copied, 2145 s, 36,9 MB/s
79266283520 bytes (79 GB, 74 GiB) copied, 2146 s, 36,9 MB/s
79304196096 bytes (79 GB, 74 GiB) copied, 2147 s, 36,9 MB/s
79339388928 bytes (79 GB, 74 GiB) copied, 2148 s, 36,9 MB/s
79374385152 bytes (79 GB, 74 GiB) copied, 2149 s, 36,9 MB/s
79411773440 bytes (79 GB, 74 GiB) copied, 2150 s, 36,9 MB/s
79446671360 bytes (79 GB, 74 GiB) copied, 2151 s, 36,9 MB/s
79482486784 bytes (79 GB, 74 GiB) copied, 2152 s, 36,9 MB/s
79520563200 bytes (80 GB, 74 GiB) copied, 2153 s, 36,9 MB/s
79555100672 bytes (80 GB, 74 GiB) copied, 2154 s, 36,9 MB/s
79591636992 bytes (80 GB, 74 GiB) copied, 2155 s, 36,9 MB/s
79627878400 bytes (80 GB, 74 GiB) copied, 2156 s, 36,9 MB/s
79663366144 bytes (80 GB, 74 GiB) copied, 2157 s, 36,9 MB/s
79699869696 bytes (80 GB, 74 GiB) copied, 2158 s, 36,9 MB/s
79735980032 bytes (80 GB, 74 GiB) copied, 2159 s, 36,9 MB/s
79770779648 bytes (80 GB, 74 GiB) copied, 2160 s, 36,9 MB/s
79807807488 bytes (80 GB, 74 GiB) copied, 2161 s, 36,9 MB/s
79843885056 bytes (80 GB, 74 GiB) copied, 2162 s, 36,9 MB/s
79877898240 bytes (80 GB, 74 GiB) copied, 2163 s, 36,9 MB/s
79915614208 bytes (80 GB, 74 GiB) copied, 2164 s, 36,9 MB/s
79951986688 bytes (80 GB, 74 GiB) copied, 2165 s, 36,9 MB/s
79986327552 bytes (80 GB, 74 GiB) copied, 2166 s, 36,9 MB/s
80024076288 bytes (80 GB, 75 GiB) copied, 2167 s, 36,9 MB/s
80061071360 bytes (80 GB, 75 GiB) copied, 2168 s, 36,9 MB/s
80095805440 bytes (80 GB, 75 GiB) copied, 2169 s, 36,9 MB/s
80133881856 bytes (80 GB, 75 GiB) copied, 2170 s, 36,9 MB/s
80168419328 bytes (80 GB, 75 GiB) copied, 2171 s, 36,9 MB/s
80204464128 bytes (80 GB, 75 GiB) copied, 2172 s, 36,9 MB/s
80242343936 bytes (80 GB, 75 GiB) copied, 2173 s, 36,9 MB/s
80277012480 bytes (80 GB, 75 GiB) copied, 2174 s, 36,9 MB/s
80312696832 bytes (80 GB, 75 GiB) copied, 2175 s, 36,9 MB/s
80350380032 bytes (80 GB, 75 GiB) copied, 2176 s, 36,9 MB/s
80385441792 bytes (80 GB, 75 GiB) copied, 2177 s, 36,9 MB/s
80421847040 bytes (80 GB, 75 GiB) copied, 2178 s, 36,9 MB/s
80459792384 bytes (80 GB, 75 GiB) copied, 2179 s, 36,9 MB/s
80495280128 bytes (80 GB, 75 GiB) copied, 2180 s, 36,9 MB/s
80531652608 bytes (81 GB, 75 GiB) copied, 2181 s, 36,9 MB/s
80566779904 bytes (81 GB, 75 GiB) copied, 2182 s, 36,9 MB/s
80601645056 bytes (81 GB, 75 GiB) copied, 2183 s, 36,9 MB/s
80639197184 bytes (81 GB, 75 GiB) copied, 2184 s, 36,9 MB/s
80674226176 bytes (81 GB, 75 GiB) copied, 2185 s, 36,9 MB/s
80709091328 bytes (81 GB, 75 GiB) copied, 2186 s, 36,9 MB/s
80747036672 bytes (81 GB, 75 GiB) copied, 2187 s, 36,9 MB/s
80782491648 bytes (81 GB, 75 GiB) copied, 2188 s, 36,9 MB/s
80817422336 bytes (81 GB, 75 GiB) copied, 2189 s, 36,9 MB/s
80855302144 bytes (81 GB, 75 GiB) copied, 2190 s, 36,9 MB/s
80890658816 bytes (81 GB, 75 GiB) copied, 2191 s, 36,9 MB/s
80924999680 bytes (81 GB, 75 GiB) copied, 2192 s, 36,9 MB/s
80962715648 bytes (81 GB, 75 GiB) copied, 2193 s, 36,9 MB/s
80996990976 bytes (81 GB, 75 GiB) copied, 2194 s, 36,9 MB/s
81032806400 bytes (81 GB, 75 GiB) copied, 2195 s, 36,9 MB/s
81070161920 bytes (81 GB, 76 GiB) copied, 2196 s, 36,9 MB/s
81104142336 bytes (81 GB, 76 GiB) copied, 2197 s, 36,9 MB/s
81140187136 bytes (81 GB, 76 GiB) copied, 2198 s, 36,9 MB/s
81178263552 bytes (81 GB, 76 GiB) copied, 2199 s, 36,9 MB/s
81214078976 bytes (81 GB, 76 GiB) copied, 2200 s, 36,9 MB/s
81250680832 bytes (81 GB, 76 GiB) copied, 2201 s, 36,9 MB/s
81286856704 bytes (81 GB, 76 GiB) copied, 2202 s, 36,9 MB/s
81321525248 bytes (81 GB, 76 GiB) copied, 2203 s, 36,9 MB/s
81358454784 bytes (81 GB, 76 GiB) copied, 2204 s, 36,9 MB/s
81396301824 bytes (81 GB, 76 GiB) copied, 2205 s, 36,9 MB/s
81431330816 bytes (81 GB, 76 GiB) copied, 2206 s, 36,9 MB/s
81468784640 bytes (81 GB, 76 GiB) copied, 2207 s, 36,9 MB/s
81503617024 bytes (82 GB, 76 GiB) copied, 2208 s, 36,9 MB/s
81538973696 bytes (82 GB, 76 GiB) copied, 2209 s, 36,9 MB/s
81576689664 bytes (82 GB, 76 GiB) copied, 2210 s, 36,9 MB/s
81612734464 bytes (82 GB, 76 GiB) copied, 2211 s, 36,9 MB/s
81646747648 bytes (82 GB, 76 GiB) copied, 2212 s, 36,9 MB/s
81684594688 bytes (82 GB, 76 GiB) copied, 2213 s, 36,9 MB/s
81722212352 bytes (82 GB, 76 GiB) copied, 2214 s, 36,9 MB/s
81757863936 bytes (82 GB, 76 GiB) copied, 2215 s, 36,9 MB/s
81795317760 bytes (82 GB, 76 GiB) copied, 2216 s, 36,9 MB/s
81831002112 bytes (82 GB, 76 GiB) copied, 2217 s, 36,9 MB/s
81866358784 bytes (82 GB, 76 GiB) copied, 2218 s, 36,9 MB/s
81903550464 bytes (82 GB, 76 GiB) copied, 2219 s, 36,9 MB/s
81939103744 bytes (82 GB, 76 GiB) copied, 2220 s, 36,9 MB/s
81974722560 bytes (82 GB, 76 GiB) copied, 2221 s, 36,9 MB/s
82011521024 bytes (82 GB, 76 GiB) copied, 2222 s, 36,9 MB/s
82047205376 bytes (82 GB, 76 GiB) copied, 2223 s, 36,9 MB/s
82083610624 bytes (82 GB, 76 GiB) copied, 2224 s, 36,9 MB/s
82121129984 bytes (82 GB, 76 GiB) copied, 2225 s, 36,9 MB/s
82157993984 bytes (82 GB, 77 GiB) copied, 2226 s, 36,9 MB/s
82195120128 bytes (82 GB, 77 GiB) copied, 2227 s, 36,9 MB/s
82232836096 bytes (82 GB, 77 GiB) copied, 2228 s, 36,9 MB/s
82267471872 bytes (82 GB, 77 GiB) copied, 2229 s, 36,9 MB/s
82304237568 bytes (82 GB, 77 GiB) copied, 2230 s, 36,9 MB/s
82341494784 bytes (82 GB, 77 GiB) copied, 2231 s, 36,9 MB/s
82375966720 bytes (82 GB, 77 GiB) copied, 2232 s, 36,9 MB/s
82413649920 bytes (82 GB, 77 GiB) copied, 2233 s, 36,9 MB/s
82448842752 bytes (82 GB, 77 GiB) copied, 2234 s, 36,9 MB/s
82483740672 bytes (82 GB, 77 GiB) copied, 2235 s, 36,9 MB/s
82521489408 bytes (83 GB, 77 GiB) copied, 2236 s, 36,9 MB/s
82556846080 bytes (83 GB, 77 GiB) copied, 2237 s, 36,9 MB/s
82593480704 bytes (83 GB, 77 GiB) copied, 2238 s, 36,9 MB/s
82630934528 bytes (83 GB, 77 GiB) copied, 2239 s, 36,9 MB/s
82666291200 bytes (83 GB, 77 GiB) copied, 2240 s, 36,9 MB/s
82701320192 bytes (83 GB, 77 GiB) copied, 2241 s, 36,9 MB/s
82738380800 bytes (83 GB, 77 GiB) copied, 2242 s, 36,9 MB/s
82773344256 bytes (83 GB, 77 GiB) copied, 2243 s, 36,9 MB/s
82809421824 bytes (83 GB, 77 GiB) copied, 2244 s, 36,9 MB/s
82847105024 bytes (83 GB, 77 GiB) copied, 2245 s, 36,9 MB/s
82882461696 bytes (83 GB, 77 GiB) copied, 2246 s, 36,9 MB/s
82919194624 bytes (83 GB, 77 GiB) copied, 2247 s, 36,9 MB/s
82956288000 bytes (83 GB, 77 GiB) copied, 2248 s, 36,9 MB/s
82991316992 bytes (83 GB, 77 GiB) copied, 2249 s, 36,9 MB/s
83027886080 bytes (83 GB, 77 GiB) copied, 2250 s, 36,9 MB/s
83064389632 bytes (83 GB, 77 GiB) copied, 2251 s, 36,9 MB/s
83099615232 bytes (83 GB, 77 GiB) copied, 2252 s, 36,9 MB/s
83137265664 bytes (83 GB, 77 GiB) copied, 2253 s, 36,9 MB/s
83174359040 bytes (83 GB, 77 GiB) copied, 2254 s, 36,9 MB/s
83209584640 bytes (83 GB, 77 GiB) copied, 2255 s, 36,9 MB/s
83247300608 bytes (83 GB, 78 GiB) copied, 2256 s, 36,9 MB/s
83283017728 bytes (83 GB, 78 GiB) copied, 2257 s, 36,9 MB/s
83318669312 bytes (83 GB, 78 GiB) copied, 2258 s, 36,9 MB/s
83356450816 bytes (83 GB, 78 GiB) copied, 2259 s, 36,9 MB/s
83391447040 bytes (83 GB, 78 GiB) copied, 2260 s, 36,9 MB/s
83427688448 bytes (83 GB, 78 GiB) copied, 2261 s, 36,9 MB/s
83465240576 bytes (83 GB, 78 GiB) copied, 2262 s, 36,9 MB/s
83500597248 bytes (84 GB, 78 GiB) copied, 2263 s, 36,9 MB/s
83536281600 bytes (84 GB, 78 GiB) copied, 2264 s, 36,9 MB/s
83573342208 bytes (84 GB, 78 GiB) copied, 2265 s, 36,9 MB/s
83608010752 bytes (84 GB, 78 GiB) copied, 2266 s, 36,9 MB/s
83644743680 bytes (84 GB, 78 GiB) copied, 2267 s, 36,9 MB/s
83682426880 bytes (84 GB, 78 GiB) copied, 2268 s, 36,9 MB/s
83719520256 bytes (84 GB, 78 GiB) copied, 2269 s, 36,9 MB/s
83756351488 bytes (84 GB, 78 GiB) copied, 2270 s, 36,9 MB/s
83792953344 bytes (84 GB, 78 GiB) copied, 2271 s, 36,9 MB/s
83827294208 bytes (84 GB, 78 GiB) copied, 2272 s, 36,9 MB/s
83864354816 bytes (84 GB, 78 GiB) copied, 2273 s, 36,9 MB/s
83899711488 bytes (84 GB, 78 GiB) copied, 2274 s, 36,9 MB/s
83935068160 bytes (84 GB, 78 GiB) copied, 2275 s, 36,9 MB/s
83973079040 bytes (84 GB, 78 GiB) copied, 2276 s, 36,9 MB/s
84008140800 bytes (84 GB, 78 GiB) copied, 2277 s, 36,9 MB/s
84043792384 bytes (84 GB, 78 GiB) copied, 2278 s, 36,9 MB/s
84081246208 bytes (84 GB, 78 GiB) copied, 2279 s, 36,9 MB/s
84116275200 bytes (84 GB, 78 GiB) copied, 2280 s, 36,9 MB/s
84153270272 bytes (84 GB, 78 GiB) copied, 2281 s, 36,9 MB/s
84190494720 bytes (84 GB, 78 GiB) copied, 2282 s, 36,9 MB/s
84224671744 bytes (84 GB, 78 GiB) copied, 2283 s, 36,9 MB/s
84259733504 bytes (84 GB, 78 GiB) copied, 2284 s, 36,9 MB/s
84297809920 bytes (84 GB, 79 GiB) copied, 2285 s, 36,9 MB/s
84332478464 bytes (84 GB, 79 GiB) copied, 2286 s, 36,9 MB/s
84369866752 bytes (84 GB, 79 GiB) copied, 2287 s, 36,9 MB/s
84406042624 bytes (84 GB, 79 GiB) copied, 2288 s, 36,9 MB/s
84441268224 bytes (84 GB, 79 GiB) copied, 2289 s, 36,9 MB/s
84477313024 bytes (84 GB, 79 GiB) copied, 2290 s, 36,9 MB/s
84514832384 bytes (85 GB, 79 GiB) copied, 2291 s, 36,9 MB/s
84549500928 bytes (85 GB, 79 GiB) copied, 2292 s, 36,9 MB/s
84586102784 bytes (85 GB, 79 GiB) copied, 2293 s, 36,9 MB/s
84623163392 bytes (85 GB, 79 GiB) copied, 2294 s, 36,9 MB/s
84657635328 bytes (85 GB, 79 GiB) copied, 2295 s, 36,9 MB/s
84694204416 bytes (85 GB, 79 GiB) copied, 2296 s, 36,9 MB/s
84730249216 bytes (85 GB, 79 GiB) copied, 2297 s, 36,9 MB/s
84764917760 bytes (85 GB, 79 GiB) copied, 2298 s, 36,9 MB/s
84802666496 bytes (85 GB, 79 GiB) copied, 2299 s, 36,9 MB/s
84839366656 bytes (85 GB, 79 GiB) copied, 2300 s, 36,9 MB/s
84874330112 bytes (85 GB, 79 GiB) copied, 2301 s, 36,9 MB/s
84911095808 bytes (85 GB, 79 GiB) copied, 2302 s, 36,9 MB/s
84946419712 bytes (85 GB, 79 GiB) copied, 2303 s, 36,9 MB/s
84982497280 bytes (85 GB, 79 GiB) copied, 2304 s, 36,9 MB/s
85020573696 bytes (85 GB, 79 GiB) copied, 2305 s, 36,9 MB/s
85055242240 bytes (85 GB, 79 GiB) copied, 2306 s, 36,9 MB/s
85090598912 bytes (85 GB, 79 GiB) copied, 2307 s, 36,9 MB/s
85127659520 bytes (85 GB, 79 GiB) copied, 2308 s, 36,9 MB/s
85162688512 bytes (85 GB, 79 GiB) copied, 2309 s, 36,9 MB/s
85198733312 bytes (85 GB, 79 GiB) copied, 2310 s, 36,9 MB/s
85236121600 bytes (85 GB, 79 GiB) copied, 2311 s, 36,9 MB/s
85272461312 bytes (85 GB, 79 GiB) copied, 2312 s, 36,9 MB/s
85308178432 bytes (85 GB, 79 GiB) copied, 2313 s, 36,9 MB/s
85344616448 bytes (85 GB, 79 GiB) copied, 2314 s, 36,9 MB/s
85380595712 bytes (85 GB, 80 GiB) copied, 2315 s, 36,9 MB/s
85417328640 bytes (85 GB, 80 GiB) copied, 2316 s, 36,9 MB/s
85454716928 bytes (85 GB, 80 GiB) copied, 2317 s, 36,9 MB/s
85490434048 bytes (85 GB, 80 GiB) copied, 2318 s, 36,9 MB/s
85527265280 bytes (86 GB, 80 GiB) copied, 2319 s, 36,9 MB/s
85562294272 bytes (86 GB, 80 GiB) copied, 2320 s, 36,9 MB/s
85597618176 bytes (86 GB, 80 GiB) copied, 2321 s, 36,9 MB/s
85635235840 bytes (86 GB, 80 GiB) copied, 2322 s, 36,9 MB/s
85672624128 bytes (86 GB, 80 GiB) copied, 2323 s, 36,9 MB/s
85707522048 bytes (86 GB, 80 GiB) copied, 2324 s, 36,9 MB/s
85745041408 bytes (86 GB, 80 GiB) copied, 2325 s, 36,9 MB/s
85781086208 bytes (86 GB, 80 GiB) copied, 2326 s, 36,9 MB/s
85816770560 bytes (86 GB, 80 GiB) copied, 2327 s, 36,9 MB/s
85854519296 bytes (86 GB, 80 GiB) copied, 2328 s, 36,9 MB/s
85890891776 bytes (86 GB, 80 GiB) copied, 2329 s, 36,9 MB/s
85926543360 bytes (86 GB, 80 GiB) copied, 2330 s, 36,9 MB/s
85963309056 bytes (86 GB, 80 GiB) copied, 2331 s, 36,9 MB/s
85998338048 bytes (86 GB, 80 GiB) copied, 2332 s, 36,9 MB/s
86035333120 bytes (86 GB, 80 GiB) copied, 2333 s, 36,9 MB/s
86071410688 bytes (86 GB, 80 GiB) copied, 2334 s, 36,9 MB/s
86106210304 bytes (86 GB, 80 GiB) copied, 2335 s, 36,9 MB/s
86142943232 bytes (86 GB, 80 GiB) copied, 2336 s, 36,9 MB/s
86178168832 bytes (86 GB, 80 GiB) copied, 2337 s, 36,9 MB/s
86214049792 bytes (86 GB, 80 GiB) copied, 2338 s, 36,9 MB/s
86250913792 bytes (86 GB, 80 GiB) copied, 2339 s, 36,9 MB/s
86286827520 bytes (86 GB, 80 GiB) copied, 2340 s, 36,9 MB/s
86321299456 bytes (86 GB, 80 GiB) copied, 2341 s, 36,9 MB/s
86359310336 bytes (86 GB, 80 GiB) copied, 2342 s, 36,9 MB/s
86395748352 bytes (86 GB, 80 GiB) copied, 2343 s, 36,9 MB/s
86430777344 bytes (86 GB, 80 GiB) copied, 2344 s, 36,9 MB/s
86468493312 bytes (86 GB, 81 GiB) copied, 2345 s, 36,9 MB/s
86506569728 bytes (87 GB, 81 GiB) copied, 2346 s, 36,9 MB/s
86542221312 bytes (87 GB, 81 GiB) copied, 2347 s, 36,9 MB/s
86579970048 bytes (87 GB, 81 GiB) copied, 2348 s, 36,9 MB/s
86615162880 bytes (87 GB, 81 GiB) copied, 2349 s, 36,9 MB/s
86650716160 bytes (87 GB, 81 GiB) copied, 2350 s, 36,9 MB/s
86687285248 bytes (87 GB, 81 GiB) copied, 2351 s, 36,9 MB/s
86722248704 bytes (87 GB, 81 GiB) copied, 2352 s, 36,9 MB/s
86758490112 bytes (87 GB, 81 GiB) copied, 2353 s, 36,9 MB/s
86796238848 bytes (87 GB, 81 GiB) copied, 2354 s, 36,9 MB/s
86831464448 bytes (87 GB, 81 GiB) copied, 2355 s, 36,9 MB/s
86867279872 bytes (87 GB, 81 GiB) copied, 2356 s, 36,9 MB/s
86902636544 bytes (87 GB, 81 GiB) copied, 2357 s, 36,9 MB/s
86937305088 bytes (87 GB, 81 GiB) copied, 2358 s, 36,9 MB/s
86974726144 bytes (87 GB, 81 GiB) copied, 2359 s, 36,9 MB/s
87012802560 bytes (87 GB, 81 GiB) copied, 2360 s, 36,9 MB/s
87047471104 bytes (87 GB, 81 GiB) copied, 2361 s, 36,9 MB/s
87084138496 bytes (87 GB, 81 GiB) copied, 2362 s, 36,9 MB/s
87118872576 bytes (87 GB, 81 GiB) copied, 2363 s, 36,9 MB/s
87153868800 bytes (87 GB, 81 GiB) copied, 2364 s, 36,9 MB/s
87191945216 bytes (87 GB, 81 GiB) copied, 2365 s, 36,9 MB/s
87226777600 bytes (87 GB, 81 GiB) copied, 2366 s, 36,9 MB/s
87261675520 bytes (87 GB, 81 GiB) copied, 2367 s, 36,9 MB/s
87299489792 bytes (87 GB, 81 GiB) copied, 2368 s, 36,9 MB/s
87337107456 bytes (87 GB, 81 GiB) copied, 2369 s, 36,9 MB/s
87373840384 bytes (87 GB, 81 GiB) copied, 2370 s, 36,9 MB/s
87411228672 bytes (87 GB, 81 GiB) copied, 2371 s, 36,9 MB/s
87445897216 bytes (87 GB, 81 GiB) copied, 2372 s, 36,9 MB/s
87481942016 bytes (87 GB, 81 GiB) copied, 2373 s, 36,9 MB/s
87519952896 bytes (88 GB, 82 GiB) copied, 2374 s, 36,9 MB/s
87555375104 bytes (88 GB, 82 GiB) copied, 2375 s, 36,9 MB/s
87590862848 bytes (88 GB, 82 GiB) copied, 2376 s, 36,9 MB/s
87628808192 bytes (88 GB, 82 GiB) copied, 2377 s, 36,9 MB/s
87665377280 bytes (88 GB, 82 GiB) copied, 2378 s, 36,9 MB/s
87701159936 bytes (88 GB, 82 GiB) copied, 2379 s, 36,9 MB/s
87738122240 bytes (88 GB, 82 GiB) copied, 2380 s, 36,9 MB/s
87771938816 bytes (88 GB, 82 GiB) copied, 2381 s, 36,9 MB/s
87809327104 bytes (88 GB, 82 GiB) copied, 2382 s, 36,9 MB/s
87847108608 bytes (88 GB, 82 GiB) copied, 2383 s, 36,9 MB/s
87882104832 bytes (88 GB, 82 GiB) copied, 2384 s, 36,9 MB/s
87919067136 bytes (88 GB, 82 GiB) copied, 2385 s, 36,9 MB/s
87954161664 bytes (88 GB, 82 GiB) copied, 2386 s, 36,9 MB/s
87988830208 bytes (88 GB, 82 GiB) copied, 2387 s, 36,9 MB/s
88026578944 bytes (88 GB, 82 GiB) copied, 2388 s, 36,9 MB/s
88063967232 bytes (88 GB, 82 GiB) copied, 2389 s, 36,9 MB/s
88098996224 bytes (88 GB, 82 GiB) copied, 2390 s, 36,9 MB/s
88137072640 bytes (88 GB, 82 GiB) copied, 2391 s, 36,9 MB/s
88172429312 bytes (88 GB, 82 GiB) copied, 2392 s, 36,9 MB/s
88207785984 bytes (88 GB, 82 GiB) copied, 2393 s, 36,9 MB/s
88244715520 bytes (88 GB, 82 GiB) copied, 2394 s, 36,9 MB/s
88279515136 bytes (88 GB, 82 GiB) copied, 2395 s, 36,9 MB/s
88315854848 bytes (88 GB, 82 GiB) copied, 2396 s, 36,9 MB/s
88351932416 bytes (88 GB, 82 GiB) copied, 2397 s, 36,9 MB/s
88387289088 bytes (88 GB, 82 GiB) copied, 2398 s, 36,9 MB/s
88423989248 bytes (88 GB, 82 GiB) copied, 2399 s, 36,9 MB/s
88461770752 bytes (88 GB, 82 GiB) copied, 2400 s, 36,9 MB/s
88496898048 bytes (88 GB, 82 GiB) copied, 2401 s, 36,9 MB/s
88533467136 bytes (89 GB, 82 GiB) copied, 2402 s, 36,9 MB/s
88569839616 bytes (89 GB, 82 GiB) copied, 2403 s, 36,9 MB/s
88606212096 bytes (89 GB, 83 GiB) copied, 2404 s, 36,9 MB/s
88642584576 bytes (89 GB, 83 GiB) copied, 2405 s, 36,9 MB/s
88680267776 bytes (89 GB, 83 GiB) copied, 2406 s, 36,9 MB/s
88716705792 bytes (89 GB, 83 GiB) copied, 2407 s, 36,9 MB/s
88751243264 bytes (89 GB, 83 GiB) copied, 2408 s, 36,9 MB/s
88787091456 bytes (89 GB, 83 GiB) copied, 2409 s, 36,9 MB/s
88821366784 bytes (89 GB, 83 GiB) copied, 2410 s, 36,9 MB/s
88855379968 bytes (89 GB, 83 GiB) copied, 2411 s, 36,9 MB/s
88889262080 bytes (89 GB, 83 GiB) copied, 2412 s, 36,9 MB/s
88923406336 bytes (89 GB, 83 GiB) copied, 2413 s, 36,9 MB/s
88958402560 bytes (89 GB, 83 GiB) copied, 2414 s, 36,9 MB/s
88995102720 bytes (89 GB, 83 GiB) copied, 2415 s, 36,9 MB/s
89029148672 bytes (89 GB, 83 GiB) copied, 2416 s, 36,8 MB/s
89063489536 bytes (89 GB, 83 GiB) copied, 2417 s, 36,8 MB/s
89100189696 bytes (89 GB, 83 GiB) copied, 2418 s, 36,8 MB/s
89134530560 bytes (89 GB, 83 GiB) copied, 2419 s, 36,8 MB/s
89170214912 bytes (89 GB, 83 GiB) copied, 2420 s, 36,8 MB/s
89207635968 bytes (89 GB, 83 GiB) copied, 2421 s, 36,8 MB/s
89242632192 bytes (89 GB, 83 GiB) copied, 2422 s, 36,8 MB/s
89278349312 bytes (89 GB, 83 GiB) copied, 2423 s, 36,8 MB/s
89313345536 bytes (89 GB, 83 GiB) copied, 2424 s, 36,8 MB/s
89347358720 bytes (89 GB, 83 GiB) copied, 2425 s, 36,8 MB/s
89382354944 bytes (89 GB, 83 GiB) copied, 2426 s, 36,8 MB/s
89418366976 bytes (89 GB, 83 GiB) copied, 2427 s, 36,8 MB/s
89452740608 bytes (89 GB, 83 GiB) copied, 2428 s, 36,8 MB/s
89487441920 bytes (89 GB, 83 GiB) copied, 2429 s, 36,8 MB/s
89524535296 bytes (90 GB, 83 GiB) copied, 2430 s, 36,8 MB/s
89558482944 bytes (90 GB, 83 GiB) copied, 2431 s, 36,8 MB/s
89594101760 bytes (90 GB, 83 GiB) copied, 2432 s, 36,8 MB/s
89629851648 bytes (90 GB, 83 GiB) copied, 2433 s, 36,8 MB/s
89663864832 bytes (90 GB, 84 GiB) copied, 2434 s, 36,8 MB/s
89698205696 bytes (90 GB, 84 GiB) copied, 2435 s, 36,8 MB/s
89734905856 bytes (90 GB, 84 GiB) copied, 2436 s, 36,8 MB/s
89768919040 bytes (90 GB, 84 GiB) copied, 2437 s, 36,8 MB/s
89803390976 bytes (90 GB, 84 GiB) copied, 2438 s, 36,8 MB/s
89839271936 bytes (90 GB, 84 GiB) copied, 2439 s, 36,8 MB/s
89873285120 bytes (90 GB, 84 GiB) copied, 2440 s, 36,8 MB/s
89911033856 bytes (90 GB, 84 GiB) copied, 2441 s, 36,8 MB/s
89946849280 bytes (90 GB, 84 GiB) copied, 2442 s, 36,8 MB/s
89980829696 bytes (90 GB, 84 GiB) copied, 2443 s, 36,8 MB/s
90014842880 bytes (90 GB, 84 GiB) copied, 2444 s, 36,8 MB/s
90049052672 bytes (90 GB, 84 GiB) copied, 2445 s, 36,8 MB/s
90086637568 bytes (90 GB, 84 GiB) copied, 2446 s, 36,8 MB/s
90120585216 bytes (90 GB, 84 GiB) copied, 2447 s, 36,8 MB/s
90154762240 bytes (90 GB, 84 GiB) copied, 2448 s, 36,8 MB/s
90192183296 bytes (90 GB, 84 GiB) copied, 2449 s, 36,8 MB/s
90226163712 bytes (90 GB, 84 GiB) copied, 2450 s, 36,8 MB/s
90260504576 bytes (90 GB, 84 GiB) copied, 2451 s, 36,8 MB/s
90297008128 bytes (90 GB, 84 GiB) copied, 2452 s, 36,8 MB/s
90331217920 bytes (90 GB, 84 GiB) copied, 2453 s, 36,8 MB/s
90365558784 bytes (90 GB, 84 GiB) copied, 2454 s, 36,8 MB/s
90400915456 bytes (90 GB, 84 GiB) copied, 2455 s, 36,8 MB/s
90434863104 bytes (90 GB, 84 GiB) copied, 2456 s, 36,8 MB/s
90470612992 bytes (90 GB, 84 GiB) copied, 2457 s, 36,8 MB/s
90506854400 bytes (91 GB, 84 GiB) copied, 2458 s, 36,8 MB/s
90540965888 bytes (91 GB, 84 GiB) copied, 2459 s, 36,8 MB/s
90576683008 bytes (91 GB, 84 GiB) copied, 2460 s, 36,8 MB/s
90612727808 bytes (91 GB, 84 GiB) copied, 2461 s, 36,8 MB/s
90646708224 bytes (91 GB, 84 GiB) copied, 2462 s, 36,8 MB/s
90683441152 bytes (91 GB, 84 GiB) copied, 2463 s, 36,8 MB/s
90718568448 bytes (91 GB, 84 GiB) copied, 2464 s, 36,8 MB/s
90752647168 bytes (91 GB, 85 GiB) copied, 2465 s, 36,8 MB/s
90786791424 bytes (91 GB, 85 GiB) copied, 2466 s, 36,8 MB/s
90823819264 bytes (91 GB, 85 GiB) copied, 2467 s, 36,8 MB/s
90857799680 bytes (91 GB, 85 GiB) copied, 2468 s, 36,8 MB/s
90894499840 bytes (91 GB, 85 GiB) copied, 2469 s, 36,8 MB/s
90928545792 bytes (91 GB, 85 GiB) copied, 2470 s, 36,8 MB/s
90964590592 bytes (91 GB, 85 GiB) copied, 2471 s, 36,8 MB/s
91002109952 bytes (91 GB, 85 GiB) copied, 2472 s, 36,8 MB/s
91036319744 bytes (91 GB, 85 GiB) copied, 2473 s, 36,8 MB/s
91070988288 bytes (91 GB, 85 GiB) copied, 2474 s, 36,8 MB/s
91105001472 bytes (91 GB, 85 GiB) copied, 2475 s, 36,8 MB/s
91141931008 bytes (91 GB, 85 GiB) copied, 2476 s, 36,8 MB/s
91178762240 bytes (91 GB, 85 GiB) copied, 2477 s, 36,8 MB/s
91213430784 bytes (91 GB, 85 GiB) copied, 2478 s, 36,8 MB/s
91250163712 bytes (91 GB, 85 GiB) copied, 2479 s, 36,8 MB/s
91284504576 bytes (91 GB, 85 GiB) copied, 2480 s, 36,8 MB/s
91318484992 bytes (91 GB, 85 GiB) copied, 2481 s, 36,8 MB/s
91354136576 bytes (91 GB, 85 GiB) copied, 2482 s, 36,8 MB/s
91388182528 bytes (91 GB, 85 GiB) copied, 2483 s, 36,8 MB/s
91422162944 bytes (91 GB, 85 GiB) copied, 2484 s, 36,8 MB/s
91459780608 bytes (91 GB, 85 GiB) copied, 2485 s, 36,8 MB/s
91495268352 bytes (91 GB, 85 GiB) copied, 2486 s, 36,8 MB/s
91529412608 bytes (92 GB, 85 GiB) copied, 2487 s, 36,8 MB/s
91566440448 bytes (92 GB, 85 GiB) copied, 2488 s, 36,8 MB/s
91600650240 bytes (92 GB, 85 GiB) copied, 2489 s, 36,8 MB/s
91634663424 bytes (92 GB, 85 GiB) copied, 2490 s, 36,8 MB/s
91672379392 bytes (92 GB, 85 GiB) copied, 2491 s, 36,8 MB/s
91707408384 bytes (92 GB, 85 GiB) copied, 2492 s, 36,8 MB/s
91741421568 bytes (92 GB, 85 GiB) copied, 2493 s, 36,8 MB/s
91777794048 bytes (92 GB, 85 GiB) copied, 2494 s, 36,8 MB/s
91812134912 bytes (92 GB, 86 GiB) copied, 2495 s, 36,8 MB/s
91846639616 bytes (92 GB, 86 GiB) copied, 2496 s, 36,8 MB/s
91883995136 bytes (92 GB, 86 GiB) copied, 2497 s, 36,8 MB/s
91918204928 bytes (92 GB, 86 GiB) copied, 2498 s, 36,8 MB/s
91953332224 bytes (92 GB, 86 GiB) copied, 2499 s, 36,8 MB/s
91987509248 bytes (92 GB, 86 GiB) copied, 2500 s, 36,8 MB/s
92021555200 bytes (92 GB, 86 GiB) copied, 2501 s, 36,8 MB/s
92057927680 bytes (92 GB, 86 GiB) copied, 2502 s, 36,8 MB/s
92094627840 bytes (92 GB, 86 GiB) copied, 2503 s, 36,8 MB/s
92128641024 bytes (92 GB, 86 GiB) copied, 2504 s, 36,8 MB/s
92164620288 bytes (92 GB, 86 GiB) copied, 2505 s, 36,8 MB/s
92202074112 bytes (92 GB, 86 GiB) copied, 2506 s, 36,8 MB/s
92236054528 bytes (92 GB, 86 GiB) copied, 2507 s, 36,8 MB/s
92271771648 bytes (92 GB, 86 GiB) copied, 2508 s, 36,8 MB/s
92307783680 bytes (92 GB, 86 GiB) copied, 2509 s, 36,8 MB/s
92341927936 bytes (92 GB, 86 GiB) copied, 2510 s, 36,8 MB/s
92378169344 bytes (92 GB, 86 GiB) copied, 2511 s, 36,8 MB/s
92413198336 bytes (92 GB, 86 GiB) copied, 2512 s, 36,8 MB/s
92447178752 bytes (92 GB, 86 GiB) copied, 2513 s, 36,8 MB/s
92483551232 bytes (92 GB, 86 GiB) copied, 2514 s, 36,8 MB/s
92518514688 bytes (93 GB, 86 GiB) copied, 2515 s, 36,8 MB/s
92552232960 bytes (93 GB, 86 GiB) copied, 2516 s, 36,8 MB/s
92589490176 bytes (93 GB, 86 GiB) copied, 2517 s, 36,8 MB/s
92625338368 bytes (93 GB, 86 GiB) copied, 2518 s, 36,8 MB/s
92659318784 bytes (93 GB, 86 GiB) copied, 2519 s, 36,8 MB/s
92695363584 bytes (93 GB, 86 GiB) copied, 2520 s, 36,8 MB/s
92731047936 bytes (93 GB, 86 GiB) copied, 2521 s, 36,8 MB/s
92765061120 bytes (93 GB, 86 GiB) copied, 2522 s, 36,8 MB/s
92801531904 bytes (93 GB, 86 GiB) copied, 2523 s, 36,8 MB/s
92835774464 bytes (93 GB, 86 GiB) copied, 2524 s, 36,8 MB/s
92869951488 bytes (93 GB, 86 GiB) copied, 2525 s, 36,8 MB/s
92907012096 bytes (93 GB, 87 GiB) copied, 2526 s, 36,8 MB/s
92941484032 bytes (93 GB, 87 GiB) copied, 2527 s, 36,8 MB/s
92976381952 bytes (93 GB, 87 GiB) copied, 2528 s, 36,8 MB/s
93011181568 bytes (93 GB, 87 GiB) copied, 2529 s, 36,8 MB/s
93045522432 bytes (93 GB, 87 GiB) copied, 2530 s, 36,8 MB/s
93079535616 bytes (93 GB, 87 GiB) copied, 2531 s, 36,8 MB/s
93116235776 bytes (93 GB, 87 GiB) copied, 2532 s, 36,8 MB/s
93152051200 bytes (93 GB, 87 GiB) copied, 2533 s, 36,8 MB/s
93185933312 bytes (93 GB, 87 GiB) copied, 2534 s, 36,8 MB/s
93222830080 bytes (93 GB, 87 GiB) copied, 2535 s, 36,8 MB/s
93258121216 bytes (93 GB, 87 GiB) copied, 2536 s, 36,8 MB/s
93292199936 bytes (93 GB, 87 GiB) copied, 2537 s, 36,8 MB/s
93328048128 bytes (93 GB, 87 GiB) copied, 2538 s, 36,8 MB/s
93364060160 bytes (93 GB, 87 GiB) copied, 2539 s, 36,8 MB/s
93398073344 bytes (93 GB, 87 GiB) copied, 2540 s, 36,8 MB/s
93434904576 bytes (93 GB, 87 GiB) copied, 2541 s, 36,8 MB/s
93470490624 bytes (93 GB, 87 GiB) copied, 2542 s, 36,8 MB/s
93504471040 bytes (94 GB, 87 GiB) copied, 2543 s, 36,8 MB/s
93540188160 bytes (94 GB, 87 GiB) copied, 2544 s, 36,8 MB/s
93574168576 bytes (94 GB, 87 GiB) copied, 2545 s, 36,8 MB/s
93608181760 bytes (94 GB, 87 GiB) copied, 2546 s, 36,8 MB/s
93644324864 bytes (94 GB, 87 GiB) copied, 2547 s, 36,8 MB/s
93678206976 bytes (94 GB, 87 GiB) copied, 2548 s, 36,8 MB/s
93712187392 bytes (94 GB, 87 GiB) copied, 2549 s, 36,8 MB/s
93749215232 bytes (94 GB, 87 GiB) copied, 2550 s, 36,8 MB/s
93783949312 bytes (94 GB, 87 GiB) copied, 2551 s, 36,8 MB/s
93817929728 bytes (94 GB, 87 GiB) copied, 2552 s, 36,8 MB/s
93853974528 bytes (94 GB, 87 GiB) copied, 2553 s, 36,8 MB/s
93887954944 bytes (94 GB, 87 GiB) copied, 2554 s, 36,8 MB/s
93921968128 bytes (94 GB, 87 GiB) copied, 2555 s, 36,8 MB/s
93959028736 bytes (94 GB, 88 GiB) copied, 2556 s, 36,8 MB/s
93993205760 bytes (94 GB, 88 GiB) copied, 2557 s, 36,8 MB/s
94028365824 bytes (94 GB, 88 GiB) copied, 2558 s, 36,8 MB/s
94062379008 bytes (94 GB, 88 GiB) copied, 2559 s, 36,8 MB/s
94096359424 bytes (94 GB, 88 GiB) copied, 2560 s, 36,8 MB/s
94131716096 bytes (94 GB, 88 GiB) copied, 2561 s, 36,8 MB/s
94168449024 bytes (94 GB, 88 GiB) copied, 2562 s, 36,8 MB/s
94203117568 bytes (94 GB, 88 GiB) copied, 2563 s, 36,8 MB/s
94237229056 bytes (94 GB, 88 GiB) copied, 2564 s, 36,8 MB/s
94275174400 bytes (94 GB, 88 GiB) copied, 2565 s, 36,8 MB/s
94309187584 bytes (94 GB, 88 GiB) copied, 2566 s, 36,8 MB/s
94343168000 bytes (94 GB, 88 GiB) copied, 2567 s, 36,8 MB/s
94380916736 bytes (94 GB, 88 GiB) copied, 2568 s, 36,8 MB/s
94415257600 bytes (94 GB, 88 GiB) copied, 2569 s, 36,8 MB/s
94449926144 bytes (94 GB, 88 GiB) copied, 2570 s, 36,8 MB/s
94485839872 bytes (94 GB, 88 GiB) copied, 2571 s, 36,8 MB/s
94519853056 bytes (95 GB, 88 GiB) copied, 2572 s, 36,7 MB/s
94554652672 bytes (95 GB, 88 GiB) copied, 2573 s, 36,7 MB/s
94590337024 bytes (95 GB, 88 GiB) copied, 2574 s, 36,7 MB/s
94624350208 bytes (95 GB, 88 GiB) copied, 2575 s, 36,7 MB/s
94658330624 bytes (95 GB, 88 GiB) copied, 2576 s, 36,7 MB/s
94695194624 bytes (95 GB, 88 GiB) copied, 2577 s, 36,7 MB/s
94729371648 bytes (95 GB, 88 GiB) copied, 2578 s, 36,7 MB/s
94763384832 bytes (95 GB, 88 GiB) copied, 2579 s, 36,7 MB/s
94799429632 bytes (95 GB, 88 GiB) copied, 2580 s, 36,7 MB/s
94833868800 bytes (95 GB, 88 GiB) copied, 2581 s, 36,7 MB/s
94867750912 bytes (95 GB, 88 GiB) copied, 2582 s, 36,7 MB/s
94905499648 bytes (95 GB, 88 GiB) copied, 2583 s, 36,7 MB/s
94939840512 bytes (95 GB, 88 GiB) copied, 2584 s, 36,7 MB/s
94973984768 bytes (95 GB, 88 GiB) copied, 2585 s, 36,7 MB/s
95009964032 bytes (95 GB, 88 GiB) copied, 2586 s, 36,7 MB/s
95043846144 bytes (95 GB, 89 GiB) copied, 2587 s, 36,7 MB/s
95079759872 bytes (95 GB, 89 GiB) copied, 2588 s, 36,7 MB/s
95113838592 bytes (95 GB, 89 GiB) copied, 2589 s, 36,7 MB/s
95148572672 bytes (95 GB, 89 GiB) copied, 2590 s, 36,7 MB/s
95184224256 bytes (95 GB, 89 GiB) copied, 2591 s, 36,7 MB/s
95222005760 bytes (95 GB, 89 GiB) copied, 2592 s, 36,7 MB/s
95255986176 bytes (95 GB, 89 GiB) copied, 2593 s, 36,7 MB/s
95291703296 bytes (95 GB, 89 GiB) copied, 2594 s, 36,7 MB/s
95327059968 bytes (95 GB, 89 GiB) copied, 2595 s, 36,7 MB/s
95361236992 bytes (95 GB, 89 GiB) copied, 2596 s, 36,7 MB/s
95395708928 bytes (95 GB, 89 GiB) copied, 2597 s, 36,7 MB/s
95433457664 bytes (95 GB, 89 GiB) copied, 2598 s, 36,7 MB/s
95467470848 bytes (95 GB, 89 GiB) copied, 2599 s, 36,7 MB/s
95501778944 bytes (96 GB, 89 GiB) copied, 2600 s, 36,7 MB/s
95539200000 bytes (96 GB, 89 GiB) copied, 2601 s, 36,7 MB/s
95573540864 bytes (96 GB, 89 GiB) copied, 2602 s, 36,7 MB/s
95609225216 bytes (96 GB, 89 GiB) copied, 2603 s, 36,7 MB/s
95644909568 bytes (96 GB, 89 GiB) copied, 2604 s, 36,7 MB/s
95679184896 bytes (96 GB, 89 GiB) copied, 2605 s, 36,7 MB/s
95714967552 bytes (96 GB, 89 GiB) copied, 2606 s, 36,7 MB/s
95750651904 bytes (96 GB, 89 GiB) copied, 2607 s, 36,7 MB/s
95784992768 bytes (96 GB, 89 GiB) copied, 2608 s, 36,7 MB/s
95821365248 bytes (96 GB, 89 GiB) copied, 2609 s, 36,7 MB/s
95857737728 bytes (96 GB, 89 GiB) copied, 2610 s, 36,7 MB/s
95891750912 bytes (96 GB, 89 GiB) copied, 2611 s, 36,7 MB/s
95926747136 bytes (96 GB, 89 GiB) copied, 2612 s, 36,7 MB/s
95962103808 bytes (96 GB, 89 GiB) copied, 2613 s, 36,7 MB/s
95996116992 bytes (96 GB, 89 GiB) copied, 2614 s, 36,7 MB/s
96032751616 bytes (96 GB, 89 GiB) copied, 2615 s, 36,7 MB/s
96067158016 bytes (96 GB, 89 GiB) copied, 2616 s, 36,7 MB/s
96101498880 bytes (96 GB, 90 GiB) copied, 2617 s, 36,7 MB/s
96136855552 bytes (96 GB, 90 GiB) copied, 2618 s, 36,7 MB/s
96170835968 bytes (96 GB, 90 GiB) copied, 2619 s, 36,7 MB/s
96205176832 bytes (96 GB, 90 GiB) copied, 2620 s, 36,7 MB/s
96240533504 bytes (96 GB, 90 GiB) copied, 2621 s, 36,7 MB/s
96274743296 bytes (96 GB, 90 GiB) copied, 2622 s, 36,7 MB/s
96308527104 bytes (96 GB, 90 GiB) copied, 2623 s, 36,7 MB/s
96344702976 bytes (96 GB, 90 GiB) copied, 2624 s, 36,7 MB/s
96379240448 bytes (96 GB, 90 GiB) copied, 2625 s, 36,7 MB/s
96413253632 bytes (96 GB, 90 GiB) copied, 2626 s, 36,7 MB/s
96449921024 bytes (96 GB, 90 GiB) copied, 2627 s, 36,7 MB/s
96486686720 bytes (96 GB, 90 GiB) copied, 2628 s, 36,7 MB/s
96520667136 bytes (97 GB, 90 GiB) copied, 2629 s, 36,7 MB/s
96557236224 bytes (97 GB, 90 GiB) copied, 2630 s, 36,7 MB/s
96592068608 bytes (97 GB, 90 GiB) copied, 2631 s, 36,7 MB/s
96626081792 bytes (97 GB, 90 GiB) copied, 2632 s, 36,7 MB/s
96662454272 bytes (97 GB, 90 GiB) copied, 2633 s, 36,7 MB/s
96696631296 bytes (97 GB, 90 GiB) copied, 2634 s, 36,7 MB/s
96730644480 bytes (97 GB, 90 GiB) copied, 2635 s, 36,7 MB/s
96765935616 bytes (97 GB, 90 GiB) copied, 2636 s, 36,7 MB/s
96800440320 bytes (97 GB, 90 GiB) copied, 2637 s, 36,7 MB/s
96835829760 bytes (97 GB, 90 GiB) copied, 2638 s, 36,7 MB/s
96871186432 bytes (97 GB, 90 GiB) copied, 2639 s, 36,7 MB/s
96906870784 bytes (97 GB, 90 GiB) copied, 2640 s, 36,7 MB/s
96940883968 bytes (97 GB, 90 GiB) copied, 2641 s, 36,7 MB/s
96977256448 bytes (97 GB, 90 GiB) copied, 2642 s, 36,7 MB/s
97011236864 bytes (97 GB, 90 GiB) copied, 2643 s, 36,7 MB/s
97045250048 bytes (97 GB, 90 GiB) copied, 2644 s, 36,7 MB/s
97081753600 bytes (97 GB, 90 GiB) copied, 2645 s, 36,7 MB/s
97115963392 bytes (97 GB, 90 GiB) copied, 2646 s, 36,7 MB/s
97149943808 bytes (97 GB, 90 GiB) copied, 2647 s, 36,7 MB/s
97185988608 bytes (97 GB, 91 GiB) copied, 2648 s, 36,7 MB/s
97219936256 bytes (97 GB, 91 GiB) copied, 2649 s, 36,7 MB/s
97254342656 bytes (97 GB, 91 GiB) copied, 2650 s, 36,7 MB/s
97291730944 bytes (97 GB, 91 GiB) copied, 2651 s, 36,7 MB/s
97326727168 bytes (97 GB, 91 GiB) copied, 2652 s, 36,7 MB/s
97360740352 bytes (97 GB, 91 GiB) copied, 2653 s, 36,7 MB/s
97398652928 bytes (97 GB, 91 GiB) copied, 2654 s, 36,7 MB/s
97434501120 bytes (97 GB, 91 GiB) copied, 2655 s, 36,7 MB/s
97468514304 bytes (97 GB, 91 GiB) copied, 2656 s, 36,7 MB/s
97506230272 bytes (98 GB, 91 GiB) copied, 2657 s, 36,7 MB/s
97541259264 bytes (98 GB, 91 GiB) copied, 2658 s, 36,7 MB/s
97575469056 bytes (98 GB, 91 GiB) copied, 2659 s, 36,7 MB/s
97613185024 bytes (98 GB, 91 GiB) copied, 2660 s, 36,7 MB/s
97648017408 bytes (98 GB, 91 GiB) copied, 2661 s, 36,7 MB/s
97681997824 bytes (98 GB, 91 GiB) copied, 2662 s, 36,7 MB/s
97718730752 bytes (98 GB, 91 GiB) copied, 2663 s, 36,7 MB/s
97752383488 bytes (98 GB, 91 GiB) copied, 2664 s, 36,7 MB/s
97787183104 bytes (98 GB, 91 GiB) copied, 2665 s, 36,7 MB/s
97823555584 bytes (98 GB, 91 GiB) copied, 2666 s, 36,7 MB/s
97857634304 bytes (98 GB, 91 GiB) copied, 2667 s, 36,7 MB/s
97893482496 bytes (98 GB, 91 GiB) copied, 2668 s, 36,7 MB/s
97929166848 bytes (98 GB, 91 GiB) copied, 2669 s, 36,7 MB/s
97963147264 bytes (98 GB, 91 GiB) copied, 2670 s, 36,7 MB/s
97998176256 bytes (98 GB, 91 GiB) copied, 2671 s, 36,7 MB/s
98032517120 bytes (98 GB, 91 GiB) copied, 2672 s, 36,7 MB/s
98066497536 bytes (98 GB, 91 GiB) copied, 2673 s, 36,7 MB/s
98103427072 bytes (98 GB, 91 GiB) copied, 2674 s, 36,7 MB/s
98139602944 bytes (98 GB, 91 GiB) copied, 2675 s, 36,7 MB/s
98173943808 bytes (98 GB, 91 GiB) copied, 2676 s, 36,7 MB/s
98209988608 bytes (98 GB, 91 GiB) copied, 2677 s, 36,7 MB/s
98245181440 bytes (98 GB, 91 GiB) copied, 2678 s, 36,7 MB/s
98279325696 bytes (98 GB, 92 GiB) copied, 2679 s, 36,7 MB/s
98316058624 bytes (98 GB, 92 GiB) copied, 2680 s, 36,7 MB/s
98350727168 bytes (98 GB, 92 GiB) copied, 2681 s, 36,7 MB/s
98385952768 bytes (98 GB, 92 GiB) copied, 2682 s, 36,7 MB/s
98422259712 bytes (98 GB, 92 GiB) copied, 2683 s, 36,7 MB/s
98456797184 bytes (98 GB, 92 GiB) copied, 2684 s, 36,7 MB/s
98491465728 bytes (98 GB, 92 GiB) copied, 2685 s, 36,7 MB/s
98529214464 bytes (99 GB, 92 GiB) copied, 2686 s, 36,7 MB/s
98566275072 bytes (99 GB, 92 GiB) copied, 2687 s, 36,7 MB/s
98600452096 bytes (99 GB, 92 GiB) copied, 2688 s, 36,7 MB/s
98636988416 bytes (99 GB, 92 GiB) copied, 2689 s, 36,7 MB/s
98672345088 bytes (99 GB, 92 GiB) copied, 2690 s, 36,7 MB/s
98706325504 bytes (99 GB, 92 GiB) copied, 2691 s, 36,7 MB/s
98743681024 bytes (99 GB, 92 GiB) copied, 2692 s, 36,7 MB/s
98778349568 bytes (99 GB, 92 GiB) copied, 2693 s, 36,7 MB/s
98812067840 bytes (99 GB, 92 GiB) copied, 2694 s, 36,7 MB/s
98849783808 bytes (99 GB, 92 GiB) copied, 2695 s, 36,7 MB/s
98884124672 bytes (99 GB, 92 GiB) copied, 2696 s, 36,7 MB/s
98918137856 bytes (99 GB, 92 GiB) copied, 2697 s, 36,7 MB/s
98956214272 bytes (99 GB, 92 GiB) copied, 2698 s, 36,7 MB/s
98991013888 bytes (99 GB, 92 GiB) copied, 2699 s, 36,7 MB/s
99025027072 bytes (99 GB, 92 GiB) copied, 2700 s, 36,7 MB/s
99060908032 bytes (99 GB, 92 GiB) copied, 2701 s, 36,7 MB/s
99095248896 bytes (99 GB, 92 GiB) copied, 2702 s, 36,7 MB/s
99129262080 bytes (99 GB, 92 GiB) copied, 2703 s, 36,7 MB/s
99164553216 bytes (99 GB, 92 GiB) copied, 2704 s, 36,7 MB/s
99199614976 bytes (99 GB, 92 GiB) copied, 2705 s, 36,7 MB/s
99233955840 bytes (99 GB, 92 GiB) copied, 2706 s, 36,7 MB/s
99269967872 bytes (99 GB, 92 GiB) copied, 2707 s, 36,7 MB/s
99304341504 bytes (99 GB, 92 GiB) copied, 2708 s, 36,7 MB/s
99340713984 bytes (99 GB, 93 GiB) copied, 2709 s, 36,7 MB/s
99376070656 bytes (99 GB, 93 GiB) copied, 2710 s, 36,7 MB/s
99410935808 bytes (99 GB, 93 GiB) copied, 2711 s, 36,7 MB/s
99445014528 bytes (99 GB, 93 GiB) copied, 2712 s, 36,7 MB/s
99480764416 bytes (99 GB, 93 GiB) copied, 2713 s, 36,7 MB/s
99517497344 bytes (100 GB, 93 GiB) copied, 2714 s, 36,7 MB/s
99552165888 bytes (100 GB, 93 GiB) copied, 2715 s, 36,7 MB/s
99587817472 bytes (100 GB, 93 GiB) copied, 2716 s, 36,7 MB/s
99623567360 bytes (100 GB, 93 GiB) copied, 2717 s, 36,7 MB/s
99657547776 bytes (100 GB, 93 GiB) copied, 2718 s, 36,7 MB/s
99693264896 bytes (100 GB, 93 GiB) copied, 2719 s, 36,7 MB/s
99729965056 bytes (100 GB, 93 GiB) copied, 2720 s, 36,7 MB/s
99763814400 bytes (100 GB, 93 GiB) copied, 2721 s, 36,7 MB/s
99798974464 bytes (100 GB, 93 GiB) copied, 2722 s, 36,7 MB/s
99834134528 bytes (100 GB, 93 GiB) copied, 2723 s, 36,7 MB/s
99868114944 bytes (100 GB, 93 GiB) copied, 2724 s, 36,7 MB/s
99904716800 bytes (100 GB, 93 GiB) copied, 2725 s, 36,7 MB/s
99939385344 bytes (100 GB, 93 GiB) copied, 2726 s, 36,7 MB/s
99973398528 bytes (100 GB, 93 GiB) copied, 2727 s, 36,7 MB/s
100009410560 bytes (100 GB, 93 GiB) copied, 2728 s, 36,7 MB/s
100044767232 bytes (100 GB, 93 GiB) copied, 2729 s, 36,7 MB/s
100078780416 bytes (100 GB, 93 GiB) copied, 2730 s, 36,7 MB/s
100115480576 bytes (100 GB, 93 GiB) copied, 2731 s, 36,7 MB/s
100151197696 bytes (100 GB, 93 GiB) copied, 2732 s, 36,7 MB/s
100185178112 bytes (100 GB, 93 GiB) copied, 2733 s, 36,7 MB/s
100221845504 bytes (100 GB, 93 GiB) copied, 2734 s, 36,7 MB/s
100255891456 bytes (100 GB, 93 GiB) copied, 2735 s, 36,7 MB/s
100289904640 bytes (100 GB, 93 GiB) copied, 2736 s, 36,7 MB/s
100324933632 bytes (100 GB, 93 GiB) copied, 2737 s, 36,7 MB/s
100359733248 bytes (100 GB, 93 GiB) copied, 2738 s, 36,7 MB/s
100394598400 bytes (100 GB, 93 GiB) copied, 2739 s, 36,7 MB/s
100429496320 bytes (100 GB, 94 GiB) copied, 2740 s, 36,7 MB/s
100463607808 bytes (100 GB, 94 GiB) copied, 2741 s, 36,7 MB/s
100498636800 bytes (100 GB, 94 GiB) copied, 2742 s, 36,7 MB/s
100535697408 bytes (101 GB, 94 GiB) copied, 2743 s, 36,7 MB/s
100573708288 bytes (101 GB, 94 GiB) copied, 2744 s, 36,7 MB/s
100608770048 bytes (101 GB, 94 GiB) copied, 2745 s, 36,7 MB/s
100645175296 bytes (101 GB, 94 GiB) copied, 2746 s, 36,7 MB/s
100679286784 bytes (101 GB, 94 GiB) copied, 2747 s, 36,7 MB/s
100713463808 bytes (101 GB, 94 GiB) copied, 2748 s, 36,6 MB/s
100749312000 bytes (101 GB, 94 GiB) copied, 2749 s, 36,6 MB/s
100785684480 bytes (101 GB, 94 GiB) copied, 2750 s, 36,6 MB/s
100819894272 bytes (101 GB, 94 GiB) copied, 2751 s, 36,6 MB/s
100856627200 bytes (101 GB, 94 GiB) copied, 2752 s, 36,6 MB/s
100891983872 bytes (101 GB, 94 GiB) copied, 2753 s, 36,6 MB/s
100926324736 bytes (101 GB, 94 GiB) copied, 2754 s, 36,6 MB/s
100962304000 bytes (101 GB, 94 GiB) copied, 2755 s, 36,6 MB/s
100996349952 bytes (101 GB, 94 GiB) copied, 2756 s, 36,6 MB/s
101030330368 bytes (101 GB, 94 GiB) copied, 2757 s, 36,6 MB/s
101067063296 bytes (101 GB, 94 GiB) copied, 2758 s, 36,6 MB/s
101101010944 bytes (101 GB, 94 GiB) copied, 2759 s, 36,6 MB/s
101135056896 bytes (101 GB, 94 GiB) copied, 2760 s, 36,6 MB/s
101172051968 bytes (101 GB, 94 GiB) copied, 2761 s, 36,6 MB/s
101207474176 bytes (101 GB, 94 GiB) copied, 2762 s, 36,6 MB/s
101241585664 bytes (101 GB, 94 GiB) copied, 2763 s, 36,6 MB/s
101279334400 bytes (101 GB, 94 GiB) copied, 2764 s, 36,6 MB/s
101313740800 bytes (101 GB, 94 GiB) copied, 2765 s, 36,6 MB/s
101347721216 bytes (101 GB, 94 GiB) copied, 2766 s, 36,6 MB/s
101384585216 bytes (101 GB, 94 GiB) copied, 2767 s, 36,6 MB/s
101418598400 bytes (101 GB, 94 GiB) copied, 2768 s, 36,6 MB/s
101453266944 bytes (101 GB, 94 GiB) copied, 2769 s, 36,6 MB/s
101487443968 bytes (101 GB, 95 GiB) copied, 2770 s, 36,6 MB/s
101521457152 bytes (102 GB, 95 GiB) copied, 2771 s, 36,6 MB/s
101556617216 bytes (102 GB, 95 GiB) copied, 2772 s, 36,6 MB/s
101594005504 bytes (102 GB, 95 GiB) copied, 2773 s, 36,6 MB/s
101628674048 bytes (102 GB, 95 GiB) copied, 2774 s, 36,6 MB/s
101663014912 bytes (102 GB, 95 GiB) copied, 2775 s, 36,6 MB/s
101701091328 bytes (102 GB, 95 GiB) copied, 2776 s, 36,6 MB/s
101735432192 bytes (102 GB, 95 GiB) copied, 2777 s, 36,6 MB/s
101769773056 bytes (102 GB, 95 GiB) copied, 2778 s, 36,6 MB/s
101807161344 bytes (102 GB, 95 GiB) copied, 2779 s, 36,6 MB/s
101841862656 bytes (102 GB, 95 GiB) copied, 2780 s, 36,6 MB/s
101876170752 bytes (102 GB, 95 GiB) copied, 2781 s, 36,6 MB/s
101912215552 bytes (102 GB, 95 GiB) copied, 2782 s, 36,6 MB/s
101946228736 bytes (102 GB, 95 GiB) copied, 2783 s, 36,6 MB/s
101981913088 bytes (102 GB, 95 GiB) copied, 2784 s, 36,6 MB/s
102015696896 bytes (102 GB, 95 GiB) copied, 2785 s, 36,6 MB/s
102049906688 bytes (102 GB, 95 GiB) copied, 2786 s, 36,6 MB/s
102085132288 bytes (102 GB, 95 GiB) copied, 2787 s, 36,6 MB/s
102122323968 bytes (102 GB, 95 GiB) copied, 2788 s, 36,6 MB/s
102156107776 bytes (102 GB, 95 GiB) copied, 2789 s, 36,6 MB/s
102191333376 bytes (102 GB, 95 GiB) copied, 2790 s, 36,6 MB/s
102226362368 bytes (102 GB, 95 GiB) copied, 2791 s, 36,6 MB/s
102260342784 bytes (102 GB, 95 GiB) copied, 2792 s, 36,6 MB/s
102294978560 bytes (102 GB, 95 GiB) copied, 2793 s, 36,6 MB/s
102330335232 bytes (102 GB, 95 GiB) copied, 2794 s, 36,6 MB/s
102364348416 bytes (102 GB, 95 GiB) copied, 2795 s, 36,6 MB/s
102398853120 bytes (102 GB, 95 GiB) copied, 2796 s, 36,6 MB/s
102433718272 bytes (102 GB, 95 GiB) copied, 2797 s, 36,6 MB/s
102467731456 bytes (102 GB, 95 GiB) copied, 2798 s, 36,6 MB/s
102503907328 bytes (103 GB, 95 GiB) copied, 2799 s, 36,6 MB/s
102537887744 bytes (103 GB, 95 GiB) copied, 2800 s, 36,6 MB/s
102571769856 bytes (103 GB, 96 GiB) copied, 2801 s, 36,6 MB/s
102606438400 bytes (103 GB, 96 GiB) copied, 2802 s, 36,6 MB/s
102644318208 bytes (103 GB, 96 GiB) copied, 2803 s, 36,6 MB/s
102679543808 bytes (103 GB, 96 GiB) copied, 2804 s, 36,6 MB/s
102713491456 bytes (103 GB, 96 GiB) copied, 2805 s, 36,6 MB/s
102750912512 bytes (103 GB, 96 GiB) copied, 2806 s, 36,6 MB/s
102784958464 bytes (103 GB, 96 GiB) copied, 2807 s, 36,6 MB/s
102818906112 bytes (103 GB, 96 GiB) copied, 2808 s, 36,6 MB/s
102855835648 bytes (103 GB, 96 GiB) copied, 2809 s, 36,6 MB/s
102891192320 bytes (103 GB, 96 GiB) copied, 2810 s, 36,6 MB/s
102925664256 bytes (103 GB, 96 GiB) copied, 2811 s, 36,6 MB/s
102961348608 bytes (103 GB, 96 GiB) copied, 2812 s, 36,6 MB/s
102995591168 bytes (103 GB, 96 GiB) copied, 2813 s, 36,6 MB/s
103030161408 bytes (103 GB, 96 GiB) copied, 2814 s, 36,6 MB/s
103066697728 bytes (103 GB, 96 GiB) copied, 2815 s, 36,6 MB/s
103100710912 bytes (103 GB, 96 GiB) copied, 2816 s, 36,6 MB/s
103135412224 bytes (103 GB, 96 GiB) copied, 2817 s, 36,6 MB/s
103171817472 bytes (103 GB, 96 GiB) copied, 2818 s, 36,6 MB/s
103205797888 bytes (103 GB, 96 GiB) copied, 2819 s, 36,6 MB/s
103241187328 bytes (103 GB, 96 GiB) copied, 2820 s, 36,6 MB/s
103277723648 bytes (103 GB, 96 GiB) copied, 2821 s, 36,6 MB/s
103311867904 bytes (103 GB, 96 GiB) copied, 2822 s, 36,6 MB/s
103346208768 bytes (103 GB, 96 GiB) copied, 2823 s, 36,6 MB/s
103381237760 bytes (103 GB, 96 GiB) copied, 2824 s, 36,6 MB/s
103415545856 bytes (103 GB, 96 GiB) copied, 2825 s, 36,6 MB/s
103450378240 bytes (103 GB, 96 GiB) copied, 2826 s, 36,6 MB/s
103487963136 bytes (103 GB, 96 GiB) copied, 2827 s, 36,6 MB/s
103522992128 bytes (104 GB, 96 GiB) copied, 2828 s, 36,6 MB/s
103558021120 bytes (104 GB, 96 GiB) copied, 2829 s, 36,6 MB/s
103592329216 bytes (104 GB, 96 GiB) copied, 2830 s, 36,6 MB/s
103626801152 bytes (104 GB, 97 GiB) copied, 2831 s, 36,6 MB/s
103661010944 bytes (104 GB, 97 GiB) copied, 2832 s, 36,6 MB/s
103697743872 bytes (104 GB, 97 GiB) copied, 2833 s, 36,6 MB/s
103733755904 bytes (104 GB, 97 GiB) copied, 2834 s, 36,6 MB/s
103767769088 bytes (104 GB, 97 GiB) copied, 2835 s, 36,6 MB/s
103804436480 bytes (104 GB, 97 GiB) copied, 2836 s, 36,6 MB/s
103841071104 bytes (104 GB, 97 GiB) copied, 2837 s, 36,6 MB/s
103875182592 bytes (104 GB, 97 GiB) copied, 2838 s, 36,6 MB/s
103911260160 bytes (104 GB, 97 GiB) copied, 2839 s, 36,6 MB/s
103949074432 bytes (104 GB, 97 GiB) copied, 2840 s, 36,6 MB/s
103983874048 bytes (104 GB, 97 GiB) copied, 2841 s, 36,6 MB/s
104019329024 bytes (104 GB, 97 GiB) copied, 2842 s, 36,6 MB/s
104055242752 bytes (104 GB, 97 GiB) copied, 2843 s, 36,6 MB/s
104089387008 bytes (104 GB, 97 GiB) copied, 2844 s, 36,6 MB/s
104126447616 bytes (104 GB, 97 GiB) copied, 2845 s, 36,6 MB/s
104163147776 bytes (104 GB, 97 GiB) copied, 2846 s, 36,6 MB/s
104197292032 bytes (104 GB, 97 GiB) copied, 2847 s, 36,6 MB/s
104234188800 bytes (104 GB, 97 GiB) copied, 2848 s, 36,6 MB/s
104268529664 bytes (104 GB, 97 GiB) copied, 2849 s, 36,6 MB/s
104302542848 bytes (104 GB, 97 GiB) copied, 2850 s, 36,6 MB/s
104340619264 bytes (104 GB, 97 GiB) copied, 2851 s, 36,6 MB/s
104375812096 bytes (104 GB, 97 GiB) copied, 2852 s, 36,6 MB/s
104409825280 bytes (104 GB, 97 GiB) copied, 2853 s, 36,6 MB/s
104447508480 bytes (104 GB, 97 GiB) copied, 2854 s, 36,6 MB/s
104482373632 bytes (104 GB, 97 GiB) copied, 2855 s, 36,6 MB/s
104517042176 bytes (105 GB, 97 GiB) copied, 2856 s, 36,6 MB/s
104554463232 bytes (105 GB, 97 GiB) copied, 2857 s, 36,6 MB/s
104588640256 bytes (105 GB, 97 GiB) copied, 2858 s, 36,6 MB/s
104623472640 bytes (105 GB, 97 GiB) copied, 2859 s, 36,6 MB/s
104659156992 bytes (105 GB, 97 GiB) copied, 2860 s, 36,6 MB/s
104693465088 bytes (105 GB, 98 GiB) copied, 2861 s, 36,6 MB/s
104730558464 bytes (105 GB, 98 GiB) copied, 2862 s, 36,6 MB/s
104767946752 bytes (105 GB, 98 GiB) copied, 2863 s, 36,6 MB/s
104801959936 bytes (105 GB, 98 GiB) copied, 2864 s, 36,6 MB/s
104837251072 bytes (105 GB, 98 GiB) copied, 2865 s, 36,6 MB/s
104874377216 bytes (105 GB, 98 GiB) copied, 2866 s, 36,6 MB/s
104909045760 bytes (105 GB, 98 GiB) copied, 2867 s, 36,6 MB/s
104943026176 bytes (105 GB, 98 GiB) copied, 2868 s, 36,6 MB/s
104980709376 bytes (105 GB, 98 GiB) copied, 2869 s, 36,6 MB/s
105016098816 bytes (105 GB, 98 GiB) copied, 2870 s, 36,6 MB/s
105050144768 bytes (105 GB, 98 GiB) copied, 2871 s, 36,6 MB/s
105087860736 bytes (105 GB, 98 GiB) copied, 2872 s, 36,6 MB/s
105121873920 bytes (105 GB, 98 GiB) copied, 2873 s, 36,6 MB/s
105157591040 bytes (105 GB, 98 GiB) copied, 2874 s, 36,6 MB/s
105194258432 bytes (105 GB, 98 GiB) copied, 2875 s, 36,6 MB/s
105228271616 bytes (105 GB, 98 GiB) copied, 2876 s, 36,6 MB/s
105263955968 bytes (105 GB, 98 GiB) copied, 2877 s, 36,6 MB/s
105300885504 bytes (105 GB, 98 GiB) copied, 2878 s, 36,6 MB/s
105335357440 bytes (105 GB, 98 GiB) copied, 2879 s, 36,6 MB/s
105370091520 bytes (105 GB, 98 GiB) copied, 2880 s, 36,6 MB/s
105406201856 bytes (105 GB, 98 GiB) copied, 2881 s, 36,6 MB/s
105440608256 bytes (105 GB, 98 GiB) copied, 2882 s, 36,6 MB/s
105476456448 bytes (105 GB, 98 GiB) copied, 2883 s, 36,6 MB/s
105514041344 bytes (106 GB, 98 GiB) copied, 2884 s, 36,6 MB/s
105548873728 bytes (106 GB, 98 GiB) copied, 2885 s, 36,6 MB/s
105584918528 bytes (106 GB, 98 GiB) copied, 2886 s, 36,6 MB/s
105621225472 bytes (106 GB, 98 GiB) copied, 2887 s, 36,6 MB/s
105655992320 bytes (106 GB, 98 GiB) copied, 2888 s, 36,6 MB/s
105691021312 bytes (106 GB, 98 GiB) copied, 2889 s, 36,6 MB/s
105726181376 bytes (106 GB, 98 GiB) copied, 2890 s, 36,6 MB/s
105760325632 bytes (106 GB, 98 GiB) copied, 2891 s, 36,6 MB/s
105794994176 bytes (106 GB, 99 GiB) copied, 2892 s, 36,6 MB/s
105833070592 bytes (106 GB, 99 GiB) copied, 2893 s, 36,6 MB/s
105868754944 bytes (106 GB, 99 GiB) copied, 2894 s, 36,6 MB/s
105902768128 bytes (106 GB, 99 GiB) copied, 2895 s, 36,6 MB/s
105938812928 bytes (106 GB, 99 GiB) copied, 2896 s, 36,6 MB/s
105974169600 bytes (106 GB, 99 GiB) copied, 2897 s, 36,6 MB/s
106008150016 bytes (106 GB, 99 GiB) copied, 2898 s, 36,6 MB/s
106044522496 bytes (106 GB, 99 GiB) copied, 2899 s, 36,6 MB/s
106079223808 bytes (106 GB, 99 GiB) copied, 2900 s, 36,6 MB/s
106113204224 bytes (106 GB, 99 GiB) copied, 2901 s, 36,6 MB/s
106149249024 bytes (106 GB, 99 GiB) copied, 2902 s, 36,6 MB/s
106183589888 bytes (106 GB, 99 GiB) copied, 2903 s, 36,6 MB/s
106217570304 bytes (106 GB, 99 GiB) copied, 2904 s, 36,6 MB/s
106254630912 bytes (106 GB, 99 GiB) copied, 2905 s, 36,6 MB/s
106288971776 bytes (106 GB, 99 GiB) copied, 2906 s, 36,6 MB/s
106323083264 bytes (106 GB, 99 GiB) copied, 2907 s, 36,6 MB/s
106359750656 bytes (106 GB, 99 GiB) copied, 2908 s, 36,6 MB/s
106395041792 bytes (106 GB, 99 GiB) copied, 2909 s, 36,6 MB/s
106429710336 bytes (106 GB, 99 GiB) copied, 2910 s, 36,6 MB/s
106466770944 bytes (106 GB, 99 GiB) copied, 2911 s, 36,6 MB/s
106501734400 bytes (107 GB, 99 GiB) copied, 2912 s, 36,6 MB/s
106535780352 bytes (107 GB, 99 GiB) copied, 2913 s, 36,6 MB/s
106572840960 bytes (107 GB, 99 GiB) copied, 2914 s, 36,6 MB/s
106607509504 bytes (107 GB, 99 GiB) copied, 2915 s, 36,6 MB/s
106642210816 bytes (107 GB, 99 GiB) copied, 2916 s, 36,6 MB/s
106679992320 bytes (107 GB, 99 GiB) copied, 2917 s, 36,6 MB/s
106714136576 bytes (107 GB, 99 GiB) copied, 2918 s, 36,6 MB/s
106748280832 bytes (107 GB, 99 GiB) copied, 2919 s, 36,6 MB/s
106783277056 bytes (107 GB, 99 GiB) copied, 2920 s, 36,6 MB/s
106817290240 bytes (107 GB, 99 GiB) copied, 2921 s, 36,6 MB/s
106851270656 bytes (107 GB, 100 GiB) copied, 2922 s, 36,6 MB/s
106889019392 bytes (107 GB, 100 GiB) copied, 2923 s, 36,6 MB/s
106923687936 bytes (107 GB, 100 GiB) copied, 2924 s, 36,6 MB/s
106958159872 bytes (107 GB, 100 GiB) copied, 2925 s, 36,6 MB/s
106994008064 bytes (107 GB, 100 GiB) copied, 2926 s, 36,6 MB/s
107028938752 bytes (107 GB, 100 GiB) copied, 2927 s, 36,6 MB/s
107063083008 bytes (107 GB, 100 GiB) copied, 2928 s, 36,6 MB/s
107099455488 bytes (107 GB, 100 GiB) copied, 2929 s, 36,6 MB/s
107135500288 bytes (107 GB, 100 GiB) copied, 2930 s, 36,6 MB/s
107169480704 bytes (107 GB, 100 GiB) copied, 2931 s, 36,6 MB/s
107204968448 bytes (107 GB, 100 GiB) copied, 2932 s, 36,6 MB/s
107242258432 bytes (107 GB, 100 GiB) copied, 2933 s, 36,6 MB/s
107276533760 bytes (107 GB, 100 GiB) copied, 2934 s, 36,6 MB/s
107312283648 bytes (107 GB, 100 GiB) copied, 2935 s, 36,6 MB/s
107348754432 bytes (107 GB, 100 GiB) copied, 2936 s, 36,6 MB/s
107382636544 bytes (107 GB, 100 GiB) copied, 2937 s, 36,6 MB/s
107418124288 bytes (107 GB, 100 GiB) copied, 2938 s, 36,6 MB/s
107454857216 bytes (107 GB, 100 GiB) copied, 2939 s, 36,6 MB/s
107488706560 bytes (107 GB, 100 GiB) copied, 2940 s, 36,6 MB/s
107524947968 bytes (108 GB, 100 GiB) copied, 2941 s, 36,6 MB/s
107562139648 bytes (108 GB, 100 GiB) copied, 2942 s, 36,6 MB/s
107595792384 bytes (108 GB, 100 GiB) copied, 2943 s, 36,6 MB/s
107632525312 bytes (108 GB, 100 GiB) copied, 2944 s, 36,6 MB/s
107668209664 bytes (108 GB, 100 GiB) copied, 2945 s, 36,6 MB/s
107702910976 bytes (108 GB, 100 GiB) copied, 2946 s, 36,6 MB/s
107739283456 bytes (108 GB, 100 GiB) copied, 2947 s, 36,6 MB/s
107774312448 bytes (108 GB, 100 GiB) copied, 2948 s, 36,6 MB/s
107809996800 bytes (108 GB, 100 GiB) copied, 2949 s, 36,6 MB/s
107846008832 bytes (108 GB, 100 GiB) copied, 2950 s, 36,6 MB/s
107880218624 bytes (108 GB, 100 GiB) copied, 2951 s, 36,6 MB/s
107914395648 bytes (108 GB, 101 GiB) copied, 2952 s, 36,6 MB/s
107952209920 bytes (108 GB, 101 GiB) copied, 2953 s, 36,6 MB/s
107987992576 bytes (108 GB, 101 GiB) copied, 2954 s, 36,6 MB/s
108022136832 bytes (108 GB, 101 GiB) copied, 2955 s, 36,6 MB/s
108060082176 bytes (108 GB, 101 GiB) copied, 2956 s, 36,6 MB/s
108094193664 bytes (108 GB, 101 GiB) copied, 2957 s, 36,6 MB/s
108129222656 bytes (108 GB, 101 GiB) copied, 2958 s, 36,6 MB/s
108166610944 bytes (108 GB, 101 GiB) copied, 2959 s, 36,6 MB/s
108200624128 bytes (108 GB, 101 GiB) copied, 2960 s, 36,6 MB/s
108236505088 bytes (108 GB, 101 GiB) copied, 2961 s, 36,6 MB/s
108274384896 bytes (108 GB, 101 GiB) copied, 2962 s, 36,6 MB/s
108309053440 bytes (108 GB, 101 GiB) copied, 2963 s, 36,6 MB/s
108343721984 bytes (108 GB, 101 GiB) copied, 2964 s, 36,6 MB/s
108381077504 bytes (108 GB, 101 GiB) copied, 2965 s, 36,6 MB/s
108414992384 bytes (108 GB, 101 GiB) copied, 2966 s, 36,6 MB/s
108449792000 bytes (108 GB, 101 GiB) copied, 2967 s, 36,6 MB/s
108484820992 bytes (108 GB, 101 GiB) copied, 2968 s, 36,6 MB/s
108519489536 bytes (109 GB, 101 GiB) copied, 2969 s, 36,6 MB/s
108555337728 bytes (109 GB, 101 GiB) copied, 2970 s, 36,6 MB/s
108592398336 bytes (109 GB, 101 GiB) copied, 2971 s, 36,6 MB/s
108626935808 bytes (109 GB, 101 GiB) copied, 2972 s, 36,6 MB/s
108662259712 bytes (109 GB, 101 GiB) copied, 2973 s, 36,5 MB/s
108697845760 bytes (109 GB, 101 GiB) copied, 2974 s, 36,5 MB/s
108731826176 bytes (109 GB, 101 GiB) copied, 2975 s, 36,5 MB/s
108767543296 bytes (109 GB, 101 GiB) copied, 2976 s, 36,5 MB/s
108801687552 bytes (109 GB, 101 GiB) copied, 2977 s, 36,5 MB/s
108835667968 bytes (109 GB, 101 GiB) copied, 2978 s, 36,5 MB/s
108873056256 bytes (109 GB, 101 GiB) copied, 2979 s, 36,5 MB/s
108907397120 bytes (109 GB, 101 GiB) copied, 2980 s, 36,5 MB/s
108941541376 bytes (109 GB, 101 GiB) copied, 2981 s, 36,5 MB/s
108979486720 bytes (109 GB, 101 GiB) copied, 2982 s, 36,5 MB/s
109015957504 bytes (109 GB, 102 GiB) copied, 2983 s, 36,5 MB/s
109050232832 bytes (109 GB, 102 GiB) copied, 2984 s, 36,5 MB/s
109086703616 bytes (109 GB, 102 GiB) copied, 2985 s, 36,5 MB/s
109123272704 bytes (109 GB, 102 GiB) copied, 2986 s, 36,5 MB/s
109157056512 bytes (109 GB, 102 GiB) copied, 2987 s, 36,5 MB/s
109193658368 bytes (109 GB, 102 GiB) copied, 2988 s, 36,5 MB/s
109228687360 bytes (109 GB, 102 GiB) copied, 2989 s, 36,5 MB/s
109262995456 bytes (109 GB, 102 GiB) copied, 2990 s, 36,5 MB/s
109298352128 bytes (109 GB, 102 GiB) copied, 2991 s, 36,5 MB/s
109332365312 bytes (109 GB, 102 GiB) copied, 2992 s, 36,5 MB/s
109366345728 bytes (109 GB, 102 GiB) copied, 2993 s, 36,5 MB/s
109403766784 bytes (109 GB, 102 GiB) copied, 2994 s, 36,5 MB/s
109439451136 bytes (109 GB, 102 GiB) copied, 2995 s, 36,5 MB/s
109474119680 bytes (109 GB, 102 GiB) copied, 2996 s, 36,5 MB/s
109510492160 bytes (110 GB, 102 GiB) copied, 2997 s, 36,5 MB/s
109545193472 bytes (110 GB, 102 GiB) copied, 2998 s, 36,5 MB/s
109579665408 bytes (110 GB, 102 GiB) copied, 2999 s, 36,5 MB/s
109616562176 bytes (110 GB, 102 GiB) copied, 3000 s, 36,5 MB/s
109650903040 bytes (110 GB, 102 GiB) copied, 3001 s, 36,5 MB/s
109685243904 bytes (110 GB, 102 GiB) copied, 3002 s, 36,5 MB/s
109722140672 bytes (110 GB, 102 GiB) copied, 3003 s, 36,5 MB/s
109757988864 bytes (110 GB, 102 GiB) copied, 3004 s, 36,5 MB/s
109792002048 bytes (110 GB, 102 GiB) copied, 3005 s, 36,5 MB/s
109828374528 bytes (110 GB, 102 GiB) copied, 3006 s, 36,5 MB/s
109863731200 bytes (110 GB, 102 GiB) copied, 3007 s, 36,5 MB/s
109899907072 bytes (110 GB, 102 GiB) copied, 3008 s, 36,5 MB/s
109934116864 bytes (110 GB, 102 GiB) copied, 3009 s, 36,5 MB/s
109968785408 bytes (110 GB, 102 GiB) copied, 3010 s, 36,5 MB/s
110005157888 bytes (110 GB, 102 GiB) copied, 3011 s, 36,5 MB/s
110039498752 bytes (110 GB, 102 GiB) copied, 3012 s, 36,5 MB/s
110075183104 bytes (110 GB, 103 GiB) copied, 3013 s, 36,5 MB/s
110110900224 bytes (110 GB, 103 GiB) copied, 3014 s, 36,5 MB/s
110148911104 bytes (110 GB, 103 GiB) copied, 3015 s, 36,5 MB/s
110184792064 bytes (110 GB, 103 GiB) copied, 3016 s, 36,5 MB/s
110219526144 bytes (110 GB, 103 GiB) copied, 3017 s, 36,5 MB/s
110257405952 bytes (110 GB, 103 GiB) copied, 3018 s, 36,5 MB/s
110293778432 bytes (110 GB, 103 GiB) copied, 3019 s, 36,5 MB/s
110328479744 bytes (110 GB, 103 GiB) copied, 3020 s, 36,5 MB/s
110364033024 bytes (110 GB, 103 GiB) copied, 3021 s, 36,5 MB/s
110398308352 bytes (110 GB, 103 GiB) copied, 3022 s, 36,5 MB/s
110433861632 bytes (110 GB, 103 GiB) copied, 3023 s, 36,5 MB/s
110469906432 bytes (110 GB, 103 GiB) copied, 3024 s, 36,5 MB/s
110503886848 bytes (111 GB, 103 GiB) copied, 3025 s, 36,5 MB/s
110538915840 bytes (111 GB, 103 GiB) copied, 3026 s, 36,5 MB/s
110574600192 bytes (111 GB, 103 GiB) copied, 3027 s, 36,5 MB/s
110608908288 bytes (111 GB, 103 GiB) copied, 3028 s, 36,5 MB/s
110644985856 bytes (111 GB, 103 GiB) copied, 3029 s, 36,5 MB/s
110682374144 bytes (111 GB, 103 GiB) copied, 3030 s, 36,5 MB/s
110716715008 bytes (111 GB, 103 GiB) copied, 3031 s, 36,5 MB/s
110752694272 bytes (111 GB, 103 GiB) copied, 3032 s, 36,5 MB/s
110787461120 bytes (111 GB, 103 GiB) copied, 3033 s, 36,5 MB/s
110821539840 bytes (111 GB, 103 GiB) copied, 3034 s, 36,5 MB/s
110858141696 bytes (111 GB, 103 GiB) copied, 3035 s, 36,5 MB/s
110892810240 bytes (111 GB, 103 GiB) copied, 3036 s, 36,5 MB/s
110927151104 bytes (111 GB, 103 GiB) copied, 3037 s, 36,5 MB/s
110963884032 bytes (111 GB, 103 GiB) copied, 3038 s, 36,5 MB/s
110997864448 bytes (111 GB, 103 GiB) copied, 3039 s, 36,5 MB/s
111032172544 bytes (111 GB, 103 GiB) copied, 3040 s, 36,5 MB/s
111068872704 bytes (111 GB, 103 GiB) copied, 3041 s, 36,5 MB/s
111102885888 bytes (111 GB, 103 GiB) copied, 3042 s, 36,5 MB/s
111136768000 bytes (111 GB, 104 GiB) copied, 3043 s, 36,5 MB/s
111174451200 bytes (111 GB, 104 GiB) copied, 3044 s, 36,5 MB/s
111210528768 bytes (111 GB, 104 GiB) copied, 3045 s, 36,5 MB/s
111245033472 bytes (111 GB, 104 GiB) copied, 3046 s, 36,5 MB/s
111282421760 bytes (111 GB, 104 GiB) copied, 3047 s, 36,5 MB/s
111319121920 bytes (111 GB, 104 GiB) copied, 3048 s, 36,5 MB/s
111353135104 bytes (111 GB, 104 GiB) copied, 3049 s, 36,5 MB/s
111390064640 bytes (111 GB, 104 GiB) copied, 3050 s, 36,5 MB/s
111424536576 bytes (111 GB, 104 GiB) copied, 3051 s, 36,5 MB/s
111459500032 bytes (111 GB, 104 GiB) copied, 3052 s, 36,5 MB/s
111496626176 bytes (111 GB, 104 GiB) copied, 3053 s, 36,5 MB/s
111531261952 bytes (112 GB, 104 GiB) copied, 3054 s, 36,5 MB/s
111564947456 bytes (112 GB, 104 GiB) copied, 3055 s, 36,5 MB/s
111602663424 bytes (112 GB, 104 GiB) copied, 3056 s, 36,5 MB/s
111638020096 bytes (112 GB, 104 GiB) copied, 3057 s, 36,5 MB/s
111672721408 bytes (112 GB, 104 GiB) copied, 3058 s, 36,5 MB/s
111710470144 bytes (112 GB, 104 GiB) copied, 3059 s, 36,5 MB/s
111744450560 bytes (112 GB, 104 GiB) copied, 3060 s, 36,5 MB/s
111779643392 bytes (112 GB, 104 GiB) copied, 3061 s, 36,5 MB/s
111816507392 bytes (112 GB, 104 GiB) copied, 3062 s, 36,5 MB/s
111850848256 bytes (112 GB, 104 GiB) copied, 3063 s, 36,5 MB/s
111885877248 bytes (112 GB, 104 GiB) copied, 3064 s, 36,5 MB/s
111922085888 bytes (112 GB, 104 GiB) copied, 3065 s, 36,5 MB/s
111956197376 bytes (112 GB, 104 GiB) copied, 3066 s, 36,5 MB/s
111991586816 bytes (112 GB, 104 GiB) copied, 3067 s, 36,5 MB/s
112025600000 bytes (112 GB, 104 GiB) copied, 3068 s, 36,5 MB/s
112060825600 bytes (112 GB, 104 GiB) copied, 3069 s, 36,5 MB/s
112094937088 bytes (112 GB, 104 GiB) copied, 3070 s, 36,5 MB/s
112129966080 bytes (112 GB, 104 GiB) copied, 3071 s, 36,5 MB/s
112164405248 bytes (112 GB, 104 GiB) copied, 3072 s, 36,5 MB/s
112201236480 bytes (112 GB, 104 GiB) copied, 3073 s, 36,5 MB/s
112237936640 bytes (112 GB, 105 GiB) copied, 3074 s, 36,5 MB/s
112272703488 bytes (112 GB, 105 GiB) copied, 3075 s, 36,5 MB/s
112309239808 bytes (112 GB, 105 GiB) copied, 3076 s, 36,5 MB/s
112343810048 bytes (112 GB, 105 GiB) copied, 3077 s, 36,5 MB/s
112377790464 bytes (112 GB, 105 GiB) copied, 3078 s, 36,5 MB/s
112414851072 bytes (112 GB, 105 GiB) copied, 3079 s, 36,5 MB/s
112451584000 bytes (112 GB, 105 GiB) copied, 3080 s, 36,5 MB/s
112485892096 bytes (112 GB, 105 GiB) copied, 3081 s, 36,5 MB/s
112522625024 bytes (113 GB, 105 GiB) copied, 3082 s, 36,5 MB/s
112557981696 bytes (113 GB, 105 GiB) copied, 3083 s, 36,5 MB/s
112591962112 bytes (113 GB, 105 GiB) copied, 3084 s, 36,5 MB/s
112628498432 bytes (113 GB, 105 GiB) copied, 3085 s, 36,5 MB/s
112664510464 bytes (113 GB, 105 GiB) copied, 3086 s, 36,5 MB/s
112698392576 bytes (113 GB, 105 GiB) copied, 3087 s, 36,5 MB/s
112735223808 bytes (113 GB, 105 GiB) copied, 3088 s, 36,5 MB/s
112771334144 bytes (113 GB, 105 GiB) copied, 3089 s, 36,5 MB/s
112805478400 bytes (113 GB, 105 GiB) copied, 3090 s, 36,5 MB/s
112841850880 bytes (113 GB, 105 GiB) copied, 3091 s, 36,5 MB/s
112875864064 bytes (113 GB, 105 GiB) copied, 3092 s, 36,5 MB/s
112909844480 bytes (113 GB, 105 GiB) copied, 3093 s, 36,5 MB/s
112947593216 bytes (113 GB, 105 GiB) copied, 3094 s, 36,5 MB/s
112983965696 bytes (113 GB, 105 GiB) copied, 3095 s, 36,5 MB/s
113017946112 bytes (113 GB, 105 GiB) copied, 3096 s, 36,5 MB/s
113054318592 bytes (113 GB, 105 GiB) copied, 3097 s, 36,5 MB/s
113088331776 bytes (113 GB, 105 GiB) copied, 3098 s, 36,5 MB/s
113123688448 bytes (113 GB, 105 GiB) copied, 3099 s, 36,5 MB/s
113158324224 bytes (113 GB, 105 GiB) copied, 3100 s, 36,5 MB/s
113192304640 bytes (113 GB, 105 GiB) copied, 3101 s, 36,5 MB/s
113230053376 bytes (113 GB, 105 GiB) copied, 3102 s, 36,5 MB/s
113267834880 bytes (113 GB, 105 GiB) copied, 3103 s, 36,5 MB/s
113302503424 bytes (113 GB, 106 GiB) copied, 3104 s, 36,5 MB/s
113336844288 bytes (113 GB, 106 GiB) copied, 3105 s, 36,5 MB/s
113374593024 bytes (113 GB, 106 GiB) copied, 3106 s, 36,5 MB/s
113409064960 bytes (113 GB, 106 GiB) copied, 3107 s, 36,5 MB/s
113443241984 bytes (113 GB, 106 GiB) copied, 3108 s, 36,5 MB/s
113479647232 bytes (113 GB, 106 GiB) copied, 3109 s, 36,5 MB/s
113514774528 bytes (114 GB, 106 GiB) copied, 3110 s, 36,5 MB/s
113548984320 bytes (114 GB, 106 GiB) copied, 3111 s, 36,5 MB/s
113584668672 bytes (114 GB, 106 GiB) copied, 3112 s, 36,5 MB/s
113618812928 bytes (114 GB, 106 GiB) copied, 3113 s, 36,5 MB/s
113652891648 bytes (114 GB, 106 GiB) copied, 3114 s, 36,5 MB/s
113690607616 bytes (114 GB, 106 GiB) copied, 3115 s, 36,5 MB/s
113725767680 bytes (114 GB, 106 GiB) copied, 3116 s, 36,5 MB/s
113760436224 bytes (114 GB, 106 GiB) copied, 3117 s, 36,5 MB/s
113796874240 bytes (114 GB, 106 GiB) copied, 3118 s, 36,5 MB/s
113830887424 bytes (114 GB, 106 GiB) copied, 3119 s, 36,5 MB/s
113866178560 bytes (114 GB, 106 GiB) copied, 3120 s, 36,5 MB/s
113903927296 bytes (114 GB, 106 GiB) copied, 3121 s, 36,5 MB/s
113938792448 bytes (114 GB, 106 GiB) copied, 3122 s, 36,5 MB/s
113973592064 bytes (114 GB, 106 GiB) copied, 3123 s, 36,5 MB/s
114011373568 bytes (114 GB, 106 GiB) copied, 3124 s, 36,5 MB/s
114046009344 bytes (114 GB, 106 GiB) copied, 3125 s, 36,5 MB/s
114080350208 bytes (114 GB, 106 GiB) copied, 3126 s, 36,5 MB/s
114117541888 bytes (114 GB, 106 GiB) copied, 3127 s, 36,5 MB/s
114152439808 bytes (114 GB, 106 GiB) copied, 3128 s, 36,5 MB/s
114186420224 bytes (114 GB, 106 GiB) copied, 3129 s, 36,5 MB/s
114221776896 bytes (114 GB, 106 GiB) copied, 3130 s, 36,5 MB/s
114256117760 bytes (114 GB, 106 GiB) copied, 3131 s, 36,5 MB/s
114291146752 bytes (114 GB, 106 GiB) copied, 3132 s, 36,5 MB/s
114327519232 bytes (114 GB, 106 GiB) copied, 3133 s, 36,5 MB/s
114365038592 bytes (114 GB, 107 GiB) copied, 3134 s, 36,5 MB/s
114399576064 bytes (114 GB, 107 GiB) copied, 3135 s, 36,5 MB/s
114435162112 bytes (114 GB, 107 GiB) copied, 3136 s, 36,5 MB/s
114470158336 bytes (114 GB, 107 GiB) copied, 3137 s, 36,5 MB/s
114504630272 bytes (115 GB, 107 GiB) copied, 3138 s, 36,5 MB/s
114540904448 bytes (115 GB, 107 GiB) copied, 3139 s, 36,5 MB/s
114576654336 bytes (115 GB, 107 GiB) copied, 3140 s, 36,5 MB/s
114610667520 bytes (115 GB, 107 GiB) copied, 3141 s, 36,5 MB/s
114647203840 bytes (115 GB, 107 GiB) copied, 3142 s, 36,5 MB/s
114682789888 bytes (115 GB, 107 GiB) copied, 3143 s, 36,5 MB/s
114716770304 bytes (115 GB, 107 GiB) copied, 3144 s, 36,5 MB/s
114754519040 bytes (115 GB, 107 GiB) copied, 3145 s, 36,5 MB/s
114788728832 bytes (115 GB, 107 GiB) copied, 3146 s, 36,5 MB/s
114822512640 bytes (115 GB, 107 GiB) copied, 3147 s, 36,5 MB/s
114860228608 bytes (115 GB, 107 GiB) copied, 3148 s, 36,5 MB/s
114894569472 bytes (115 GB, 107 GiB) copied, 3149 s, 36,5 MB/s
114928582656 bytes (115 GB, 107 GiB) copied, 3150 s, 36,5 MB/s
114965643264 bytes (115 GB, 107 GiB) copied, 3151 s, 36,5 MB/s
114999984128 bytes (115 GB, 107 GiB) copied, 3152 s, 36,5 MB/s
115033964544 bytes (115 GB, 107 GiB) copied, 3153 s, 36,5 MB/s
115071713280 bytes (115 GB, 107 GiB) copied, 3154 s, 36,5 MB/s
115105824768 bytes (115 GB, 107 GiB) copied, 3155 s, 36,5 MB/s
115140722688 bytes (115 GB, 107 GiB) copied, 3156 s, 36,5 MB/s
115177422848 bytes (115 GB, 107 GiB) copied, 3157 s, 36,5 MB/s
115211206656 bytes (115 GB, 107 GiB) copied, 3158 s, 36,5 MB/s
115245973504 bytes (115 GB, 107 GiB) copied, 3159 s, 36,5 MB/s
115280117760 bytes (115 GB, 107 GiB) copied, 3160 s, 36,5 MB/s
115314130944 bytes (115 GB, 107 GiB) copied, 3161 s, 36,5 MB/s
115351846912 bytes (115 GB, 107 GiB) copied, 3162 s, 36,5 MB/s
115389562880 bytes (115 GB, 107 GiB) copied, 3163 s, 36,5 MB/s
115425935360 bytes (115 GB, 107 GiB) copied, 3164 s, 36,5 MB/s
115459981312 bytes (115 GB, 108 GiB) copied, 3165 s, 36,5 MB/s
115493928960 bytes (115 GB, 108 GiB) copied, 3166 s, 36,5 MB/s
115530334208 bytes (116 GB, 108 GiB) copied, 3167 s, 36,5 MB/s
115564118016 bytes (116 GB, 108 GiB) copied, 3168 s, 36,5 MB/s
115598983168 bytes (116 GB, 108 GiB) copied, 3169 s, 36,5 MB/s
115634700288 bytes (116 GB, 108 GiB) copied, 3170 s, 36,5 MB/s
115668680704 bytes (116 GB, 108 GiB) copied, 3171 s, 36,5 MB/s
115704037376 bytes (116 GB, 108 GiB) copied, 3172 s, 36,5 MB/s
115740770304 bytes (116 GB, 108 GiB) copied, 3173 s, 36,5 MB/s
115774750720 bytes (116 GB, 108 GiB) copied, 3174 s, 36,5 MB/s
115809779712 bytes (116 GB, 108 GiB) copied, 3175 s, 36,5 MB/s
115845824512 bytes (116 GB, 108 GiB) copied, 3176 s, 36,5 MB/s
115879804928 bytes (116 GB, 108 GiB) copied, 3177 s, 36,5 MB/s
115913818112 bytes (116 GB, 108 GiB) copied, 3178 s, 36,5 MB/s
115951206400 bytes (116 GB, 108 GiB) copied, 3179 s, 36,5 MB/s
115985186816 bytes (116 GB, 108 GiB) copied, 3180 s, 36,5 MB/s
116020543488 bytes (116 GB, 108 GiB) copied, 3181 s, 36,5 MB/s
116056555520 bytes (116 GB, 108 GiB) copied, 3182 s, 36,5 MB/s
116090601472 bytes (116 GB, 108 GiB) copied, 3183 s, 36,5 MB/s
116125597696 bytes (116 GB, 108 GiB) copied, 3184 s, 36,5 MB/s
116162691072 bytes (116 GB, 108 GiB) copied, 3185 s, 36,5 MB/s
116197294080 bytes (116 GB, 108 GiB) copied, 3186 s, 36,5 MB/s
116232028160 bytes (116 GB, 108 GiB) copied, 3187 s, 36,5 MB/s
116266532864 bytes (116 GB, 108 GiB) copied, 3188 s, 36,5 MB/s
116300546048 bytes (116 GB, 108 GiB) copied, 3189 s, 36,5 MB/s
116337737728 bytes (116 GB, 108 GiB) copied, 3190 s, 36,5 MB/s
116372078592 bytes (116 GB, 108 GiB) copied, 3191 s, 36,5 MB/s
116406878208 bytes (116 GB, 108 GiB) copied, 3192 s, 36,5 MB/s
116443119616 bytes (116 GB, 108 GiB) copied, 3193 s, 36,5 MB/s
116480868352 bytes (116 GB, 108 GiB) copied, 3194 s, 36,5 MB/s
116515733504 bytes (117 GB, 109 GiB) copied, 3195 s, 36,5 MB/s
116551385088 bytes (117 GB, 109 GiB) copied, 3196 s, 36,5 MB/s
116586119168 bytes (117 GB, 109 GiB) copied, 3197 s, 36,5 MB/s
116620263424 bytes (117 GB, 109 GiB) copied, 3198 s, 36,5 MB/s
116657946624 bytes (117 GB, 109 GiB) copied, 3199 s, 36,5 MB/s
116692189184 bytes (117 GB, 109 GiB) copied, 3200 s, 36,5 MB/s
116727021568 bytes (117 GB, 109 GiB) copied, 3201 s, 36,5 MB/s
116762902528 bytes (117 GB, 109 GiB) copied, 3202 s, 36,5 MB/s
116796882944 bytes (117 GB, 109 GiB) copied, 3203 s, 36,5 MB/s
116830896128 bytes (117 GB, 109 GiB) copied, 3204 s, 36,5 MB/s
116867072000 bytes (117 GB, 109 GiB) copied, 3205 s, 36,5 MB/s
116903116800 bytes (117 GB, 109 GiB) copied, 3206 s, 36,5 MB/s
116937097216 bytes (117 GB, 109 GiB) copied, 3207 s, 36,5 MB/s
116972945408 bytes (117 GB, 109 GiB) copied, 3208 s, 36,5 MB/s
117007286272 bytes (117 GB, 109 GiB) copied, 3209 s, 36,5 MB/s
117041266688 bytes (117 GB, 109 GiB) copied, 3210 s, 36,5 MB/s
117076492288 bytes (117 GB, 109 GiB) copied, 3211 s, 36,5 MB/s
117110505472 bytes (117 GB, 109 GiB) copied, 3212 s, 36,5 MB/s
117144485888 bytes (117 GB, 109 GiB) copied, 3213 s, 36,5 MB/s
117179842560 bytes (117 GB, 109 GiB) copied, 3214 s, 36,5 MB/s
117214511104 bytes (117 GB, 109 GiB) copied, 3215 s, 36,5 MB/s
117248655360 bytes (117 GB, 109 GiB) copied, 3216 s, 36,5 MB/s
117284896768 bytes (117 GB, 109 GiB) copied, 3217 s, 36,5 MB/s
117318877184 bytes (117 GB, 109 GiB) copied, 3218 s, 36,5 MB/s
117353578496 bytes (117 GB, 109 GiB) copied, 3219 s, 36,5 MB/s
117389950976 bytes (117 GB, 109 GiB) copied, 3220 s, 36,5 MB/s
117423931392 bytes (117 GB, 109 GiB) copied, 3221 s, 36,5 MB/s
117459288064 bytes (117 GB, 109 GiB) copied, 3222 s, 36,5 MB/s
117495660544 bytes (117 GB, 109 GiB) copied, 3223 s, 36,5 MB/s
117529673728 bytes (118 GB, 109 GiB) copied, 3224 s, 36,5 MB/s
117564342272 bytes (118 GB, 109 GiB) copied, 3225 s, 36,5 MB/s
117602418688 bytes (118 GB, 110 GiB) copied, 3226 s, 36,5 MB/s
117637906432 bytes (118 GB, 110 GiB) copied, 3227 s, 36,5 MB/s
117672116224 bytes (118 GB, 110 GiB) copied, 3228 s, 36,5 MB/s
117708488704 bytes (118 GB, 110 GiB) copied, 3229 s, 36,5 MB/s
117742796800 bytes (118 GB, 110 GiB) copied, 3230 s, 36,5 MB/s
117777170432 bytes (118 GB, 110 GiB) copied, 3231 s, 36,5 MB/s
117814558720 bytes (118 GB, 110 GiB) copied, 3232 s, 36,5 MB/s
117848408064 bytes (118 GB, 110 GiB) copied, 3233 s, 36,5 MB/s
117883863040 bytes (118 GB, 110 GiB) copied, 3234 s, 36,5 MB/s
117921316864 bytes (118 GB, 110 GiB) copied, 3235 s, 36,5 MB/s
117955166208 bytes (118 GB, 110 GiB) copied, 3236 s, 36,5 MB/s
117990326272 bytes (118 GB, 110 GiB) copied, 3237 s, 36,5 MB/s
118026010624 bytes (118 GB, 110 GiB) copied, 3238 s, 36,5 MB/s
118060023808 bytes (118 GB, 110 GiB) copied, 3239 s, 36,4 MB/s
118094364672 bytes (118 GB, 110 GiB) copied, 3240 s, 36,4 MB/s
118131359744 bytes (118 GB, 110 GiB) copied, 3241 s, 36,4 MB/s
118165372928 bytes (118 GB, 110 GiB) copied, 3242 s, 36,4 MB/s
118199418880 bytes (118 GB, 110 GiB) copied, 3243 s, 36,4 MB/s
118237134848 bytes (118 GB, 110 GiB) copied, 3244 s, 36,4 MB/s
118271148032 bytes (118 GB, 110 GiB) copied, 3245 s, 36,4 MB/s
118305783808 bytes (118 GB, 110 GiB) copied, 3246 s, 36,4 MB/s
118341468160 bytes (118 GB, 110 GiB) copied, 3247 s, 36,4 MB/s
118375481344 bytes (118 GB, 110 GiB) copied, 3248 s, 36,4 MB/s
118409494528 bytes (118 GB, 110 GiB) copied, 3249 s, 36,4 MB/s
118443835392 bytes (118 GB, 110 GiB) copied, 3250 s, 36,4 MB/s
118477783040 bytes (118 GB, 110 GiB) copied, 3251 s, 36,4 MB/s
118515531776 bytes (119 GB, 110 GiB) copied, 3252 s, 36,4 MB/s
118552297472 bytes (119 GB, 110 GiB) copied, 3253 s, 36,4 MB/s
118586966016 bytes (119 GB, 110 GiB) copied, 3254 s, 36,4 MB/s
118622355456 bytes (119 GB, 110 GiB) copied, 3255 s, 36,4 MB/s
118656991232 bytes (119 GB, 111 GiB) copied, 3256 s, 36,4 MB/s
118691004416 bytes (119 GB, 111 GiB) copied, 3257 s, 36,4 MB/s
118727704576 bytes (119 GB, 111 GiB) copied, 3258 s, 36,4 MB/s
118763552768 bytes (119 GB, 111 GiB) copied, 3259 s, 36,4 MB/s
118797533184 bytes (119 GB, 111 GiB) copied, 3260 s, 36,4 MB/s
118832431104 bytes (119 GB, 111 GiB) copied, 3261 s, 36,4 MB/s
118867787776 bytes (119 GB, 111 GiB) copied, 3262 s, 36,4 MB/s
118901571584 bytes (119 GB, 111 GiB) copied, 3263 s, 36,4 MB/s
118937616384 bytes (119 GB, 111 GiB) copied, 3264 s, 36,4 MB/s
118971760640 bytes (119 GB, 111 GiB) copied, 3265 s, 36,4 MB/s
119005806592 bytes (119 GB, 111 GiB) copied, 3266 s, 36,4 MB/s
119042998272 bytes (119 GB, 111 GiB) copied, 3267 s, 36,4 MB/s
119078223872 bytes (119 GB, 111 GiB) copied, 3268 s, 36,4 MB/s
119113252864 bytes (119 GB, 111 GiB) copied, 3269 s, 36,4 MB/s
119148445696 bytes (119 GB, 111 GiB) copied, 3270 s, 36,4 MB/s
119185866752 bytes (119 GB, 111 GiB) copied, 3271 s, 36,4 MB/s
119219847168 bytes (119 GB, 111 GiB) copied, 3272 s, 36,4 MB/s
119255465984 bytes (119 GB, 111 GiB) copied, 3273 s, 36,4 MB/s
119290494976 bytes (119 GB, 111 GiB) copied, 3274 s, 36,4 MB/s
119324377088 bytes (119 GB, 111 GiB) copied, 3275 s, 36,4 MB/s
119360749568 bytes (119 GB, 111 GiB) copied, 3276 s, 36,4 MB/s
119395090432 bytes (119 GB, 111 GiB) copied, 3277 s, 36,4 MB/s
119429857280 bytes (119 GB, 111 GiB) copied, 3278 s, 36,4 MB/s
119466262528 bytes (119 GB, 111 GiB) copied, 3279 s, 36,4 MB/s
119500472320 bytes (120 GB, 111 GiB) copied, 3280 s, 36,4 MB/s
119534452736 bytes (120 GB, 111 GiB) copied, 3281 s, 36,4 MB/s
119572168704 bytes (120 GB, 111 GiB) copied, 3282 s, 36,4 MB/s
119608442880 bytes (120 GB, 111 GiB) copied, 3283 s, 36,4 MB/s
119642226688 bytes (120 GB, 111 GiB) copied, 3284 s, 36,4 MB/s
119679746048 bytes (120 GB, 111 GiB) copied, 3285 s, 36,4 MB/s
119714611200 bytes (120 GB, 111 GiB) copied, 3286 s, 36,4 MB/s
119748657152 bytes (120 GB, 112 GiB) copied, 3287 s, 36,4 MB/s
119785684992 bytes (120 GB, 112 GiB) copied, 3288 s, 36,4 MB/s
119821041664 bytes (120 GB, 112 GiB) copied, 3289 s, 36,4 MB/s
119855611904 bytes (120 GB, 112 GiB) copied, 3290 s, 36,4 MB/s
119893131264 bytes (120 GB, 112 GiB) copied, 3291 s, 36,4 MB/s
119927111680 bytes (120 GB, 112 GiB) copied, 3292 s, 36,4 MB/s
119961124864 bytes (120 GB, 112 GiB) copied, 3293 s, 36,4 MB/s
119998873600 bytes (120 GB, 112 GiB) copied, 3294 s, 36,4 MB/s
120033869824 bytes (120 GB, 112 GiB) copied, 3295 s, 36,4 MB/s
0+3436548 records in
0+3436548 records out
120036786176 bytes (120 GB, 112 GiB) copied, 3370,69 s, 35,6 MB/s
Verification successful. PSBBN image installed successfully.

What size would you like the "Music" partition to be?
Minimum 10 GB, Maximum 40 GB

You have selected 20 GB for the "Music" partition.

What size would you like the "POPS" partition to be?
The "POPS" partition is where PS1 games are stored.
Minimum 10 GB, Maximum 73 GB
Minimum 10 GB, Maximum 73 GB

You have selected 20 GB for the "POPS" partition.
This will allow for 525 games in the PSBBN Game Channel.
If you require more games, reduce the size of your Music/POPS partitions.
pfsshell for POSIX systems
https://github.com/ps2homebrew/pfsshell

This program uses pfs, apa, iomanX, 
code from ps2sdk (https://github.com/ps2dev/ps2sdk)

Type "help" for a list of commands.

> # # # # hdd: PS2 APA Driver v2.5 (c) 2003 Vector
hdd: max open = 1, 3 buffers
hdd: 17:30:51 02/12/2025
hdd: disk0: 0x1749e96e sectors, max 0x00800000
hdd: checking log...
hdd: drive status 0, format version 00000002
hdd: version 0000 driver start.
pfs Playstation Filesystem Driver v2.2
ps2fs: (c) 2003 Sjeep, Vector and Florin Sasu
pfs Max mount: 1, Max open: 1, Number of buffers: 10
pfs version 0000 driver start.
Main partition of 4G created.
Sub partition of 4G created.
Sub partition of 4G created.
Sub partition of 4G created.
Sub partition of 2G created.
Main partition of 4G created.
Sub partition of 4G created.
Sub partition of 4G created.
Sub partition of 4G created.
Sub partition of 4G created.
pfs: Format: log.number = 8336, log.count = 16
pfs: Format sub: sub = 0, sector start = 8208, sector end = 8335
pfs: Format sub: sub = 1, sector start = 16, sector end = 143
pfs: Format sub: sub = 2, sector start = 16, sector end = 143
pfs: Format sub: sub = 3, sector start = 16, sector end = 143
pfs: Format sub: sub = 4, sector start = 16, sector end = 143
Main partition of 128M created.
pfs: Format: log.number = 8224, log.count = 16
pfs: Format sub: sub = 0, sector start = 8208, sector end = 8211
pfsshell for POSIX systems
https://github.com/ps2homebrew/pfsshell

This program uses pfs, apa, iomanX, 
code from ps2sdk (https://github.com/ps2dev/ps2sdk)

Type "help" for a list of commands.

> # (!) Exit code is -1.
# (!) Exit code is -1.
# (!) Exit code is -1.
# hdd: PS2 APA Driver v2.5 (c) 2003 Vector
hdd: max open = 1, 3 buffers
hdd: 17:30:52 02/12/2025
hdd: disk0: 0x1749e96e sectors, max 0x00800000
hdd: checking log...
hdd: drive status 0, format version 00000002
hdd: version 0000 driver start.
pfs Playstation Filesystem Driver v2.2
ps2fs: (c) 2003 Sjeep, Vector and Florin Sasu
pfs Max mount: 1, Max open: 1, Number of buffers: 10
pfs version 0000 driver start.
__linux.8: partition already exists.
__.POPS: partition already exists.
+OPL: partition already exists.

Installing POPS and OPL...
pfsshell for POSIX systems
https://github.com/ps2homebrew/pfsshell

This program uses pfs, apa, iomanX, 
code from ps2sdk (https://github.com/ps2dev/ps2sdk)

Type "help" for a list of commands.

> # +OPL:/# +OPL:/# # __common:/# __common:/# __common:/POPS# __common:/POPS# __common:/POPS# __common:/POPS# __common:/POPS# __common:/POPS# __common:/POPS# __common:/# # hdd: PS2 APA Driver v2.5 (c) 2003 Vector
hdd: max open = 1, 3 buffers
hdd: 17:30:53 02/12/2025
hdd: disk0: 0x1749e96e sectors, max 0x00800000
hdd: checking log...
hdd: drive status 0, format version 00000002
hdd: version 0000 driver start.
pfs Playstation Filesystem Driver v2.2
ps2fs: (c) 2003 Sjeep, Vector and Florin Sasu
pfs Max mount: 1, Max open: 1, Number of buffers: 10
pfs version 0000 driver start.

Running APA-Jail by Berion...
1+0 records in
1+0 records out
8 bytes copied, 0,193989 s, 0,0 kB/s
Checking that no-one is using this disk right now ... OK

Disk /dev/sde: 186,31 GiB, 200048565760 bytes, 390719855 sectors
Disk model: SP2014N         
Units: sectors of 1 * 512 = 512 bytes
Sector size (logical/physical): 512 bytes / 512 bytes
I/O size (minimum/optimal): 512 bytes / 512 bytes

>>> Created a new DOS (MBR) disklabel with disk identifier 0x3dfdd79b.
/dev/sde1: Created a new partition 1 of type 'Hidden HPFS/NTFS' and of size 128 GiB.
/dev/sde2: Created a new partition 2 of type 'Hidden HPFS/NTFS' and of size 32 MiB.
Partition #2 contains a ext2 signature.
/dev/sde3: Created a new partition 3 of type 'HPFS/NTFS/exFAT' and of size 58,3 GiB.
Partition #3 contains a exfat signature.
/dev/sde4: Done.

New situation:
Disklabel type: dos
Disk identifier: 0x3dfdd79b

Device     Boot     Start       End   Sectors  Size Id Type
/dev/sde1            2048 268437503 268435456  128G 17 Hidden HPFS/NTFS
/dev/sde2       268437504 268503039     65536   32M 17 Hidden HPFS/NTFS
/dev/sde3       268503040 390719854 122216815 58,3G  7 HPFS/NTFS/exFAT

The partition table has been altered.
Calling ioctl() to re-read partition table.
Syncing disks.
mke2fs 1.47.0 (5-Feb-2023)
Creating filesystem with 8192 4k blocks and 8192 inodes

Allocating group tables: 0/1   done                            
Writing inode tables: 0/1   done                            
Writing superblocks and filesystem accounting information: 0/1   done

exfatprogs version : 1.2.2
Creating exFAT filesystem(/dev/sde3, cluster size=32768)

Writing volume boot record: done
Writing backup volume boot record: done
Fat table creation: done
Allocation bitmap creation: done
Upcase table creation: done
Writing root directory entry: done
Synchronizing...

exFAT format complete!
1+0 records in
1+0 records out
33+0 records in
33+0 records out
2+0 records in
2+0 records out
1024 bytes (1,0 kB, 1,0 KiB) copied, 5,471e-05 s, 18,7 MB/s
0+1 records in
0+1 records out
4 bytes copied, 5,6843e-05 s, 70,4 kB/s
POPS, Music and +OPL partitions were created successfully.
type   start     #parts size name
0x0001 00000000.:  1   128MB __mbr
0x0100 00040000.:  1   128MB __net
0x0100 00080000.:  1   256MB __system
0x0100 00100000.:  1   512MB __sysconf
0x0100 00200000.:  1  1024MB __common
0x0100 00400000.:  5  5120MB __contents
0x0088 00e00000.:  1   512MB __linux.4
0x0088 00f00000.:  1   512MB __linux.5
0x0088 01000000.:  1   128MB __linux.6
0x0082 01040000.:  1   128MB __linux.2
0x0088 01080000.:  1   256MB __linux.7
0x0088 01100000.:  1   512MB __linux.1
0x0088 01400000.:  2  3072MB __linux.9
0x0100 01800000.:  1   128MB PP.DISC
0x0100 01840000.:  1   128MB PP.WLE
0x0100 01880000.:  1   128MB PP.OPL
0x0100 01900000.*  1   128MB +OPL
0x0088 01c00000.:  2  3072MB __linux.3
0x0088 02000000.:  5 18432MB __linux.8
0x0100 04800000.*  5 20480MB __.POPS
Total slice size: 190781MB, used: 54784MB, available: 135936MB

PSBBN successfully installed.
########################################################################################################
czw, 13 lut 2025, 05:31:05 CET

Path set to: /home/dawid/PSBBN-Definitive-English-Patch
Helper files found.
The repository is up to date.

MODEL                       NAME          SIZE LABEL MOUNTPOINT
SanDisk X400 M.2 2280 128GB /dev/sda    119,2G       
                            ├─/dev/sda1    16M       
                            ├─/dev/sda2   540M       
                            ├─/dev/sda3   100M       
                            ├─/dev/sda4 117,8G       
                            └─/dev/sda5   854M       
LITEONIT LCT-512M3S         /dev/sdb    476,9G       
                            ├─/dev/sdb1    16M       
                            ├─/dev/sdb2   540M       
                            ├─/dev/sdb3   100M       /boot/efi
                            ├─/dev/sdb4 475,7G       
                            └─/dev/sdb5   533M       
Expansion                   /dev/sdc      1,4T       
                            └─/dev/sdc1   1,4T Retro /media/dawid/Retro
ST2000LV000-2G2174          /dev/sdd      1,8T       
                            └─/dev/sdd1   1,8T 2TB   /media/dawid/2TB
TOSHIBA MQ01ABD050          /dev/sde    465,8G       
                            ├─/dev/sde1   512M       
                            └─/dev/sde2 465,3G       /

Are you sure you want to write to /dev/sdd?

Unmounting /media/dawid/2TB...
Successfully unmounted /media/dawid/2TB.

Checking for latest version of the PSBBN Definitive English patch...
--2025-02-13 05:32:42--  https://archive.org/download/psbbn-definitive-english-patch-v2
Resolving archive.org (archive.org)... 207.241.224.2
Connecting to archive.org (archive.org)|207.241.224.2|:443... connected.
HTTP request sent, awaiting response... 200 OK
Length: unspecified [text/html]
Saving to: ‘/tmp/tmp.xcAuGmE6l4’

     0K .......... .......... .......... .......... ..........  136K
    50K .......... .......... .......... .......... ..........  122K
   100K .......... .......... .......... ....                  68,2M=0,8s

2025-02-13 05:32:46 (173 KB/s) - ‘/tmp/tmp.xcAuGmE6l4’ saved [137300]

Latest version of PSBBN Definitive English patch is v2.01
File psbbn-definitive-image-v2.01.gz exists in /home/dawid/PSBBN-Definitive-English-Patch/assets.
Skipping download

Both POPS.ELF and IOPRP252.IMG exist in /home/dawid/PSBBN-Definitive-English-Patch/assets.
Skipping download

Writing the PSBBN image to /dev/sdd...

226721792 bytes (227 MB, 216 MiB) copied, 1 s, 227 MB/s
435421184 bytes (435 MB, 415 MiB) copied, 2 s, 218 MB/s
634060800 bytes (634 MB, 605 MiB) copied, 3 s, 211 MB/s
874283008 bytes (874 MB, 834 MiB) copied, 4 s, 219 MB/s
1115881472 bytes (1,1 GB, 1,0 GiB) copied, 5 s, 223 MB/s
1351188480 bytes (1,4 GB, 1,3 GiB) copied, 6 s, 225 MB/s
1591607296 bytes (1,6 GB, 1,5 GiB) copied, 7 s, 227 MB/s
1822752768 bytes (1,8 GB, 1,7 GiB) copied, 8 s, 228 MB/s
2043281408 bytes (2,0 GB, 1,9 GiB) copied, 9 s, 227 MB/s
2274197504 bytes (2,3 GB, 2,1 GiB) copied, 10 s, 227 MB/s
2502328320 bytes (2,5 GB, 2,3 GiB) copied, 11 s, 227 MB/s
2732097536 bytes (2,7 GB, 2,5 GiB) copied, 12 s, 228 MB/s
2960097280 bytes (3,0 GB, 2,8 GiB) copied, 13 s, 228 MB/s
3190915072 bytes (3,2 GB, 3,0 GiB) copied, 14 s, 228 MB/s
3422158848 bytes (3,4 GB, 3,2 GiB) copied, 15 s, 228 MB/s
3640721408 bytes (3,6 GB, 3,4 GiB) copied, 16 s, 228 MB/s
3871801344 bytes (3,9 GB, 3,6 GiB) copied, 17 s, 228 MB/s
4070473728 bytes (4,1 GB, 3,8 GiB) copied, 18 s, 226 MB/s
4228841472 bytes (4,2 GB, 3,9 GiB) copied, 19 s, 223 MB/s
4384325632 bytes (4,4 GB, 4,1 GiB) copied, 20 s, 219 MB/s
4535549952 bytes (4,5 GB, 4,2 GiB) copied, 21 s, 216 MB/s
4683890688 bytes (4,7 GB, 4,4 GiB) copied, 22 s, 213 MB/s
4833247232 bytes (4,8 GB, 4,5 GiB) copied, 23 s, 210 MB/s
4984176640 bytes (5,0 GB, 4,6 GiB) copied, 24 s, 208 MB/s
5126651904 bytes (5,1 GB, 4,8 GiB) copied, 25 s, 205 MB/s
5271060480 bytes (5,3 GB, 4,9 GiB) copied, 26 s, 203 MB/s
5416124416 bytes (5,4 GB, 5,0 GiB) copied, 27 s, 201 MB/s
5561450496 bytes (5,6 GB, 5,2 GiB) copied, 28 s, 199 MB/s
5704417280 bytes (5,7 GB, 5,3 GiB) copied, 29 s, 197 MB/s
5851774976 bytes (5,9 GB, 5,4 GiB) copied, 30 s, 195 MB/s
5995462656 bytes (6,0 GB, 5,6 GiB) copied, 31 s, 193 MB/s
6141345792 bytes (6,1 GB, 5,7 GiB) copied, 32 s, 192 MB/s
6282248192 bytes (6,3 GB, 5,9 GiB) copied, 33 s, 190 MB/s
6420201472 bytes (6,4 GB, 6,0 GiB) copied, 34 s, 189 MB/s
6560645120 bytes (6,6 GB, 6,1 GiB) copied, 35 s, 187 MB/s
6698631168 bytes (6,7 GB, 6,2 GiB) copied, 36 s, 186 MB/s
6838484992 bytes (6,8 GB, 6,4 GiB) copied, 37 s, 185 MB/s
6977683456 bytes (7,0 GB, 6,5 GiB) copied, 38 s, 184 MB/s
7116881920 bytes (7,1 GB, 6,6 GiB) copied, 39 s, 182 MB/s
7254933504 bytes (7,3 GB, 6,8 GiB) copied, 40 s, 181 MB/s
7388332032 bytes (7,4 GB, 6,9 GiB) copied, 41 s, 180 MB/s
7522844672 bytes (7,5 GB, 7,0 GiB) copied, 42 s, 179 MB/s
7595360256 bytes (7,6 GB, 7,1 GiB) copied, 43 s, 177 MB/s
7667646464 bytes (7,7 GB, 7,1 GiB) copied, 44 s, 174 MB/s
7766409216 bytes (7,8 GB, 7,2 GiB) copied, 45 s, 173 MB/s
7995686912 bytes (8,0 GB, 7,4 GiB) copied, 46 s, 174 MB/s
8133967872 bytes (8,1 GB, 7,6 GiB) copied, 47 s, 173 MB/s
8272183296 bytes (8,3 GB, 7,7 GiB) copied, 48 s, 172 MB/s
8408727552 bytes (8,4 GB, 7,8 GiB) copied, 49 s, 172 MB/s
8547106816 bytes (8,5 GB, 8,0 GiB) copied, 50 s, 171 MB/s
8683487232 bytes (8,7 GB, 8,1 GiB) copied, 51 s, 170 MB/s
8823242752 bytes (8,8 GB, 8,2 GiB) copied, 52 s, 170 MB/s
8961261568 bytes (9,0 GB, 8,3 GiB) copied, 53 s, 169 MB/s
9099280384 bytes (9,1 GB, 8,5 GiB) copied, 54 s, 169 MB/s
9199648768 bytes (9,2 GB, 8,6 GiB) copied, 55 s, 167 MB/s
9291464704 bytes (9,3 GB, 8,7 GiB) copied, 56 s, 166 MB/s
9368666112 bytes (9,4 GB, 8,7 GiB) copied, 57 s, 164 MB/s
9473163264 bytes (9,5 GB, 8,8 GiB) copied, 58 s, 163 MB/s
9709715456 bytes (9,7 GB, 9,0 GiB) copied, 59 s, 165 MB/s
9847898112 bytes (9,8 GB, 9,2 GiB) copied, 60 s, 164 MB/s
9985654784 bytes (10 GB, 9,3 GiB) copied, 61 s, 164 MB/s 
10123411456 bytes (10 GB, 9,4 GiB) copied, 62 s, 163 MB/s
10261397504 bytes (10 GB, 9,6 GiB) copied, 63 s, 163 MB/s
10399252480 bytes (10 GB, 9,7 GiB) copied, 64 s, 162 MB/s
10537959424 bytes (11 GB, 9,8 GiB) copied, 65 s, 162 MB/s
10675421184 bytes (11 GB, 9,9 GiB) copied, 66 s, 162 MB/s
10813440000 bytes (11 GB, 10 GiB) copied, 67 s, 161 MB/s 
10951229440 bytes (11 GB, 10 GiB) copied, 68 s, 161 MB/s
11088986112 bytes (11 GB, 10 GiB) copied, 69 s, 161 MB/s
11227430912 bytes (11 GB, 10 GiB) copied, 70 s, 160 MB/s
11365318656 bytes (11 GB, 11 GiB) copied, 71 s, 160 MB/s
11503435776 bytes (12 GB, 11 GiB) copied, 72 s, 160 MB/s
11640274944 bytes (12 GB, 11 GiB) copied, 73 s, 159 MB/s
11778129920 bytes (12 GB, 11 GiB) copied, 74 s, 159 MB/s
11914313728 bytes (12 GB, 11 GiB) copied, 75 s, 159 MB/s
12047417344 bytes (12 GB, 11 GiB) copied, 76 s, 159 MB/s
12181012480 bytes (12 GB, 11 GiB) copied, 77 s, 158 MB/s
12316409856 bytes (12 GB, 11 GiB) copied, 78 s, 158 MB/s
12449218560 bytes (12 GB, 12 GiB) copied, 79 s, 158 MB/s
12583141376 bytes (13 GB, 12 GiB) copied, 80 s, 157 MB/s
12716310528 bytes (13 GB, 12 GiB) copied, 81 s, 157 MB/s
12849446912 bytes (13 GB, 12 GiB) copied, 82 s, 157 MB/s
12982878208 bytes (13 GB, 12 GiB) copied, 83 s, 156 MB/s
13115162624 bytes (13 GB, 12 GiB) copied, 84 s, 156 MB/s
13248462848 bytes (13 GB, 12 GiB) copied, 85 s, 156 MB/s
13383761920 bytes (13 GB, 12 GiB) copied, 86 s, 156 MB/s
13517291520 bytes (14 GB, 13 GiB) copied, 87 s, 155 MB/s
13649936384 bytes (14 GB, 13 GiB) copied, 88 s, 155 MB/s
13784645632 bytes (14 GB, 13 GiB) copied, 89 s, 155 MB/s
13916602368 bytes (14 GB, 13 GiB) copied, 90 s, 155 MB/s
14054916096 bytes (14 GB, 13 GiB) copied, 91 s, 154 MB/s
14191722496 bytes (14 GB, 13 GiB) copied, 92 s, 154 MB/s
14327742464 bytes (14 GB, 13 GiB) copied, 93 s, 154 MB/s
14463238144 bytes (14 GB, 13 GiB) copied, 94 s, 154 MB/s
14598078464 bytes (15 GB, 14 GiB) copied, 95 s, 154 MB/s
14727708672 bytes (15 GB, 14 GiB) copied, 96 s, 153 MB/s
14859960320 bytes (15 GB, 14 GiB) copied, 97 s, 153 MB/s
14989721600 bytes (15 GB, 14 GiB) copied, 98 s, 153 MB/s
15095300096 bytes (15 GB, 14 GiB) copied, 99 s, 152 MB/s
15165947904 bytes (15 GB, 14 GiB) copied, 100 s, 152 MB/s
15247638528 bytes (15 GB, 14 GiB) copied, 101 s, 151 MB/s
15309537280 bytes (15 GB, 14 GiB) copied, 102 s, 150 MB/s
15385526272 bytes (15 GB, 14 GiB) copied, 103 s, 149 MB/s
15472820224 bytes (15 GB, 14 GiB) copied, 104 s, 149 MB/s
15563456512 bytes (16 GB, 14 GiB) copied, 105 s, 148 MB/s
15652978688 bytes (16 GB, 15 GiB) copied, 106 s, 148 MB/s
15733325824 bytes (16 GB, 15 GiB) copied, 107 s, 147 MB/s
15807021056 bytes (16 GB, 15 GiB) copied, 108 s, 146 MB/s
15870361600 bytes (16 GB, 15 GiB) copied, 109 s, 146 MB/s
15964241920 bytes (16 GB, 15 GiB) copied, 110 s, 145 MB/s
16067100672 bytes (16 GB, 15 GiB) copied, 111 s, 145 MB/s
16295952384 bytes (16 GB, 15 GiB) copied, 112 s, 145 MB/s
16528310272 bytes (17 GB, 15 GiB) copied, 113 s, 146 MB/s
16758636544 bytes (17 GB, 16 GiB) copied, 114 s, 147 MB/s
16996728832 bytes (17 GB, 16 GiB) copied, 115 s, 148 MB/s
17227218944 bytes (17 GB, 16 GiB) copied, 116 s, 149 MB/s
17428021248 bytes (17 GB, 16 GiB) copied, 117 s, 149 MB/s
17577967616 bytes (18 GB, 16 GiB) copied, 118 s, 149 MB/s
17724833792 bytes (18 GB, 17 GiB) copied, 119 s, 149 MB/s
17872879616 bytes (18 GB, 17 GiB) copied, 120 s, 149 MB/s
18015780864 bytes (18 GB, 17 GiB) copied, 121 s, 149 MB/s
18155470848 bytes (18 GB, 17 GiB) copied, 122 s, 149 MB/s
18296340480 bytes (18 GB, 17 GiB) copied, 123 s, 149 MB/s
18435702784 bytes (18 GB, 17 GiB) copied, 124 s, 149 MB/s
18572967936 bytes (19 GB, 17 GiB) copied, 125 s, 149 MB/s
18712395776 bytes (19 GB, 17 GiB) copied, 126 s, 149 MB/s
18851889152 bytes (19 GB, 18 GiB) copied, 127 s, 148 MB/s
18988859392 bytes (19 GB, 18 GiB) copied, 128 s, 148 MB/s
19129204736 bytes (19 GB, 18 GiB) copied, 129 s, 148 MB/s
19268927488 bytes (19 GB, 18 GiB) copied, 130 s, 148 MB/s
19408257024 bytes (19 GB, 18 GiB) copied, 131 s, 148 MB/s
19547947008 bytes (20 GB, 18 GiB) copied, 132 s, 148 MB/s
19685965824 bytes (20 GB, 18 GiB) copied, 133 s, 148 MB/s
19821854720 bytes (20 GB, 18 GiB) copied, 134 s, 148 MB/s
19957972992 bytes (20 GB, 19 GiB) copied, 135 s, 148 MB/s
20092190720 bytes (20 GB, 19 GiB) copied, 136 s, 148 MB/s
20227391488 bytes (20 GB, 19 GiB) copied, 137 s, 148 MB/s
20361510912 bytes (20 GB, 19 GiB) copied, 138 s, 148 MB/s
20496941056 bytes (20 GB, 19 GiB) copied, 139 s, 147 MB/s
20634599424 bytes (21 GB, 19 GiB) copied, 140 s, 147 MB/s
20767539200 bytes (21 GB, 19 GiB) copied, 141 s, 147 MB/s
20904673280 bytes (21 GB, 19 GiB) copied, 142 s, 147 MB/s
21039677440 bytes (21 GB, 20 GiB) copied, 143 s, 147 MB/s
21174386688 bytes (21 GB, 20 GiB) copied, 144 s, 147 MB/s
21310734336 bytes (21 GB, 20 GiB) copied, 145 s, 147 MB/s
21446656000 bytes (21 GB, 20 GiB) copied, 146 s, 147 MB/s
21581594624 bytes (22 GB, 20 GiB) copied, 147 s, 147 MB/s
21714796544 bytes (22 GB, 20 GiB) copied, 148 s, 147 MB/s
21846753280 bytes (22 GB, 20 GiB) copied, 149 s, 147 MB/s
21981724672 bytes (22 GB, 20 GiB) copied, 150 s, 147 MB/s
22114959360 bytes (22 GB, 21 GiB) copied, 151 s, 146 MB/s
22245933056 bytes (22 GB, 21 GiB) copied, 152 s, 146 MB/s
22383624192 bytes (22 GB, 21 GiB) copied, 153 s, 146 MB/s
22521085952 bytes (23 GB, 21 GiB) copied, 154 s, 146 MB/s
22660055040 bytes (23 GB, 21 GiB) copied, 155 s, 146 MB/s
22798434304 bytes (23 GB, 21 GiB) copied, 156 s, 146 MB/s
22936715264 bytes (23 GB, 21 GiB) copied, 157 s, 146 MB/s
23075946496 bytes (23 GB, 21 GiB) copied, 158 s, 146 MB/s
23214161920 bytes (23 GB, 22 GiB) copied, 159 s, 146 MB/s
23351623680 bytes (23 GB, 22 GiB) copied, 160 s, 146 MB/s
23490363392 bytes (23 GB, 22 GiB) copied, 161 s, 146 MB/s
23628808192 bytes (24 GB, 22 GiB) copied, 162 s, 146 MB/s
23763943424 bytes (24 GB, 22 GiB) copied, 163 s, 146 MB/s
23897636864 bytes (24 GB, 22 GiB) copied, 164 s, 146 MB/s
24031264768 bytes (24 GB, 22 GiB) copied, 165 s, 146 MB/s
24165122048 bytes (24 GB, 23 GiB) copied, 166 s, 146 MB/s
24298389504 bytes (24 GB, 23 GiB) copied, 167 s, 145 MB/s
24431951872 bytes (24 GB, 23 GiB) copied, 168 s, 145 MB/s
24565186560 bytes (25 GB, 23 GiB) copied, 169 s, 145 MB/s
24697176064 bytes (25 GB, 23 GiB) copied, 170 s, 145 MB/s
24831655936 bytes (25 GB, 23 GiB) copied, 171 s, 145 MB/s
24964890624 bytes (25 GB, 23 GiB) copied, 172 s, 145 MB/s
25098387456 bytes (25 GB, 23 GiB) copied, 173 s, 145 MB/s
25232277504 bytes (25 GB, 23 GiB) copied, 174 s, 145 MB/s
25364889600 bytes (25 GB, 24 GiB) copied, 175 s, 145 MB/s
25500057600 bytes (26 GB, 24 GiB) copied, 176 s, 145 MB/s
25633030144 bytes (26 GB, 24 GiB) copied, 177 s, 145 MB/s
25762758656 bytes (26 GB, 24 GiB) copied, 178 s, 145 MB/s
25893797888 bytes (26 GB, 24 GiB) copied, 179 s, 145 MB/s
26024116224 bytes (26 GB, 24 GiB) copied, 180 s, 145 MB/s
26154237952 bytes (26 GB, 24 GiB) copied, 181 s, 144 MB/s
26284457984 bytes (26 GB, 24 GiB) copied, 182 s, 144 MB/s
26416381952 bytes (26 GB, 25 GiB) copied, 183 s, 144 MB/s
26546995200 bytes (27 GB, 25 GiB) copied, 184 s, 144 MB/s
26677837824 bytes (27 GB, 25 GiB) copied, 185 s, 144 MB/s
26807828480 bytes (27 GB, 25 GiB) copied, 186 s, 144 MB/s
26940080128 bytes (27 GB, 25 GiB) copied, 187 s, 144 MB/s
27071217664 bytes (27 GB, 25 GiB) copied, 188 s, 144 MB/s
27202486272 bytes (27 GB, 25 GiB) copied, 189 s, 144 MB/s
27332280320 bytes (27 GB, 25 GiB) copied, 190 s, 144 MB/s
27462893568 bytes (27 GB, 26 GiB) copied, 191 s, 144 MB/s
27593474048 bytes (28 GB, 26 GiB) copied, 192 s, 144 MB/s
27725463552 bytes (28 GB, 26 GiB) copied, 193 s, 144 MB/s
27855683584 bytes (28 GB, 26 GiB) copied, 194 s, 144 MB/s
27985182720 bytes (28 GB, 26 GiB) copied, 195 s, 144 MB/s
28115468288 bytes (28 GB, 26 GiB) copied, 196 s, 143 MB/s
28245196800 bytes (28 GB, 26 GiB) copied, 197 s, 143 MB/s
28375449600 bytes (28 GB, 26 GiB) copied, 198 s, 143 MB/s
28507471872 bytes (29 GB, 27 GiB) copied, 199 s, 143 MB/s
28639428608 bytes (29 GB, 27 GiB) copied, 200 s, 143 MB/s
28768698368 bytes (29 GB, 27 GiB) copied, 201 s, 143 MB/s
28900163584 bytes (29 GB, 27 GiB) copied, 202 s, 143 MB/s
29030285312 bytes (29 GB, 27 GiB) copied, 203 s, 143 MB/s
29160538112 bytes (29 GB, 27 GiB) copied, 204 s, 143 MB/s
29297999872 bytes (29 GB, 27 GiB) copied, 205 s, 143 MB/s
29435559936 bytes (29 GB, 27 GiB) copied, 206 s, 143 MB/s
29574496256 bytes (30 GB, 28 GiB) copied, 207 s, 143 MB/s
29712318464 bytes (30 GB, 28 GiB) copied, 208 s, 143 MB/s
29843881984 bytes (30 GB, 28 GiB) copied, 209 s, 143 MB/s
29974560768 bytes (30 GB, 28 GiB) copied, 210 s, 143 MB/s
30105305088 bytes (30 GB, 28 GiB) copied, 211 s, 143 MB/s
30237884416 bytes (30 GB, 28 GiB) copied, 212 s, 143 MB/s
30370103296 bytes (30 GB, 28 GiB) copied, 213 s, 143 MB/s
30500683776 bytes (31 GB, 28 GiB) copied, 214 s, 143 MB/s
30637260800 bytes (31 GB, 29 GiB) copied, 215 s, 142 MB/s
30776066048 bytes (31 GB, 29 GiB) copied, 216 s, 142 MB/s
30914281472 bytes (31 GB, 29 GiB) copied, 217 s, 142 MB/s
31054299136 bytes (31 GB, 29 GiB) copied, 218 s, 142 MB/s
31193006080 bytes (31 GB, 29 GiB) copied, 219 s, 142 MB/s
31334039552 bytes (31 GB, 29 GiB) copied, 220 s, 142 MB/s
31472517120 bytes (31 GB, 29 GiB) copied, 221 s, 142 MB/s
31613222912 bytes (32 GB, 29 GiB) copied, 222 s, 142 MB/s
31752126464 bytes (32 GB, 30 GiB) copied, 223 s, 142 MB/s
31889653760 bytes (32 GB, 30 GiB) copied, 224 s, 142 MB/s
32030064640 bytes (32 GB, 30 GiB) copied, 225 s, 142 MB/s
32169754624 bytes (32 GB, 30 GiB) copied, 226 s, 142 MB/s
32308035584 bytes (32 GB, 30 GiB) copied, 227 s, 142 MB/s
32448446464 bytes (32 GB, 30 GiB) copied, 228 s, 142 MB/s
32586432512 bytes (33 GB, 30 GiB) copied, 229 s, 142 MB/s
32726581248 bytes (33 GB, 30 GiB) copied, 230 s, 142 MB/s
32865812480 bytes (33 GB, 31 GiB) copied, 231 s, 142 MB/s
33004552192 bytes (33 GB, 31 GiB) copied, 232 s, 142 MB/s
33145028608 bytes (33 GB, 31 GiB) copied, 233 s, 142 MB/s
33282490368 bytes (33 GB, 31 GiB) copied, 234 s, 142 MB/s
33423130624 bytes (33 GB, 31 GiB) copied, 235 s, 142 MB/s
33562001408 bytes (34 GB, 31 GiB) copied, 236 s, 142 MB/s
33701593088 bytes (34 GB, 31 GiB) copied, 237 s, 142 MB/s
33841545216 bytes (34 GB, 32 GiB) copied, 238 s, 142 MB/s
33978908672 bytes (34 GB, 32 GiB) copied, 239 s, 142 MB/s
34122760192 bytes (34 GB, 32 GiB) copied, 240 s, 142 MB/s
34268905472 bytes (34 GB, 32 GiB) copied, 241 s, 142 MB/s
34413215744 bytes (34 GB, 32 GiB) copied, 242 s, 142 MB/s
34558509056 bytes (35 GB, 32 GiB) copied, 243 s, 142 MB/s
34702458880 bytes (35 GB, 32 GiB) copied, 244 s, 142 MB/s
34848079872 bytes (35 GB, 32 GiB) copied, 245 s, 142 MB/s
34992848896 bytes (35 GB, 33 GiB) copied, 246 s, 142 MB/s
35138895872 bytes (35 GB, 33 GiB) copied, 247 s, 142 MB/s
35283304448 bytes (35 GB, 33 GiB) copied, 248 s, 142 MB/s
35429974016 bytes (35 GB, 33 GiB) copied, 249 s, 142 MB/s
35574546432 bytes (36 GB, 33 GiB) copied, 250 s, 142 MB/s
35717382144 bytes (36 GB, 33 GiB) copied, 251 s, 142 MB/s
35859726336 bytes (36 GB, 33 GiB) copied, 252 s, 142 MB/s
36001349632 bytes (36 GB, 34 GiB) copied, 253 s, 142 MB/s
36147789824 bytes (36 GB, 34 GiB) copied, 254 s, 142 MB/s
36292558848 bytes (36 GB, 34 GiB) copied, 255 s, 142 MB/s
36435001344 bytes (36 GB, 34 GiB) copied, 256 s, 142 MB/s
36581834752 bytes (37 GB, 34 GiB) copied, 257 s, 142 MB/s
36723916800 bytes (37 GB, 34 GiB) copied, 258 s, 142 MB/s
36872028160 bytes (37 GB, 34 GiB) copied, 259 s, 142 MB/s
37015519232 bytes (37 GB, 34 GiB) copied, 260 s, 142 MB/s
37159632896 bytes (37 GB, 35 GiB) copied, 261 s, 142 MB/s
37305483264 bytes (37 GB, 35 GiB) copied, 262 s, 142 MB/s
37451890688 bytes (37 GB, 35 GiB) copied, 263 s, 142 MB/s
37597249536 bytes (38 GB, 35 GiB) copied, 264 s, 142 MB/s
37741658112 bytes (38 GB, 35 GiB) copied, 265 s, 142 MB/s
37886820352 bytes (38 GB, 35 GiB) copied, 266 s, 142 MB/s
38031097856 bytes (38 GB, 35 GiB) copied, 267 s, 142 MB/s
38176555008 bytes (38 GB, 36 GiB) copied, 268 s, 142 MB/s
38324436992 bytes (38 GB, 36 GiB) copied, 269 s, 142 MB/s
38468878336 bytes (38 GB, 36 GiB) copied, 270 s, 142 MB/s
38615941120 bytes (39 GB, 36 GiB) copied, 271 s, 142 MB/s
38758481920 bytes (39 GB, 36 GiB) copied, 272 s, 142 MB/s
38900465664 bytes (39 GB, 36 GiB) copied, 273 s, 142 MB/s
39038550016 bytes (39 GB, 36 GiB) copied, 274 s, 142 MB/s
39174340608 bytes (39 GB, 36 GiB) copied, 275 s, 142 MB/s
39312031744 bytes (39 GB, 37 GiB) copied, 276 s, 142 MB/s
39450411008 bytes (39 GB, 37 GiB) copied, 277 s, 142 MB/s
39588823040 bytes (40 GB, 37 GiB) copied, 278 s, 142 MB/s
39726514176 bytes (40 GB, 37 GiB) copied, 279 s, 142 MB/s
39861747712 bytes (40 GB, 37 GiB) copied, 280 s, 142 MB/s
40001011712 bytes (40 GB, 37 GiB) copied, 281 s, 142 MB/s
40138506240 bytes (40 GB, 37 GiB) copied, 282 s, 142 MB/s
40276066304 bytes (40 GB, 38 GiB) copied, 283 s, 142 MB/s
40412577792 bytes (40 GB, 38 GiB) copied, 284 s, 142 MB/s
40550563840 bytes (41 GB, 38 GiB) copied, 285 s, 142 MB/s
40686747648 bytes (41 GB, 38 GiB) copied, 286 s, 142 MB/s
40825192448 bytes (41 GB, 38 GiB) copied, 287 s, 142 MB/s
40961671168 bytes (41 GB, 38 GiB) copied, 288 s, 142 MB/s
41100312576 bytes (41 GB, 38 GiB) copied, 289 s, 142 MB/s
41236430848 bytes (41 GB, 38 GiB) copied, 290 s, 142 MB/s
41375531008 bytes (41 GB, 39 GiB) copied, 291 s, 142 MB/s
41512501248 bytes (42 GB, 39 GiB) copied, 292 s, 142 MB/s
41650782208 bytes (42 GB, 39 GiB) copied, 293 s, 142 MB/s
41787555840 bytes (42 GB, 39 GiB) copied, 294 s, 142 MB/s
41923870720 bytes (42 GB, 39 GiB) copied, 295 s, 142 MB/s
42062479360 bytes (42 GB, 39 GiB) copied, 296 s, 142 MB/s
42199416832 bytes (42 GB, 39 GiB) copied, 297 s, 142 MB/s
42336026624 bytes (42 GB, 39 GiB) copied, 298 s, 142 MB/s
42469621760 bytes (42 GB, 40 GiB) copied, 299 s, 142 MB/s
42604822528 bytes (43 GB, 40 GiB) copied, 300 s, 142 MB/s
42739859456 bytes (43 GB, 40 GiB) copied, 301 s, 142 MB/s
42875125760 bytes (43 GB, 40 GiB) copied, 302 s, 142 MB/s
43009703936 bytes (43 GB, 40 GiB) copied, 303 s, 142 MB/s
43145789440 bytes (43 GB, 40 GiB) copied, 304 s, 142 MB/s
43281842176 bytes (43 GB, 40 GiB) copied, 305 s, 142 MB/s
43419009024 bytes (43 GB, 40 GiB) copied, 306 s, 142 MB/s
43553980416 bytes (44 GB, 41 GiB) copied, 307 s, 142 MB/s
43690065920 bytes (44 GB, 41 GiB) copied, 308 s, 142 MB/s
43826970624 bytes (44 GB, 41 GiB) copied, 309 s, 142 MB/s
43963645952 bytes (44 GB, 41 GiB) copied, 310 s, 142 MB/s
44100747264 bytes (44 GB, 41 GiB) copied, 311 s, 142 MB/s
44239290368 bytes (44 GB, 41 GiB) copied, 312 s, 142 MB/s
44375343104 bytes (44 GB, 41 GiB) copied, 313 s, 142 MB/s
44513886208 bytes (45 GB, 41 GiB) copied, 314 s, 142 MB/s
44650430464 bytes (45 GB, 42 GiB) copied, 315 s, 142 MB/s
44787236864 bytes (45 GB, 42 GiB) copied, 316 s, 142 MB/s
44925157376 bytes (45 GB, 42 GiB) copied, 317 s, 142 MB/s
45063110656 bytes (45 GB, 42 GiB) copied, 318 s, 142 MB/s
45199917056 bytes (45 GB, 42 GiB) copied, 319 s, 142 MB/s
45336592384 bytes (45 GB, 42 GiB) copied, 320 s, 142 MB/s
45475725312 bytes (45 GB, 42 GiB) copied, 321 s, 142 MB/s
45613776896 bytes (46 GB, 42 GiB) copied, 322 s, 142 MB/s
45750353920 bytes (46 GB, 43 GiB) copied, 323 s, 142 MB/s
45887488000 bytes (46 GB, 43 GiB) copied, 324 s, 142 MB/s
46026063872 bytes (46 GB, 43 GiB) copied, 325 s, 142 MB/s
46163460096 bytes (46 GB, 43 GiB) copied, 326 s, 142 MB/s
46299021312 bytes (46 GB, 43 GiB) copied, 327 s, 142 MB/s
46436777984 bytes (46 GB, 43 GiB) copied, 328 s, 142 MB/s
46574731264 bytes (47 GB, 43 GiB) copied, 329 s, 142 MB/s
46712651776 bytes (47 GB, 44 GiB) copied, 330 s, 142 MB/s
46851129344 bytes (47 GB, 44 GiB) copied, 331 s, 142 MB/s
46987149312 bytes (47 GB, 44 GiB) copied, 332 s, 142 MB/s
47124381696 bytes (47 GB, 44 GiB) copied, 333 s, 142 MB/s
47262695424 bytes (47 GB, 44 GiB) copied, 334 s, 142 MB/s
47398092800 bytes (47 GB, 44 GiB) copied, 335 s, 141 MB/s
47536603136 bytes (48 GB, 44 GiB) copied, 336 s, 141 MB/s
47673737216 bytes (48 GB, 44 GiB) copied, 337 s, 141 MB/s
47813001216 bytes (48 GB, 45 GiB) copied, 338 s, 141 MB/s
47949676544 bytes (48 GB, 45 GiB) copied, 339 s, 141 MB/s
48088154112 bytes (48 GB, 45 GiB) copied, 340 s, 141 MB/s
48224763904 bytes (48 GB, 45 GiB) copied, 341 s, 141 MB/s
48363405312 bytes (48 GB, 45 GiB) copied, 342 s, 141 MB/s
48499818496 bytes (48 GB, 45 GiB) copied, 343 s, 141 MB/s
48635740160 bytes (49 GB, 45 GiB) copied, 344 s, 141 MB/s
48776511488 bytes (49 GB, 45 GiB) copied, 345 s, 141 MB/s
48914071552 bytes (49 GB, 46 GiB) copied, 346 s, 141 MB/s
49054416896 bytes (49 GB, 46 GiB) copied, 347 s, 141 MB/s
49193975808 bytes (49 GB, 46 GiB) copied, 348 s, 141 MB/s
49331208192 bytes (49 GB, 46 GiB) copied, 349 s, 141 MB/s
49468604416 bytes (49 GB, 46 GiB) copied, 350 s, 141 MB/s
49610293248 bytes (50 GB, 46 GiB) copied, 351 s, 141 MB/s
49748279296 bytes (50 GB, 46 GiB) copied, 352 s, 141 MB/s
49889280000 bytes (50 GB, 46 GiB) copied, 353 s, 141 MB/s
50027069440 bytes (50 GB, 47 GiB) copied, 354 s, 141 MB/s
50164465664 bytes (50 GB, 47 GiB) copied, 355 s, 141 MB/s
50302844928 bytes (50 GB, 47 GiB) copied, 356 s, 141 MB/s
50443223040 bytes (50 GB, 47 GiB) copied, 357 s, 141 MB/s
50580750336 bytes (51 GB, 47 GiB) copied, 358 s, 141 MB/s
50720866304 bytes (51 GB, 47 GiB) copied, 359 s, 141 MB/s
50859671552 bytes (51 GB, 47 GiB) copied, 360 s, 141 MB/s
50997690368 bytes (51 GB, 47 GiB) copied, 361 s, 141 MB/s
51137019904 bytes (51 GB, 48 GiB) copied, 362 s, 141 MB/s
51276120064 bytes (51 GB, 48 GiB) copied, 363 s, 141 MB/s
51414073344 bytes (51 GB, 48 GiB) copied, 364 s, 141 MB/s
51556843520 bytes (52 GB, 48 GiB) copied, 365 s, 141 MB/s
51694665728 bytes (52 GB, 48 GiB) copied, 366 s, 141 MB/s
51833667584 bytes (52 GB, 48 GiB) copied, 367 s, 141 MB/s
51970473984 bytes (52 GB, 48 GiB) copied, 368 s, 141 MB/s
52107280384 bytes (52 GB, 49 GiB) copied, 369 s, 141 MB/s
52245102592 bytes (52 GB, 49 GiB) copied, 370 s, 141 MB/s
52383645696 bytes (52 GB, 49 GiB) copied, 371 s, 141 MB/s
52520878080 bytes (53 GB, 49 GiB) copied, 372 s, 141 MB/s
52655554560 bytes (53 GB, 49 GiB) copied, 373 s, 141 MB/s
52793933824 bytes (53 GB, 49 GiB) copied, 374 s, 141 MB/s
52933459968 bytes (53 GB, 49 GiB) copied, 375 s, 141 MB/s
53074624512 bytes (53 GB, 49 GiB) copied, 376 s, 141 MB/s
53210939392 bytes (53 GB, 50 GiB) copied, 377 s, 141 MB/s
53351415808 bytes (53 GB, 50 GiB) copied, 378 s, 141 MB/s
53490483200 bytes (53 GB, 50 GiB) copied, 379 s, 141 MB/s
53628043264 bytes (54 GB, 50 GiB) copied, 380 s, 141 MB/s
53765832704 bytes (54 GB, 50 GiB) copied, 381 s, 141 MB/s
53906145280 bytes (54 GB, 50 GiB) copied, 382 s, 141 MB/s
54046162944 bytes (54 GB, 50 GiB) copied, 383 s, 141 MB/s
54184148992 bytes (54 GB, 50 GiB) copied, 384 s, 141 MB/s
54324920320 bytes (54 GB, 51 GiB) copied, 385 s, 141 MB/s
54460907520 bytes (54 GB, 51 GiB) copied, 386 s, 141 MB/s
54601023488 bytes (55 GB, 51 GiB) copied, 387 s, 141 MB/s
54737960960 bytes (55 GB, 51 GiB) copied, 388 s, 141 MB/s
54878109696 bytes (55 GB, 51 GiB) copied, 389 s, 141 MB/s
55015800832 bytes (55 GB, 51 GiB) copied, 390 s, 141 MB/s
55156834304 bytes (55 GB, 51 GiB) copied, 391 s, 141 MB/s
55294623744 bytes (55 GB, 51 GiB) copied, 392 s, 141 MB/s
55432511488 bytes (55 GB, 52 GiB) copied, 393 s, 141 MB/s
55570137088 bytes (56 GB, 52 GiB) copied, 394 s, 141 MB/s
55708680192 bytes (56 GB, 52 GiB) copied, 395 s, 141 MB/s
55847223296 bytes (56 GB, 52 GiB) copied, 396 s, 141 MB/s
55987732480 bytes (56 GB, 52 GiB) copied, 397 s, 141 MB/s
56125030400 bytes (56 GB, 52 GiB) copied, 398 s, 141 MB/s
56265310208 bytes (56 GB, 52 GiB) copied, 399 s, 141 MB/s
56401264640 bytes (56 GB, 53 GiB) copied, 400 s, 141 MB/s
56541380608 bytes (57 GB, 53 GiB) copied, 401 s, 141 MB/s
56678481920 bytes (57 GB, 53 GiB) copied, 402 s, 141 MB/s
56815157248 bytes (57 GB, 53 GiB) copied, 403 s, 141 MB/s
56953077760 bytes (57 GB, 53 GiB) copied, 404 s, 141 MB/s
57091620864 bytes (57 GB, 53 GiB) copied, 405 s, 141 MB/s
57230163968 bytes (57 GB, 53 GiB) copied, 406 s, 141 MB/s
57368313856 bytes (57 GB, 53 GiB) copied, 407 s, 141 MB/s
57507807232 bytes (58 GB, 54 GiB) copied, 408 s, 141 MB/s
57645694976 bytes (58 GB, 54 GiB) copied, 409 s, 141 MB/s
57784074240 bytes (58 GB, 54 GiB) copied, 410 s, 141 MB/s
57922060288 bytes (58 GB, 54 GiB) copied, 411 s, 141 MB/s
58061422592 bytes (58 GB, 54 GiB) copied, 412 s, 141 MB/s
58202456064 bytes (58 GB, 54 GiB) copied, 413 s, 141 MB/s
58339164160 bytes (58 GB, 54 GiB) copied, 414 s, 141 MB/s
58480328704 bytes (58 GB, 54 GiB) copied, 415 s, 141 MB/s
58617626624 bytes (59 GB, 55 GiB) copied, 416 s, 141 MB/s
58759086080 bytes (59 GB, 55 GiB) copied, 417 s, 141 MB/s
58897629184 bytes (59 GB, 55 GiB) copied, 418 s, 141 MB/s
59035877376 bytes (59 GB, 55 GiB) copied, 419 s, 141 MB/s
59175141376 bytes (59 GB, 55 GiB) copied, 420 s, 141 MB/s
59315748864 bytes (59 GB, 55 GiB) copied, 421 s, 141 MB/s
59454291968 bytes (59 GB, 55 GiB) copied, 422 s, 141 MB/s
59594113024 bytes (60 GB, 56 GiB) copied, 423 s, 141 MB/s
59731116032 bytes (60 GB, 56 GiB) copied, 424 s, 141 MB/s
59869429760 bytes (60 GB, 56 GiB) copied, 425 s, 141 MB/s
60008464384 bytes (60 GB, 56 GiB) copied, 426 s, 141 MB/s
60147630080 bytes (60 GB, 56 GiB) copied, 427 s, 141 MB/s
60287188992 bytes (60 GB, 56 GiB) copied, 428 s, 141 MB/s
60427698176 bytes (60 GB, 56 GiB) copied, 429 s, 141 MB/s
60563947520 bytes (61 GB, 56 GiB) copied, 430 s, 141 MB/s
60703834112 bytes (61 GB, 57 GiB) copied, 431 s, 141 MB/s
60842180608 bytes (61 GB, 57 GiB) copied, 432 s, 141 MB/s
60980559872 bytes (61 GB, 57 GiB) copied, 433 s, 141 MB/s
61119430656 bytes (61 GB, 57 GiB) copied, 434 s, 141 MB/s
61260300288 bytes (61 GB, 57 GiB) copied, 435 s, 141 MB/s
61396844544 bytes (61 GB, 57 GiB) copied, 436 s, 141 MB/s
61537943552 bytes (62 GB, 57 GiB) copied, 437 s, 141 MB/s
61675143168 bytes (62 GB, 57 GiB) copied, 438 s, 141 MB/s
61814833152 bytes (62 GB, 58 GiB) copied, 439 s, 141 MB/s
61951606784 bytes (62 GB, 58 GiB) copied, 440 s, 141 MB/s
62091493376 bytes (62 GB, 58 GiB) copied, 441 s, 141 MB/s
62232559616 bytes (62 GB, 58 GiB) copied, 442 s, 141 MB/s
62371037184 bytes (62 GB, 58 GiB) copied, 443 s, 141 MB/s
62506369024 bytes (63 GB, 58 GiB) copied, 444 s, 141 MB/s
62648352768 bytes (63 GB, 58 GiB) copied, 445 s, 141 MB/s
62787026944 bytes (63 GB, 58 GiB) copied, 446 s, 141 MB/s
62925275136 bytes (63 GB, 59 GiB) copied, 447 s, 141 MB/s
63064145920 bytes (63 GB, 59 GiB) copied, 448 s, 141 MB/s
63202590720 bytes (63 GB, 59 GiB) copied, 449 s, 141 MB/s
63340314624 bytes (63 GB, 59 GiB) copied, 450 s, 141 MB/s
63480397824 bytes (63 GB, 59 GiB) copied, 451 s, 141 MB/s
63619661824 bytes (64 GB, 59 GiB) copied, 452 s, 141 MB/s
63758008320 bytes (64 GB, 59 GiB) copied, 453 s, 141 MB/s
63897894912 bytes (64 GB, 60 GiB) copied, 454 s, 141 MB/s
64036372480 bytes (64 GB, 60 GiB) copied, 455 s, 141 MB/s
64176521216 bytes (64 GB, 60 GiB) copied, 456 s, 141 MB/s
64314769408 bytes (64 GB, 60 GiB) copied, 457 s, 141 MB/s
64454721536 bytes (64 GB, 60 GiB) copied, 458 s, 141 MB/s
64592609280 bytes (65 GB, 60 GiB) copied, 459 s, 141 MB/s
64730988544 bytes (65 GB, 60 GiB) copied, 460 s, 141 MB/s
64871202816 bytes (65 GB, 60 GiB) copied, 461 s, 141 MB/s
65008369664 bytes (65 GB, 61 GiB) copied, 462 s, 141 MB/s
65147043840 bytes (65 GB, 61 GiB) copied, 463 s, 141 MB/s
65283424256 bytes (65 GB, 61 GiB) copied, 464 s, 141 MB/s
65420984320 bytes (65 GB, 61 GiB) copied, 465 s, 141 MB/s
65560084480 bytes (66 GB, 61 GiB) copied, 466 s, 141 MB/s
65697447936 bytes (66 GB, 61 GiB) copied, 467 s, 141 MB/s
65834680320 bytes (66 GB, 61 GiB) copied, 468 s, 141 MB/s
65972568064 bytes (66 GB, 61 GiB) copied, 469 s, 141 MB/s
66108162048 bytes (66 GB, 62 GiB) copied, 470 s, 141 MB/s
66244870144 bytes (66 GB, 62 GiB) copied, 471 s, 141 MB/s
66384199680 bytes (66 GB, 62 GiB) copied, 472 s, 141 MB/s
66522447872 bytes (67 GB, 62 GiB) copied, 473 s, 141 MB/s
66657517568 bytes (67 GB, 62 GiB) copied, 474 s, 141 MB/s
66797076480 bytes (67 GB, 62 GiB) copied, 475 s, 141 MB/s
66933129216 bytes (67 GB, 62 GiB) copied, 476 s, 141 MB/s
67071672320 bytes (67 GB, 62 GiB) copied, 477 s, 141 MB/s
67207757824 bytes (67 GB, 63 GiB) copied, 478 s, 141 MB/s
67346300928 bytes (67 GB, 63 GiB) copied, 479 s, 141 MB/s
67482615808 bytes (67 GB, 63 GiB) copied, 480 s, 141 MB/s
67620896768 bytes (68 GB, 63 GiB) copied, 481 s, 141 MB/s
67757146112 bytes (68 GB, 63 GiB) copied, 482 s, 141 MB/s
67894673408 bytes (68 GB, 63 GiB) copied, 483 s, 141 MB/s
68032331776 bytes (68 GB, 63 GiB) copied, 484 s, 141 MB/s
68167663616 bytes (68 GB, 63 GiB) copied, 485 s, 141 MB/s
68302471168 bytes (68 GB, 64 GiB) copied, 486 s, 141 MB/s
68437475328 bytes (68 GB, 64 GiB) copied, 487 s, 141 MB/s
68571496448 bytes (69 GB, 64 GiB) copied, 488 s, 141 MB/s
68707942400 bytes (69 GB, 64 GiB) copied, 489 s, 141 MB/s
68842258432 bytes (69 GB, 64 GiB) copied, 490 s, 140 MB/s
68971560960 bytes (69 GB, 64 GiB) copied, 491 s, 140 MB/s
69101027328 bytes (69 GB, 64 GiB) copied, 492 s, 140 MB/s
69231280128 bytes (69 GB, 64 GiB) copied, 493 s, 140 MB/s
69361827840 bytes (69 GB, 65 GiB) copied, 494 s, 140 MB/s
69496995840 bytes (69 GB, 65 GiB) copied, 495 s, 140 MB/s
69631148032 bytes (70 GB, 65 GiB) copied, 496 s, 140 MB/s
69765693440 bytes (70 GB, 65 GiB) copied, 497 s, 140 MB/s
69900369920 bytes (70 GB, 65 GiB) copied, 498 s, 140 MB/s
70036226048 bytes (70 GB, 65 GiB) copied, 499 s, 140 MB/s
70171688960 bytes (70 GB, 65 GiB) copied, 500 s, 140 MB/s
70309773312 bytes (70 GB, 65 GiB) copied, 501 s, 140 MB/s
70450348032 bytes (70 GB, 66 GiB) copied, 502 s, 140 MB/s
70587252736 bytes (71 GB, 66 GiB) copied, 503 s, 140 MB/s
70723633152 bytes (71 GB, 66 GiB) copied, 504 s, 140 MB/s
70862209024 bytes (71 GB, 66 GiB) copied, 505 s, 140 MB/s
71000195072 bytes (71 GB, 66 GiB) copied, 506 s, 140 MB/s
71136477184 bytes (71 GB, 66 GiB) copied, 507 s, 140 MB/s
71272595456 bytes (71 GB, 66 GiB) copied, 508 s, 140 MB/s
71412318208 bytes (71 GB, 67 GiB) copied, 509 s, 140 MB/s
71551680512 bytes (72 GB, 67 GiB) copied, 510 s, 140 MB/s
71696220160 bytes (72 GB, 67 GiB) copied, 511 s, 140 MB/s
71840628736 bytes (72 GB, 67 GiB) copied, 512 s, 140 MB/s
71984283648 bytes (72 GB, 67 GiB) copied, 513 s, 140 MB/s
72129970176 bytes (72 GB, 67 GiB) copied, 514 s, 140 MB/s
72274313216 bytes (72 GB, 67 GiB) copied, 515 s, 140 MB/s
72418000896 bytes (72 GB, 67 GiB) copied, 516 s, 140 MB/s
72562147328 bytes (73 GB, 68 GiB) copied, 517 s, 140 MB/s
72706031616 bytes (73 GB, 68 GiB) copied, 518 s, 140 MB/s
72849555456 bytes (73 GB, 68 GiB) copied, 519 s, 140 MB/s
72994455552 bytes (73 GB, 68 GiB) copied, 520 s, 140 MB/s
73131163648 bytes (73 GB, 68 GiB) copied, 521 s, 140 MB/s
73269051392 bytes (73 GB, 68 GiB) copied, 522 s, 140 MB/s
73405136896 bytes (73 GB, 68 GiB) copied, 523 s, 140 MB/s
73542795264 bytes (74 GB, 68 GiB) copied, 524 s, 140 MB/s
73681240064 bytes (74 GB, 69 GiB) copied, 525 s, 140 MB/s
73823354880 bytes (74 GB, 69 GiB) copied, 526 s, 140 MB/s
73967075328 bytes (74 GB, 69 GiB) copied, 527 s, 140 MB/s
74111057920 bytes (74 GB, 69 GiB) copied, 528 s, 140 MB/s
74256187392 bytes (74 GB, 69 GiB) copied, 529 s, 140 MB/s
74398924800 bytes (74 GB, 69 GiB) copied, 530 s, 140 MB/s
74545627136 bytes (75 GB, 69 GiB) copied, 531 s, 140 MB/s
74689118208 bytes (75 GB, 70 GiB) copied, 532 s, 140 MB/s
74833068032 bytes (75 GB, 70 GiB) copied, 533 s, 140 MB/s
74977935360 bytes (75 GB, 70 GiB) copied, 534 s, 140 MB/s
75122573312 bytes (75 GB, 70 GiB) copied, 535 s, 140 MB/s
75269079040 bytes (75 GB, 70 GiB) copied, 536 s, 140 MB/s
75414011904 bytes (75 GB, 70 GiB) copied, 537 s, 140 MB/s
75555766272 bytes (76 GB, 70 GiB) copied, 538 s, 140 MB/s
75700797440 bytes (76 GB, 71 GiB) copied, 539 s, 140 MB/s
75843141632 bytes (76 GB, 71 GiB) copied, 540 s, 140 MB/s
75985747968 bytes (76 GB, 71 GiB) copied, 541 s, 140 MB/s
76128976896 bytes (76 GB, 71 GiB) copied, 542 s, 140 MB/s
76272926720 bytes (76 GB, 71 GiB) copied, 543 s, 140 MB/s
76415959040 bytes (76 GB, 71 GiB) copied, 544 s, 140 MB/s
76557844480 bytes (77 GB, 71 GiB) copied, 545 s, 140 MB/s
76705202176 bytes (77 GB, 71 GiB) copied, 546 s, 140 MB/s
76848922624 bytes (77 GB, 72 GiB) copied, 547 s, 140 MB/s
76992413696 bytes (77 GB, 72 GiB) copied, 548 s, 140 MB/s
77136297984 bytes (77 GB, 72 GiB) copied, 549 s, 141 MB/s
77279395840 bytes (77 GB, 72 GiB) copied, 550 s, 141 MB/s
77423050752 bytes (77 GB, 72 GiB) copied, 551 s, 141 MB/s
77567754240 bytes (78 GB, 72 GiB) copied, 552 s, 141 MB/s
77712326656 bytes (78 GB, 72 GiB) copied, 553 s, 141 MB/s
77856210944 bytes (78 GB, 73 GiB) copied, 554 s, 141 MB/s
77999308800 bytes (78 GB, 73 GiB) copied, 555 s, 141 MB/s
78143520768 bytes (78 GB, 73 GiB) copied, 556 s, 141 MB/s
78286454784 bytes (78 GB, 73 GiB) copied, 557 s, 141 MB/s
78429782016 bytes (78 GB, 73 GiB) copied, 558 s, 141 MB/s
78574256128 bytes (79 GB, 73 GiB) copied, 559 s, 141 MB/s
78718304256 bytes (79 GB, 73 GiB) copied, 560 s, 141 MB/s
78862745600 bytes (79 GB, 73 GiB) copied, 561 s, 141 MB/s
79007055872 bytes (79 GB, 74 GiB) copied, 562 s, 141 MB/s
79151693824 bytes (79 GB, 74 GiB) copied, 563 s, 141 MB/s
79293644800 bytes (79 GB, 74 GiB) copied, 564 s, 141 MB/s
79436939264 bytes (79 GB, 74 GiB) copied, 565 s, 141 MB/s
79582330880 bytes (80 GB, 74 GiB) copied, 566 s, 141 MB/s
79725854720 bytes (80 GB, 74 GiB) copied, 567 s, 141 MB/s
79869444096 bytes (80 GB, 74 GiB) copied, 568 s, 141 MB/s
80013131776 bytes (80 GB, 75 GiB) copied, 569 s, 141 MB/s
80158031872 bytes (80 GB, 75 GiB) copied, 570 s, 141 MB/s
80302604288 bytes (80 GB, 75 GiB) copied, 571 s, 141 MB/s
80446914560 bytes (80 GB, 75 GiB) copied, 572 s, 141 MB/s
80589586432 bytes (81 GB, 75 GiB) copied, 573 s, 141 MB/s
80732815360 bytes (81 GB, 75 GiB) copied, 574 s, 141 MB/s
80876568576 bytes (81 GB, 75 GiB) copied, 575 s, 141 MB/s
81020059648 bytes (81 GB, 75 GiB) copied, 576 s, 141 MB/s
81163550720 bytes (81 GB, 76 GiB) copied, 577 s, 141 MB/s
81308123136 bytes (81 GB, 76 GiB) copied, 578 s, 141 MB/s
81450532864 bytes (81 GB, 76 GiB) copied, 579 s, 141 MB/s
81594023936 bytes (82 GB, 76 GiB) copied, 580 s, 141 MB/s
81736663040 bytes (82 GB, 76 GiB) copied, 581 s, 141 MB/s
81879498752 bytes (82 GB, 76 GiB) copied, 582 s, 141 MB/s
82018238464 bytes (82 GB, 76 GiB) copied, 583 s, 141 MB/s
82162352128 bytes (82 GB, 77 GiB) copied, 584 s, 141 MB/s
82306138112 bytes (82 GB, 77 GiB) copied, 585 s, 141 MB/s
82449432576 bytes (82 GB, 77 GiB) copied, 586 s, 141 MB/s
82592628736 bytes (83 GB, 77 GiB) copied, 587 s, 141 MB/s
82736775168 bytes (83 GB, 77 GiB) copied, 588 s, 141 MB/s
82879053824 bytes (83 GB, 77 GiB) copied, 589 s, 141 MB/s
83024576512 bytes (83 GB, 77 GiB) copied, 590 s, 141 MB/s
83168067584 bytes (83 GB, 77 GiB) copied, 591 s, 141 MB/s
83310968832 bytes (83 GB, 78 GiB) copied, 592 s, 141 MB/s
83456557056 bytes (83 GB, 78 GiB) copied, 593 s, 141 MB/s
83601031168 bytes (84 GB, 78 GiB) copied, 594 s, 141 MB/s
83740721152 bytes (84 GB, 78 GiB) copied, 595 s, 141 MB/s
83879985152 bytes (84 GB, 78 GiB) copied, 596 s, 141 MB/s
84017512448 bytes (84 GB, 78 GiB) copied, 597 s, 141 MB/s
84154744832 bytes (84 GB, 78 GiB) copied, 598 s, 141 MB/s
84293091328 bytes (84 GB, 79 GiB) copied, 599 s, 141 MB/s
84428652544 bytes (84 GB, 79 GiB) copied, 600 s, 141 MB/s
84566900736 bytes (85 GB, 79 GiB) copied, 601 s, 141 MB/s
84702691328 bytes (85 GB, 79 GiB) copied, 602 s, 141 MB/s
84842348544 bytes (85 GB, 79 GiB) copied, 603 s, 141 MB/s
84977909760 bytes (85 GB, 79 GiB) copied, 604 s, 141 MB/s
85116977152 bytes (85 GB, 79 GiB) copied, 605 s, 141 MB/s
85255258112 bytes (85 GB, 79 GiB) copied, 606 s, 141 MB/s
85390360576 bytes (85 GB, 80 GiB) copied, 607 s, 141 MB/s
85527986176 bytes (86 GB, 80 GiB) copied, 608 s, 141 MB/s
85666201600 bytes (86 GB, 80 GiB) copied, 609 s, 141 MB/s
85802778624 bytes (86 GB, 80 GiB) copied, 610 s, 141 MB/s
85938733056 bytes (86 GB, 80 GiB) copied, 611 s, 141 MB/s
86069116928 bytes (86 GB, 80 GiB) copied, 612 s, 141 MB/s
86199304192 bytes (86 GB, 80 GiB) copied, 613 s, 141 MB/s
86328442880 bytes (86 GB, 80 GiB) copied, 614 s, 141 MB/s
86458695680 bytes (86 GB, 81 GiB) copied, 615 s, 141 MB/s
86590029824 bytes (87 GB, 81 GiB) copied, 616 s, 141 MB/s
86722805760 bytes (87 GB, 81 GiB) copied, 617 s, 141 MB/s
86856564736 bytes (87 GB, 81 GiB) copied, 618 s, 141 MB/s
86990979072 bytes (87 GB, 81 GiB) copied, 619 s, 141 MB/s
87124574208 bytes (87 GB, 81 GiB) copied, 620 s, 141 MB/s
87257579520 bytes (87 GB, 81 GiB) copied, 621 s, 141 MB/s
87392747520 bytes (87 GB, 81 GiB) copied, 622 s, 141 MB/s
87526637568 bytes (88 GB, 82 GiB) copied, 623 s, 140 MB/s
87659937792 bytes (88 GB, 82 GiB) copied, 624 s, 140 MB/s
87793238016 bytes (88 GB, 82 GiB) copied, 625 s, 140 MB/s
87927160832 bytes (88 GB, 82 GiB) copied, 626 s, 140 MB/s
88061149184 bytes (88 GB, 82 GiB) copied, 627 s, 140 MB/s
88196120576 bytes (88 GB, 82 GiB) copied, 628 s, 140 MB/s
88328470528 bytes (88 GB, 82 GiB) copied, 629 s, 140 MB/s
88463147008 bytes (88 GB, 82 GiB) copied, 630 s, 140 MB/s
88596414464 bytes (89 GB, 83 GiB) copied, 631 s, 140 MB/s
88730796032 bytes (89 GB, 83 GiB) copied, 632 s, 140 MB/s
88864587776 bytes (89 GB, 83 GiB) copied, 633 s, 140 MB/s
88999657472 bytes (89 GB, 83 GiB) copied, 634 s, 140 MB/s
89133121536 bytes (89 GB, 83 GiB) copied, 635 s, 140 MB/s
89267175424 bytes (89 GB, 83 GiB) copied, 636 s, 140 MB/s
89400967168 bytes (89 GB, 83 GiB) copied, 637 s, 140 MB/s
89534758912 bytes (90 GB, 83 GiB) copied, 638 s, 140 MB/s
89668157440 bytes (90 GB, 84 GiB) copied, 639 s, 140 MB/s
89800835072 bytes (90 GB, 84 GiB) copied, 640 s, 140 MB/s
89932496896 bytes (90 GB, 84 GiB) copied, 641 s, 140 MB/s
90065272832 bytes (90 GB, 84 GiB) copied, 642 s, 140 MB/s
90199425024 bytes (90 GB, 84 GiB) copied, 643 s, 140 MB/s
90332495872 bytes (90 GB, 84 GiB) copied, 644 s, 140 MB/s
90467729408 bytes (90 GB, 84 GiB) copied, 645 s, 140 MB/s
90601095168 bytes (91 GB, 84 GiB) copied, 646 s, 140 MB/s
90733707264 bytes (91 GB, 85 GiB) copied, 647 s, 140 MB/s
90867761152 bytes (91 GB, 85 GiB) copied, 648 s, 140 MB/s
91001782272 bytes (91 GB, 85 GiB) copied, 649 s, 140 MB/s
91137245184 bytes (91 GB, 85 GiB) copied, 650 s, 140 MB/s
91269693440 bytes (91 GB, 85 GiB) copied, 651 s, 140 MB/s
91403321344 bytes (91 GB, 85 GiB) copied, 652 s, 140 MB/s
91538096128 bytes (92 GB, 85 GiB) copied, 653 s, 140 MB/s
91675262976 bytes (92 GB, 85 GiB) copied, 654 s, 140 MB/s
91813249024 bytes (92 GB, 86 GiB) copied, 655 s, 140 MB/s
91951562752 bytes (92 GB, 86 GiB) copied, 656 s, 140 MB/s
92088434688 bytes (92 GB, 86 GiB) copied, 657 s, 140 MB/s
92225929216 bytes (92 GB, 86 GiB) copied, 658 s, 140 MB/s
92362244096 bytes (92 GB, 86 GiB) copied, 659 s, 140 MB/s
92500033536 bytes (93 GB, 86 GiB) copied, 660 s, 140 MB/s
92636839936 bytes (93 GB, 86 GiB) copied, 661 s, 140 MB/s
92775383040 bytes (93 GB, 86 GiB) copied, 662 s, 140 MB/s
92911632384 bytes (93 GB, 87 GiB) copied, 663 s, 140 MB/s
93050011648 bytes (93 GB, 87 GiB) copied, 664 s, 140 MB/s
93188554752 bytes (93 GB, 87 GiB) copied, 665 s, 140 MB/s
93323558912 bytes (93 GB, 87 GiB) copied, 666 s, 140 MB/s
93460430848 bytes (93 GB, 87 GiB) copied, 667 s, 140 MB/s
93598121984 bytes (94 GB, 87 GiB) copied, 668 s, 140 MB/s
93737779200 bytes (94 GB, 87 GiB) copied, 669 s, 140 MB/s
93875404800 bytes (94 GB, 87 GiB) copied, 670 s, 140 MB/s
94011621376 bytes (94 GB, 88 GiB) copied, 671 s, 140 MB/s
94148689920 bytes (94 GB, 88 GiB) copied, 672 s, 140 MB/s
94287200256 bytes (94 GB, 88 GiB) copied, 673 s, 140 MB/s
94423547904 bytes (94 GB, 88 GiB) copied, 674 s, 140 MB/s
94561599488 bytes (95 GB, 88 GiB) copied, 675 s, 140 MB/s
94700142592 bytes (95 GB, 88 GiB) copied, 676 s, 140 MB/s
94836228096 bytes (95 GB, 88 GiB) copied, 677 s, 140 MB/s
94972936192 bytes (95 GB, 88 GiB) copied, 678 s, 140 MB/s
95112396800 bytes (95 GB, 89 GiB) copied, 679 s, 140 MB/s
95247761408 bytes (95 GB, 89 GiB) copied, 680 s, 140 MB/s
95387549696 bytes (95 GB, 89 GiB) copied, 681 s, 140 MB/s
95523995648 bytes (96 GB, 89 GiB) copied, 682 s, 140 MB/s
95662440448 bytes (96 GB, 89 GiB) copied, 683 s, 140 MB/s
95797313536 bytes (96 GB, 89 GiB) copied, 684 s, 140 MB/s
95937134592 bytes (96 GB, 89 GiB) copied, 685 s, 140 MB/s
96074137600 bytes (96 GB, 89 GiB) copied, 686 s, 140 MB/s
96210878464 bytes (96 GB, 90 GiB) copied, 687 s, 140 MB/s
96346996736 bytes (96 GB, 90 GiB) copied, 688 s, 140 MB/s
96486424576 bytes (96 GB, 90 GiB) copied, 689 s, 140 MB/s
96622641152 bytes (97 GB, 90 GiB) copied, 690 s, 140 MB/s
96760627200 bytes (97 GB, 90 GiB) copied, 691 s, 140 MB/s
96897826816 bytes (97 GB, 90 GiB) copied, 692 s, 140 MB/s
97034305536 bytes (97 GB, 90 GiB) copied, 693 s, 140 MB/s
97174126592 bytes (97 GB, 91 GiB) copied, 694 s, 140 MB/s
97310441472 bytes (97 GB, 91 GiB) copied, 695 s, 140 MB/s
97447182336 bytes (97 GB, 91 GiB) copied, 696 s, 140 MB/s
97584807936 bytes (98 GB, 91 GiB) copied, 697 s, 140 MB/s
97721876480 bytes (98 GB, 91 GiB) copied, 698 s, 140 MB/s
97861140480 bytes (98 GB, 91 GiB) copied, 699 s, 140 MB/s
97996439552 bytes (98 GB, 91 GiB) copied, 700 s, 140 MB/s
98134392832 bytes (98 GB, 91 GiB) copied, 701 s, 140 MB/s
98272575488 bytes (98 GB, 92 GiB) copied, 702 s, 140 MB/s
98411118592 bytes (98 GB, 92 GiB) copied, 703 s, 140 MB/s
98547204096 bytes (99 GB, 92 GiB) copied, 704 s, 140 MB/s
98685747200 bytes (99 GB, 92 GiB) copied, 705 s, 140 MB/s
98821603328 bytes (99 GB, 92 GiB) copied, 706 s, 140 MB/s
98960080896 bytes (99 GB, 92 GiB) copied, 707 s, 140 MB/s
99095838720 bytes (99 GB, 92 GiB) copied, 708 s, 140 MB/s
99235299328 bytes (99 GB, 92 GiB) copied, 709 s, 140 MB/s
99371352064 bytes (99 GB, 93 GiB) copied, 710 s, 140 MB/s
99510059008 bytes (100 GB, 93 GiB) copied, 711 s, 140 MB/s
99648110592 bytes (100 GB, 93 GiB) copied, 712 s, 140 MB/s
99784196096 bytes (100 GB, 93 GiB) copied, 713 s, 140 MB/s
99922739200 bytes (100 GB, 93 GiB) copied, 714 s, 140 MB/s
100058791936 bytes (100 GB, 93 GiB) copied, 715 s, 140 MB/s
100197335040 bytes (100 GB, 93 GiB) copied, 716 s, 140 MB/s
100333584384 bytes (100 GB, 93 GiB) copied, 717 s, 140 MB/s
100471046144 bytes (100 GB, 94 GiB) copied, 718 s, 140 MB/s
100608638976 bytes (101 GB, 94 GiB) copied, 719 s, 140 MB/s
100748361728 bytes (101 GB, 94 GiB) copied, 720 s, 140 MB/s
100885102592 bytes (101 GB, 94 GiB) copied, 721 s, 140 MB/s
101023645696 bytes (101 GB, 94 GiB) copied, 722 s, 140 MB/s
101160091648 bytes (101 GB, 94 GiB) copied, 723 s, 140 MB/s
101296635904 bytes (101 GB, 94 GiB) copied, 724 s, 140 MB/s
101436686336 bytes (101 GB, 94 GiB) copied, 725 s, 140 MB/s
101572870144 bytes (102 GB, 95 GiB) copied, 726 s, 140 MB/s
101710200832 bytes (102 GB, 95 GiB) copied, 727 s, 140 MB/s
101850021888 bytes (102 GB, 95 GiB) copied, 728 s, 140 MB/s
101987876864 bytes (102 GB, 95 GiB) copied, 729 s, 140 MB/s
102125928448 bytes (102 GB, 95 GiB) copied, 730 s, 140 MB/s
102264897536 bytes (102 GB, 95 GiB) copied, 731 s, 140 MB/s
102404292608 bytes (102 GB, 95 GiB) copied, 732 s, 140 MB/s
102542671872 bytes (103 GB, 96 GiB) copied, 733 s, 140 MB/s
102679937024 bytes (103 GB, 96 GiB) copied, 734 s, 140 MB/s
102818676736 bytes (103 GB, 96 GiB) copied, 735 s, 140 MB/s
102955220992 bytes (103 GB, 96 GiB) copied, 736 s, 140 MB/s
103094059008 bytes (103 GB, 96 GiB) copied, 737 s, 140 MB/s
103230439424 bytes (103 GB, 96 GiB) copied, 738 s, 140 MB/s
103368982528 bytes (103 GB, 96 GiB) copied, 739 s, 140 MB/s
103504183296 bytes (104 GB, 96 GiB) copied, 740 s, 140 MB/s
103643578368 bytes (104 GB, 97 GiB) copied, 741 s, 140 MB/s
103783137280 bytes (104 GB, 97 GiB) copied, 742 s, 140 MB/s
103920697344 bytes (104 GB, 97 GiB) copied, 743 s, 140 MB/s
104059240448 bytes (104 GB, 97 GiB) copied, 744 s, 140 MB/s
104195391488 bytes (104 GB, 97 GiB) copied, 745 s, 140 MB/s
104333836288 bytes (104 GB, 97 GiB) copied, 746 s, 140 MB/s
104470609920 bytes (104 GB, 97 GiB) copied, 747 s, 140 MB/s
104609480704 bytes (105 GB, 97 GiB) copied, 748 s, 140 MB/s
104745566208 bytes (105 GB, 98 GiB) copied, 749 s, 140 MB/s
104884895744 bytes (105 GB, 98 GiB) copied, 750 s, 140 MB/s
105020620800 bytes (105 GB, 98 GiB) copied, 751 s, 140 MB/s
105157296128 bytes (105 GB, 98 GiB) copied, 752 s, 140 MB/s
105296232448 bytes (105 GB, 98 GiB) copied, 753 s, 140 MB/s
105434775552 bytes (105 GB, 98 GiB) copied, 754 s, 140 MB/s
105570828288 bytes (106 GB, 98 GiB) copied, 755 s, 140 MB/s
105709371392 bytes (106 GB, 98 GiB) copied, 756 s, 140 MB/s
105845358592 bytes (106 GB, 99 GiB) copied, 757 s, 140 MB/s
105983442944 bytes (106 GB, 99 GiB) copied, 758 s, 140 MB/s
106121068544 bytes (106 GB, 99 GiB) copied, 759 s, 140 MB/s
106259775488 bytes (106 GB, 99 GiB) copied, 760 s, 140 MB/s
106398613504 bytes (106 GB, 99 GiB) copied, 761 s, 140 MB/s
106534993920 bytes (107 GB, 99 GiB) copied, 762 s, 140 MB/s
106673602560 bytes (107 GB, 99 GiB) copied, 763 s, 140 MB/s
106810310656 bytes (107 GB, 99 GiB) copied, 764 s, 140 MB/s
106947510272 bytes (107 GB, 100 GiB) copied, 765 s, 140 MB/s
107084906496 bytes (107 GB, 100 GiB) copied, 766 s, 140 MB/s
107222302720 bytes (107 GB, 100 GiB) copied, 767 s, 140 MB/s
107358420992 bytes (107 GB, 100 GiB) copied, 768 s, 140 MB/s
107497488384 bytes (107 GB, 100 GiB) copied, 769 s, 140 MB/s
107633410048 bytes (108 GB, 100 GiB) copied, 770 s, 140 MB/s
107772739584 bytes (108 GB, 100 GiB) copied, 771 s, 140 MB/s
107909906432 bytes (108 GB, 100 GiB) copied, 772 s, 140 MB/s
108047532032 bytes (108 GB, 101 GiB) copied, 773 s, 140 MB/s
108186402816 bytes (108 GB, 101 GiB) copied, 774 s, 140 MB/s
108321767424 bytes (108 GB, 101 GiB) copied, 775 s, 140 MB/s
108461621248 bytes (108 GB, 101 GiB) copied, 776 s, 140 MB/s
108598984704 bytes (109 GB, 101 GiB) copied, 777 s, 140 MB/s
108736774144 bytes (109 GB, 101 GiB) copied, 778 s, 140 MB/s
108872466432 bytes (109 GB, 101 GiB) copied, 779 s, 140 MB/s
109010386944 bytes (109 GB, 102 GiB) copied, 780 s, 140 MB/s
109148209152 bytes (109 GB, 102 GiB) copied, 781 s, 140 MB/s
109286752256 bytes (109 GB, 102 GiB) copied, 782 s, 140 MB/s
109423755264 bytes (109 GB, 102 GiB) copied, 783 s, 140 MB/s
109560299520 bytes (110 GB, 102 GiB) copied, 784 s, 140 MB/s
109696843776 bytes (110 GB, 102 GiB) copied, 785 s, 140 MB/s
109834240000 bytes (110 GB, 102 GiB) copied, 786 s, 140 MB/s
109972062208 bytes (110 GB, 102 GiB) copied, 787 s, 140 MB/s
110110605312 bytes (110 GB, 103 GiB) copied, 788 s, 140 MB/s
110247116800 bytes (110 GB, 103 GiB) copied, 789 s, 140 MB/s
110385528832 bytes (110 GB, 103 GiB) copied, 790 s, 140 MB/s
110523744256 bytes (111 GB, 103 GiB) copied, 791 s, 140 MB/s
110660616192 bytes (111 GB, 103 GiB) copied, 792 s, 140 MB/s
110797291520 bytes (111 GB, 103 GiB) copied, 793 s, 140 MB/s
110934425600 bytes (111 GB, 103 GiB) copied, 794 s, 140 MB/s
111072378880 bytes (111 GB, 103 GiB) copied, 795 s, 140 MB/s
111210758144 bytes (111 GB, 104 GiB) copied, 796 s, 140 MB/s
111346810880 bytes (111 GB, 104 GiB) copied, 797 s, 140 MB/s
111484108800 bytes (111 GB, 104 GiB) copied, 798 s, 140 MB/s
111622193152 bytes (112 GB, 104 GiB) copied, 799 s, 140 MB/s
111759589376 bytes (112 GB, 104 GiB) copied, 800 s, 140 MB/s
111897739264 bytes (112 GB, 104 GiB) copied, 801 s, 140 MB/s
112034283520 bytes (112 GB, 104 GiB) copied, 802 s, 140 MB/s
112172695552 bytes (112 GB, 104 GiB) copied, 803 s, 140 MB/s
112307699712 bytes (112 GB, 105 GiB) copied, 804 s, 140 MB/s
112447651840 bytes (112 GB, 105 GiB) copied, 805 s, 140 MB/s
112583016448 bytes (113 GB, 105 GiB) copied, 806 s, 140 MB/s
112722804736 bytes (113 GB, 105 GiB) copied, 807 s, 140 MB/s
112859185152 bytes (113 GB, 105 GiB) copied, 808 s, 140 MB/s
112997728256 bytes (113 GB, 105 GiB) copied, 809 s, 140 MB/s
113134501888 bytes (113 GB, 105 GiB) copied, 810 s, 140 MB/s
113272356864 bytes (113 GB, 105 GiB) copied, 811 s, 140 MB/s
113408409600 bytes (113 GB, 106 GiB) copied, 812 s, 140 MB/s
113546952704 bytes (114 GB, 106 GiB) copied, 813 s, 140 MB/s
113684742144 bytes (114 GB, 106 GiB) copied, 814 s, 140 MB/s
113821515776 bytes (114 GB, 106 GiB) copied, 815 s, 140 MB/s
113957044224 bytes (114 GB, 106 GiB) copied, 816 s, 140 MB/s
114096177152 bytes (114 GB, 106 GiB) copied, 817 s, 140 MB/s
114234720256 bytes (114 GB, 106 GiB) copied, 818 s, 140 MB/s
114370805760 bytes (114 GB, 107 GiB) copied, 819 s, 140 MB/s
114509348864 bytes (115 GB, 107 GiB) copied, 820 s, 140 MB/s
114644549632 bytes (115 GB, 107 GiB) copied, 821 s, 140 MB/s
114783387648 bytes (115 GB, 107 GiB) copied, 822 s, 140 MB/s
114920030208 bytes (115 GB, 107 GiB) copied, 823 s, 140 MB/s
115057000448 bytes (115 GB, 107 GiB) copied, 824 s, 140 MB/s
115196919808 bytes (115 GB, 107 GiB) copied, 825 s, 140 MB/s
115333693440 bytes (115 GB, 107 GiB) copied, 826 s, 140 MB/s
115471417344 bytes (115 GB, 108 GiB) copied, 827 s, 140 MB/s
115607797760 bytes (116 GB, 108 GiB) copied, 828 s, 140 MB/s
115745292288 bytes (116 GB, 108 GiB) copied, 829 s, 140 MB/s
115882393600 bytes (116 GB, 108 GiB) copied, 830 s, 140 MB/s
116020936704 bytes (116 GB, 108 GiB) copied, 831 s, 140 MB/s
116157022208 bytes (116 GB, 108 GiB) copied, 832 s, 140 MB/s
116295565312 bytes (116 GB, 108 GiB) copied, 833 s, 140 MB/s
116431880192 bytes (116 GB, 108 GiB) copied, 834 s, 140 MB/s
116570423296 bytes (117 GB, 109 GiB) copied, 835 s, 140 MB/s
116708704256 bytes (117 GB, 109 GiB) copied, 836 s, 140 MB/s
116843675648 bytes (117 GB, 109 GiB) copied, 837 s, 140 MB/s
116983332864 bytes (117 GB, 109 GiB) copied, 838 s, 140 MB/s
117118500864 bytes (117 GB, 109 GiB) copied, 839 s, 140 MB/s
117256224768 bytes (117 GB, 109 GiB) copied, 840 s, 140 MB/s
117395718144 bytes (117 GB, 109 GiB) copied, 841 s, 140 MB/s
117532557312 bytes (118 GB, 109 GiB) copied, 842 s, 140 MB/s
117669658624 bytes (118 GB, 110 GiB) copied, 843 s, 140 MB/s
117807579136 bytes (118 GB, 110 GiB) copied, 844 s, 140 MB/s
117944942592 bytes (118 GB, 110 GiB) copied, 845 s, 140 MB/s
118082699264 bytes (118 GB, 110 GiB) copied, 846 s, 140 MB/s
118218424320 bytes (118 GB, 110 GiB) copied, 847 s, 140 MB/s
118356377600 bytes (118 GB, 110 GiB) copied, 848 s, 140 MB/s
118494920704 bytes (118 GB, 110 GiB) copied, 849 s, 140 MB/s
118631006208 bytes (119 GB, 110 GiB) copied, 850 s, 140 MB/s
118769549312 bytes (119 GB, 111 GiB) copied, 851 s, 140 MB/s
118906060800 bytes (119 GB, 111 GiB) copied, 852 s, 140 MB/s
119044046848 bytes (119 GB, 111 GiB) copied, 853 s, 140 MB/s
119179771904 bytes (119 GB, 111 GiB) copied, 854 s, 140 MB/s
119318773760 bytes (119 GB, 111 GiB) copied, 855 s, 140 MB/s
119455055872 bytes (119 GB, 111 GiB) copied, 856 s, 140 MB/s
119592321024 bytes (120 GB, 111 GiB) copied, 857 s, 140 MB/s
119731912704 bytes (120 GB, 112 GiB) copied, 858 s, 140 MB/s
119867998208 bytes (120 GB, 112 GiB) copied, 859 s, 140 MB/s
120004640768 bytes (120 GB, 112 GiB) copied, 860 s, 140 MB/s
0+3642636 records in
0+3642636 records out
120036786176 bytes (120 GB, 112 GiB) copied, 892,234 s, 135 MB/s
Verification successful. PSBBN image installed successfully.

What size would you like the "Music" partition to be?
Minimum 10 GB, Maximum 40 GB

You have selected 20 GB for the "Music" partition.

What size would you like the "POPS" partition to be?
The "POPS" partition is where PS1 games are stored.
Minimum 10 GB, Maximum 73 GB
Minimum 10 GB, Maximum 73 GB

You have selected 30 GB for the "POPS" partition.
This will allow for 445 games in the PSBBN Game Channel.
If you require more games, reduce the size of your Music/POPS partitions.
pfsshell for POSIX systems
https://github.com/ps2homebrew/pfsshell

This program uses pfs, apa, iomanX, 
code from ps2sdk (https://github.com/ps2dev/ps2sdk)

Type "help" for a list of commands.

> # # # # hdd: PS2 APA Driver v2.5 (c) 2003 Vector
hdd: max open = 1, 3 buffers
hdd: 19:48:52 02/12/2025
hdd: disk0: 0xe8e088af sectors, max 0x04000000
hdd: checking log...
hdd: drive status 0, format version 00000002
hdd: version 0000 driver start.
pfs Playstation Filesystem Driver v2.2
ps2fs: (c) 2003 Sjeep, Vector and Florin Sasu
pfs Max mount: 1, Max open: 1, Number of buffers: 10
pfs version 0000 driver start.
Main partition of 16G created.
Sub partition of 2G created.
Main partition of 16G created.
Sub partition of 8G created.
Sub partition of 4G created.
Sub partition of 2G created.
pfs: Format: log.number = 8720, log.count = 16
pfs: Format sub: sub = 0, sector start = 8208, sector end = 8719
pfs: Format sub: sub = 1, sector start = 16, sector end = 271
pfs: Format sub: sub = 2, sector start = 16, sector end = 143
pfs: Format sub: sub = 3, sector start = 16, sector end = 79
Main partition of 128M created.
pfs: Format: log.number = 8224, log.count = 16
pfs: Format sub: sub = 0, sector start = 8208, sector end = 8211
pfsshell for POSIX systems
https://github.com/ps2homebrew/pfsshell

This program uses pfs, apa, iomanX, 
code from ps2sdk (https://github.com/ps2dev/ps2sdk)

Type "help" for a list of commands.

> # (!) Exit code is -1.
# (!) Exit code is -1.
# (!) Exit code is -1.
# hdd: PS2 APA Driver v2.5 (c) 2003 Vector
hdd: max open = 1, 3 buffers
hdd: 19:48:52 02/12/2025
hdd: disk0: 0xe8e088af sectors, max 0x04000000
hdd: checking log...
hdd: drive status 0, format version 00000002
hdd: version 0000 driver start.
pfs Playstation Filesystem Driver v2.2
ps2fs: (c) 2003 Sjeep, Vector and Florin Sasu
pfs Max mount: 1, Max open: 1, Number of buffers: 10
pfs version 0000 driver start.
__linux.8: partition already exists.
__.POPS: partition already exists.
+OPL: partition already exists.

Installing POPS and OPL...
pfsshell for POSIX systems
https://github.com/ps2homebrew/pfsshell

This program uses pfs, apa, iomanX, 
code from ps2sdk (https://github.com/ps2dev/ps2sdk)

Type "help" for a list of commands.

> # +OPL:/# +OPL:/# # __common:/# __common:/# __common:/POPS# __common:/POPS# __common:/POPS# __common:/POPS# __common:/POPS# __common:/POPS# __common:/POPS# __common:/# # hdd: PS2 APA Driver v2.5 (c) 2003 Vector
hdd: max open = 1, 3 buffers
hdd: 19:48:52 02/12/2025
hdd: disk0: 0xe8e088af sectors, max 0x04000000
hdd: checking log...
hdd: drive status 0, format version 00000002
hdd: version 0000 driver start.
pfs Playstation Filesystem Driver v2.2
ps2fs: (c) 2003 Sjeep, Vector and Florin Sasu
pfs Max mount: 1, Max open: 1, Number of buffers: 10
pfs version 0000 driver start.

Running APA-Jail by Berion...
1+0 records in
1+0 records out
8 bytes copied, 0,0977909 s, 0,1 kB/s
Checking that no-one is using this disk right now ... OK

Disk /dev/sdd: 1,82 TiB, 2000398934016 bytes, 3907029168 sectors
Disk model: EXT             
Units: sectors of 1 * 512 = 512 bytes
Sector size (logical/physical): 512 bytes / 4096 bytes
I/O size (minimum/optimal): 4096 bytes / 4096 bytes

>>> Created a new DOS (MBR) disklabel with disk identifier 0x88c52197.
/dev/sdd1: Created a new partition 1 of type 'Hidden HPFS/NTFS' and of size 128 GiB.
/dev/sdd2: Created a new partition 2 of type 'Hidden HPFS/NTFS' and of size 32 MiB.
/dev/sdd3: Created a new partition 3 of type 'HPFS/NTFS/exFAT' and of size 1,7 TiB.
/dev/sdd4: Done.

New situation:
Disklabel type: dos
Disk identifier: 0x88c52197

Device     Boot     Start        End    Sectors  Size Id Type
/dev/sdd1            2048  268437503  268435456  128G 17 Hidden HPFS/NTFS
/dev/sdd2       268437504  268503039      65536   32M 17 Hidden HPFS/NTFS
/dev/sdd3       268503040 3907029167 3638526128  1,7T  7 HPFS/NTFS/exFAT

The partition table has been altered.
Calling ioctl() to re-read partition table.
Syncing disks.
mke2fs 1.47.0 (5-Feb-2023)
Creating filesystem with 8192 4k blocks and 8192 inodes

Allocating group tables: 0/1   done                            
Writing inode tables: 0/1   done                            
Writing superblocks and filesystem accounting information: 0/1   done

exfatprogs version : 1.2.2
Creating exFAT filesystem(/dev/sdd3, cluster size=32768)

Writing volume boot record: done
Writing backup volume boot record: done
Fat table creation: done
Allocation bitmap creation: done
Upcase table creation: done
Writing root directory entry: done
Synchronizing...

exFAT format complete!
1+0 records in
1+0 records out
33+0 records in
33+0 records out
2+0 records in
2+0 records out
1024 bytes (1,0 kB, 1,0 KiB) copied, 0,000111276 s, 9,2 MB/s
0+1 records in
0+1 records out
4 bytes copied, 8,3408e-05 s, 48,0 kB/s
POPS, Music and +OPL partitions were created successfully.
type   start     #parts size name
0x0001 00000000.:  1   128MB __mbr
0x0100 00040000.:  1   128MB __net
0x0100 00080000.:  1   256MB __system
0x0100 00100000.:  1   512MB __sysconf
0x0100 00200000.:  1  1024MB __common
0x0100 00400000.:  5  5120MB __contents
0x0088 00e00000.:  1   512MB __linux.4
0x0088 00f00000.:  1   512MB __linux.5
0x0088 01000000.:  1   128MB __linux.6
0x0082 01040000.:  1   128MB __linux.2
0x0088 01080000.:  1   256MB __linux.7
0x0088 01100000.:  1   512MB __linux.1
0x0088 01400000.:  2  3072MB __linux.9
0x0100 01800000.:  1   128MB PP.DISC
0x0100 01840000.:  1   128MB PP.WLE
0x0100 01880000.:  1   128MB PP.OPL
0x0100 01900000.*  1   128MB +OPL
0x0088 01c00000.:  2  3072MB __linux.3
0x0088 02000000.:  2 18432MB __linux.8
0x0100 06000000.:  4 30720MB __.POPS
Total slice size: 1907729MB, used: 65024MB, available: 1842688MB

PSBBN successfully installed.
########################################################################################################
pią, 28 lut 2025, 07:40:44 CET

Path set to: /home/dawid/PSBBN-Definitive-English-Patch
Helper files found.
The repository is up to date.

MODEL                       NAME          SIZE LABEL    MOUNTPOINT
SanDisk X400 M.2 2280 128GB /dev/sda    119,2G          
                            ├─/dev/sda1    16M          
                            ├─/dev/sda2   540M          
                            ├─/dev/sda3   100M          
                            ├─/dev/sda4 117,8G          
                            └─/dev/sda5   854M          
LITEONIT LCT-512M3S         /dev/sdb    476,9G          
                            ├─/dev/sdb1    16M          
                            ├─/dev/sdb2   540M          
                            ├─/dev/sdb3   100M          /boot/efi
                            ├─/dev/sdb4 475,7G          
                            └─/dev/sdb5   533M          
Expansion                   /dev/sdc      1,4T          
                            └─/dev/sdc1   1,4T Retro    /media/dawid/Retro
TOSHIBA MQ01ABD050          /dev/sdd    465,8G          
                            ├─/dev/sdd1   512M          
                            └─/dev/sdd2 465,3G          /
ST2000LV000-2G2174          /dev/sde      1,8T          
                            ├─/dev/sde1   128G          
                            ├─/dev/sde2    32M RECOVERY 
                            └─/dev/sde3   1,7T OPL      /media/dawid/OPL

Are you sure you want to write to /dev/sde?

Unmounting /media/dawid/OPL...
Failed to unmount /media/dawid/OPL. Please unmount manually.
########################################################################################################
pią, 28 lut 2025, 07:41:18 CET

Path set to: /home/dawid/PSBBN-Definitive-English-Patch
Helper files found.
The repository is up to date.

MODEL                       NAME          SIZE LABEL    MOUNTPOINT
SanDisk X400 M.2 2280 128GB /dev/sda    119,2G          
                            ├─/dev/sda1    16M          
                            ├─/dev/sda2   540M          
                            ├─/dev/sda3   100M          
                            ├─/dev/sda4 117,8G          
                            └─/dev/sda5   854M          
LITEONIT LCT-512M3S         /dev/sdb    476,9G          
                            ├─/dev/sdb1    16M          
                            ├─/dev/sdb2   540M          
                            ├─/dev/sdb3   100M          /boot/efi
                            ├─/dev/sdb4 475,7G          
                            └─/dev/sdb5   533M          
Expansion                   /dev/sdc      1,4T          
                            └─/dev/sdc1   1,4T Retro    /media/dawid/Retro
TOSHIBA MQ01ABD050          /dev/sdd    465,8G          
                            ├─/dev/sdd1   512M          
                            └─/dev/sdd2 465,3G          /
ST2000LV000-2G2174          /dev/sde      1,8T          
                            ├─/dev/sde1   128G          
                            ├─/dev/sde2    32M RECOVERY 
                            └─/dev/sde3   1,7T OPL      /media/dawid/OPL

Are you sure you want to write to /dev/sde?

Unmounting /media/dawid/OPL...
Failed to unmount /media/dawid/OPL. Please unmount manually.
########################################################################################################
pią, 28 lut 2025, 07:47:39 CET

Path set to: /home/dawid/PSBBN-Definitive-English-Patch
Helper files found.
The repository is up to date.

MODEL                       NAME          SIZE LABEL    MOUNTPOINT
SanDisk X400 M.2 2280 128GB /dev/sda    119,2G          
                            ├─/dev/sda1    16M          
                            ├─/dev/sda2   540M          
                            ├─/dev/sda3   100M          
                            ├─/dev/sda4 117,8G          
                            └─/dev/sda5   854M          
LITEONIT LCT-512M3S         /dev/sdb    476,9G          
                            ├─/dev/sdb1    16M          
                            ├─/dev/sdb2   540M          
                            ├─/dev/sdb3   100M          /boot/efi
                            ├─/dev/sdb4 475,7G          
                            └─/dev/sdb5   533M          
Expansion                   /dev/sdc      1,4T          
                            └─/dev/sdc1   1,4T Retro    /media/dawid/Retro
TOSHIBA MQ01ABD050          /dev/sdd    465,8G          
                            ├─/dev/sdd1   512M          
                            └─/dev/sdd2 465,3G          /
ST2000LV000-2G2174          /dev/sde      1,8T          
                            ├─/dev/sde1   128G          
                            ├─/dev/sde2    32M RECOVERY 
                            └─/dev/sde3   1,7T OPL      /media/dawid/OPL

Are you sure you want to write to /dev/sde?

Unmounting /media/dawid/OPL...
Successfully unmounted /media/dawid/OPL.

Checking for latest version of the PSBBN Definitive English patch...
--2025-02-28 07:48:47--  https://archive.org/download/psbbn-definitive-english-patch-v2
Resolving archive.org (archive.org)... 207.241.224.2
Connecting to archive.org (archive.org)|207.241.224.2|:443... connected.
HTTP request sent, awaiting response... 200 OK
Length: unspecified [text/html]
Saving to: ‘/tmp/tmp.8GGKkdUhrW’

     0K .......... .......... .......... .......... ..........  305K
    50K .......... .......... .......... .......... ..........  244K
   100K .......... .......... .......... ....                  43,5M=0,4s

2025-02-28 07:48:49 (364 KB/s) - ‘/tmp/tmp.8GGKkdUhrW’ saved [137500]

Latest version of PSBBN Definitive English patch is v2.01
File psbbn-definitive-image-v2.01.gz exists in /home/dawid/PSBBN-Definitive-English-Patch/assets.
Skipping download

Both POPS.ELF and IOPRP252.IMG exist in /home/dawid/PSBBN-Definitive-English-Patch/assets.
Skipping download

Writing the PSBBN image to /dev/sde...

220135424 bytes (220 MB, 210 MiB) copied, 1 s, 220 MB/s
439615488 bytes (440 MB, 419 MiB) copied, 2 s, 220 MB/s
654737408 bytes (655 MB, 624 MiB) copied, 3 s, 218 MB/s
897384448 bytes (897 MB, 856 MiB) copied, 4 s, 224 MB/s
1138589696 bytes (1,1 GB, 1,1 GiB) copied, 5 s, 228 MB/s
1374650368 bytes (1,4 GB, 1,3 GiB) copied, 6 s, 229 MB/s
1611563008 bytes (1,6 GB, 1,5 GiB) copied, 7 s, 230 MB/s
1847754752 bytes (1,8 GB, 1,7 GiB) copied, 8 s, 231 MB/s
2085355520 bytes (2,1 GB, 1,9 GiB) copied, 9 s, 232 MB/s
2322137088 bytes (2,3 GB, 2,2 GiB) copied, 10 s, 232 MB/s
2558033920 bytes (2,6 GB, 2,4 GiB) copied, 11 s, 233 MB/s
2795208704 bytes (2,8 GB, 2,6 GiB) copied, 12 s, 233 MB/s
2950234112 bytes (3,0 GB, 2,7 GiB) copied, 13 s, 227 MB/s
3073638400 bytes (3,1 GB, 2,9 GiB) copied, 14 s, 219 MB/s
3180494848 bytes (3,2 GB, 3,0 GiB) copied, 15 s, 212 MB/s
3270344704 bytes (3,3 GB, 3,0 GiB) copied, 16 s, 204 MB/s
3344596992 bytes (3,3 GB, 3,1 GiB) copied, 17 s, 197 MB/s
3403153408 bytes (3,4 GB, 3,2 GiB) copied, 18 s, 189 MB/s
3450699776 bytes (3,5 GB, 3,2 GiB) copied, 19 s, 182 MB/s
3491332096 bytes (3,5 GB, 3,3 GiB) copied, 20 s, 175 MB/s
3529605120 bytes (3,5 GB, 3,3 GiB) copied, 21 s, 168 MB/s
3565846528 bytes (3,6 GB, 3,3 GiB) copied, 22 s, 162 MB/s
3603693568 bytes (3,6 GB, 3,4 GiB) copied, 23 s, 157 MB/s
3640426496 bytes (3,6 GB, 3,4 GiB) copied, 24 s, 152 MB/s
3678437376 bytes (3,7 GB, 3,4 GiB) copied, 25 s, 147 MB/s
3716841472 bytes (3,7 GB, 3,5 GiB) copied, 26 s, 143 MB/s
3754885120 bytes (3,8 GB, 3,5 GiB) copied, 27 s, 139 MB/s
3794305024 bytes (3,8 GB, 3,5 GiB) copied, 28 s, 136 MB/s
3834773504 bytes (3,8 GB, 3,6 GiB) copied, 29 s, 132 MB/s
3874390016 bytes (3,9 GB, 3,6 GiB) copied, 30 s, 129 MB/s
3913842688 bytes (3,9 GB, 3,6 GiB) copied, 31 s, 126 MB/s
3953328128 bytes (4,0 GB, 3,7 GiB) copied, 32 s, 124 MB/s
3993927680 bytes (4,0 GB, 3,7 GiB) copied, 33 s, 121 MB/s
4036198400 bytes (4,0 GB, 3,8 GiB) copied, 34 s, 119 MB/s
4077944832 bytes (4,1 GB, 3,8 GiB) copied, 35 s, 116 MB/s
4119166976 bytes (4,1 GB, 3,8 GiB) copied, 36 s, 114 MB/s
4160389120 bytes (4,2 GB, 3,9 GiB) copied, 37 s, 112 MB/s
4201218048 bytes (4,2 GB, 3,9 GiB) copied, 38 s, 111 MB/s
4242243584 bytes (4,2 GB, 4,0 GiB) copied, 39 s, 109 MB/s
4283236352 bytes (4,3 GB, 4,0 GiB) copied, 40 s, 107 MB/s
4324229120 bytes (4,3 GB, 4,0 GiB) copied, 41 s, 105 MB/s
4366172160 bytes (4,4 GB, 4,1 GiB) copied, 42 s, 104 MB/s
4408934400 bytes (4,4 GB, 4,1 GiB) copied, 43 s, 103 MB/s
4451729408 bytes (4,5 GB, 4,1 GiB) copied, 44 s, 101 MB/s
4496293888 bytes (4,5 GB, 4,2 GiB) copied, 45 s, 99,9 MB/s
4540137472 bytes (4,5 GB, 4,2 GiB) copied, 46 s, 98,7 MB/s
4584046592 bytes (4,6 GB, 4,3 GiB) copied, 47 s, 97,5 MB/s
4627824640 bytes (4,6 GB, 4,3 GiB) copied, 48 s, 96,4 MB/s
4671832064 bytes (4,7 GB, 4,4 GiB) copied, 49 s, 95,3 MB/s
4715216896 bytes (4,7 GB, 4,4 GiB) copied, 50 s, 94,3 MB/s
4759027712 bytes (4,8 GB, 4,4 GiB) copied, 51 s, 93,3 MB/s
4802609152 bytes (4,8 GB, 4,5 GiB) copied, 52 s, 92,4 MB/s
4846452736 bytes (4,8 GB, 4,5 GiB) copied, 53 s, 91,4 MB/s
4889444352 bytes (4,9 GB, 4,6 GiB) copied, 54 s, 90,5 MB/s
4932861952 bytes (4,9 GB, 4,6 GiB) copied, 55 s, 89,7 MB/s
4976279552 bytes (5,0 GB, 4,6 GiB) copied, 56 s, 88,9 MB/s
5019697152 bytes (5,0 GB, 4,7 GiB) copied, 57 s, 88,1 MB/s
5063540736 bytes (5,1 GB, 4,7 GiB) copied, 58 s, 87,3 MB/s
5106892800 bytes (5,1 GB, 4,8 GiB) copied, 59 s, 86,6 MB/s
5150375936 bytes (5,2 GB, 4,8 GiB) copied, 60 s, 85,8 MB/s
5193367552 bytes (5,2 GB, 4,8 GiB) copied, 61 s, 85,1 MB/s
5236785152 bytes (5,2 GB, 4,9 GiB) copied, 62 s, 84,5 MB/s
5280202752 bytes (5,3 GB, 4,9 GiB) copied, 63 s, 83,8 MB/s
5323620352 bytes (5,3 GB, 5,0 GiB) copied, 64 s, 83,2 MB/s
5367037952 bytes (5,4 GB, 5,0 GiB) copied, 65 s, 82,6 MB/s
5410455552 bytes (5,4 GB, 5,0 GiB) copied, 66 s, 82,0 MB/s
5453873152 bytes (5,5 GB, 5,1 GiB) copied, 67 s, 81,4 MB/s
5497290752 bytes (5,5 GB, 5,1 GiB) copied, 68 s, 80,8 MB/s
5540708352 bytes (5,5 GB, 5,2 GiB) copied, 69 s, 80,3 MB/s
5583962112 bytes (5,6 GB, 5,2 GiB) copied, 70 s, 79,8 MB/s
5627412480 bytes (5,6 GB, 5,2 GiB) copied, 71 s, 79,2 MB/s
5669978112 bytes (5,7 GB, 5,3 GiB) copied, 72 s, 78,7 MB/s
5713428480 bytes (5,7 GB, 5,3 GiB) copied, 73 s, 78,3 MB/s
5755994112 bytes (5,8 GB, 5,4 GiB) copied, 74 s, 77,8 MB/s
5799444480 bytes (5,8 GB, 5,4 GiB) copied, 75 s, 77,3 MB/s
5842436096 bytes (5,8 GB, 5,4 GiB) copied, 76 s, 76,9 MB/s
5886738432 bytes (5,9 GB, 5,5 GiB) copied, 77 s, 76,4 MB/s
5931466752 bytes (5,9 GB, 5,5 GiB) copied, 78 s, 76,0 MB/s
5975932928 bytes (6,0 GB, 5,6 GiB) copied, 79 s, 75,6 MB/s
6020628480 bytes (6,0 GB, 5,6 GiB) copied, 80 s, 75,3 MB/s
6065618944 bytes (6,1 GB, 5,6 GiB) copied, 81 s, 74,9 MB/s
6109954048 bytes (6,1 GB, 5,7 GiB) copied, 82 s, 74,5 MB/s
6154977280 bytes (6,2 GB, 5,7 GiB) copied, 83 s, 74,2 MB/s
6199836672 bytes (6,2 GB, 5,8 GiB) copied, 84 s, 73,8 MB/s
6244139008 bytes (6,2 GB, 5,8 GiB) copied, 85 s, 73,5 MB/s
6288670720 bytes (6,3 GB, 5,9 GiB) copied, 86 s, 73,1 MB/s
6333562880 bytes (6,3 GB, 5,9 GiB) copied, 87 s, 72,8 MB/s
6378323968 bytes (6,4 GB, 5,9 GiB) copied, 88 s, 72,5 MB/s
6423478272 bytes (6,4 GB, 6,0 GiB) copied, 89 s, 72,2 MB/s
6467551232 bytes (6,5 GB, 6,0 GiB) copied, 90 s, 71,9 MB/s
6511656960 bytes (6,5 GB, 6,1 GiB) copied, 91 s, 71,6 MB/s
6555697152 bytes (6,6 GB, 6,1 GiB) copied, 92 s, 71,3 MB/s
6601048064 bytes (6,6 GB, 6,1 GiB) copied, 93 s, 71,0 MB/s
6644531200 bytes (6,6 GB, 6,2 GiB) copied, 94 s, 70,7 MB/s
6689521664 bytes (6,7 GB, 6,2 GiB) copied, 95 s, 70,4 MB/s
6733561856 bytes (6,7 GB, 6,3 GiB) copied, 96 s, 70,1 MB/s
6779142144 bytes (6,8 GB, 6,3 GiB) copied, 97 s, 69,9 MB/s
6824755200 bytes (6,8 GB, 6,4 GiB) copied, 98 s, 69,6 MB/s
6870335488 bytes (6,9 GB, 6,4 GiB) copied, 99 s, 69,4 MB/s
6915915776 bytes (6,9 GB, 6,4 GiB) copied, 100 s, 69,2 MB/s
6961070080 bytes (7,0 GB, 6,5 GiB) copied, 101 s, 68,9 MB/s
7006224384 bytes (7,0 GB, 6,5 GiB) copied, 102 s, 68,7 MB/s
7051640832 bytes (7,1 GB, 6,6 GiB) copied, 103 s, 68,5 MB/s
7096369152 bytes (7,1 GB, 6,6 GiB) copied, 104 s, 68,2 MB/s
7141228544 bytes (7,1 GB, 6,7 GiB) copied, 105 s, 68,0 MB/s
7185563648 bytes (7,2 GB, 6,7 GiB) copied, 106 s, 67,8 MB/s
7229014016 bytes (7,2 GB, 6,7 GiB) copied, 107 s, 67,6 MB/s
7272005632 bytes (7,3 GB, 6,8 GiB) copied, 108 s, 67,3 MB/s
7315292160 bytes (7,3 GB, 6,8 GiB) copied, 109 s, 67,1 MB/s
7360184320 bytes (7,4 GB, 6,9 GiB) copied, 110 s, 66,9 MB/s
7404748800 bytes (7,4 GB, 6,9 GiB) copied, 111 s, 66,7 MB/s
7449411584 bytes (7,4 GB, 6,9 GiB) copied, 112 s, 66,5 MB/s
7494991872 bytes (7,5 GB, 7,0 GiB) copied, 113 s, 66,3 MB/s
7540408320 bytes (7,5 GB, 7,0 GiB) copied, 114 s, 66,1 MB/s
7585136640 bytes (7,6 GB, 7,1 GiB) copied, 115 s, 66,0 MB/s
7629406208 bytes (7,6 GB, 7,1 GiB) copied, 116 s, 65,8 MB/s
7674593280 bytes (7,7 GB, 7,1 GiB) copied, 117 s, 65,6 MB/s
7718535168 bytes (7,7 GB, 7,2 GiB) copied, 118 s, 65,4 MB/s
7763722240 bytes (7,8 GB, 7,2 GiB) copied, 119 s, 65,2 MB/s
7807893504 bytes (7,8 GB, 7,3 GiB) copied, 120 s, 65,1 MB/s
7851671552 bytes (7,9 GB, 7,3 GiB) copied, 121 s, 64,9 MB/s
7896072192 bytes (7,9 GB, 7,4 GiB) copied, 122 s, 64,7 MB/s
7940374528 bytes (7,9 GB, 7,4 GiB) copied, 123 s, 64,6 MB/s
7985102848 bytes (8,0 GB, 7,4 GiB) copied, 124 s, 64,4 MB/s
8029569024 bytes (8,0 GB, 7,5 GiB) copied, 125 s, 64,2 MB/s
8073707520 bytes (8,1 GB, 7,5 GiB) copied, 126 s, 64,1 MB/s
8117878784 bytes (8,1 GB, 7,6 GiB) copied, 127 s, 63,9 MB/s
8162115584 bytes (8,2 GB, 7,6 GiB) copied, 128 s, 63,8 MB/s
8207433728 bytes (8,2 GB, 7,6 GiB) copied, 129 s, 63,6 MB/s
8252162048 bytes (8,3 GB, 7,7 GiB) copied, 130 s, 63,5 MB/s
8297480192 bytes (8,3 GB, 7,7 GiB) copied, 131 s, 63,3 MB/s
8341618688 bytes (8,3 GB, 7,8 GiB) copied, 132 s, 63,2 MB/s
8386248704 bytes (8,4 GB, 7,8 GiB) copied, 133 s, 63,1 MB/s
8431075328 bytes (8,4 GB, 7,9 GiB) copied, 134 s, 62,9 MB/s
8476131328 bytes (8,5 GB, 7,9 GiB) copied, 135 s, 62,8 MB/s
8520531968 bytes (8,5 GB, 7,9 GiB) copied, 136 s, 62,6 MB/s
8564834304 bytes (8,6 GB, 8,0 GiB) copied, 137 s, 62,5 MB/s
8609464320 bytes (8,6 GB, 8,0 GiB) copied, 138 s, 62,4 MB/s
8653864960 bytes (8,7 GB, 8,1 GiB) copied, 139 s, 62,3 MB/s
8699871232 bytes (8,7 GB, 8,1 GiB) copied, 140 s, 62,1 MB/s
8745025536 bytes (8,7 GB, 8,1 GiB) copied, 141 s, 62,0 MB/s
8789327872 bytes (8,8 GB, 8,2 GiB) copied, 142 s, 61,9 MB/s
8833630208 bytes (8,8 GB, 8,2 GiB) copied, 143 s, 61,8 MB/s
8878358528 bytes (8,9 GB, 8,3 GiB) copied, 144 s, 61,7 MB/s
8922660864 bytes (8,9 GB, 8,3 GiB) copied, 145 s, 61,5 MB/s
8967389184 bytes (9,0 GB, 8,4 GiB) copied, 146 s, 61,4 MB/s
9012117504 bytes (9,0 GB, 8,4 GiB) copied, 147 s, 61,3 MB/s
9056256000 bytes (9,1 GB, 8,4 GiB) copied, 148 s, 61,2 MB/s
9100492800 bytes (9,1 GB, 8,5 GiB) copied, 149 s, 61,1 MB/s
9143779328 bytes (9,1 GB, 8,5 GiB) copied, 150 s, 61,0 MB/s
9188868096 bytes (9,2 GB, 8,6 GiB) copied, 151 s, 60,9 MB/s
9233498112 bytes (9,2 GB, 8,6 GiB) copied, 152 s, 60,7 MB/s
9277898752 bytes (9,3 GB, 8,6 GiB) copied, 153 s, 60,6 MB/s
9322627072 bytes (9,3 GB, 8,7 GiB) copied, 154 s, 60,5 MB/s
9367355392 bytes (9,4 GB, 8,7 GiB) copied, 155 s, 60,4 MB/s
9412083712 bytes (9,4 GB, 8,8 GiB) copied, 156 s, 60,3 MB/s
9456386048 bytes (9,5 GB, 8,8 GiB) copied, 157 s, 60,2 MB/s
9501114368 bytes (9,5 GB, 8,8 GiB) copied, 158 s, 60,1 MB/s
9545973760 bytes (9,5 GB, 8,9 GiB) copied, 159 s, 60,0 MB/s
9590341632 bytes (9,6 GB, 8,9 GiB) copied, 160 s, 59,9 MB/s
9635299328 bytes (9,6 GB, 9,0 GiB) copied, 161 s, 59,8 MB/s
9680453632 bytes (9,7 GB, 9,0 GiB) copied, 162 s, 59,8 MB/s
9724755968 bytes (9,7 GB, 9,1 GiB) copied, 163 s, 59,7 MB/s
9769058304 bytes (9,8 GB, 9,1 GiB) copied, 164 s, 59,6 MB/s
9813753856 bytes (9,8 GB, 9,1 GiB) copied, 165 s, 59,5 MB/s
9857236992 bytes (9,9 GB, 9,2 GiB) copied, 166 s, 59,4 MB/s
9900851200 bytes (9,9 GB, 9,2 GiB) copied, 167 s, 59,3 MB/s
9944104960 bytes (9,9 GB, 9,3 GiB) copied, 168 s, 59,2 MB/s
9987981312 bytes (10 GB, 9,3 GiB) copied, 169 s, 59,1 MB/s 
10032283648 bytes (10 GB, 9,3 GiB) copied, 170 s, 59,0 MB/s
10075963392 bytes (10 GB, 9,4 GiB) copied, 171 s, 58,9 MB/s
10120429568 bytes (10 GB, 9,4 GiB) copied, 172 s, 58,8 MB/s
10164436992 bytes (10 GB, 9,5 GiB) copied, 173 s, 58,8 MB/s
10207756288 bytes (10 GB, 9,5 GiB) copied, 174 s, 58,7 MB/s
10250747904 bytes (10 GB, 9,5 GiB) copied, 175 s, 58,6 MB/s
10293772288 bytes (10 GB, 9,6 GiB) copied, 176 s, 58,5 MB/s
10336829440 bytes (10 GB, 9,6 GiB) copied, 177 s, 58,4 MB/s
10379788288 bytes (10 GB, 9,7 GiB) copied, 178 s, 58,3 MB/s
10422779904 bytes (10 GB, 9,7 GiB) copied, 179 s, 58,2 MB/s
10465837056 bytes (10 GB, 9,7 GiB) copied, 180 s, 58,1 MB/s
10509418496 bytes (11 GB, 9,8 GiB) copied, 181 s, 58,1 MB/s
10553950208 bytes (11 GB, 9,8 GiB) copied, 182 s, 58,0 MB/s
10598678528 bytes (11 GB, 9,9 GiB) copied, 183 s, 57,9 MB/s
10642817024 bytes (11 GB, 9,9 GiB) copied, 184 s, 57,8 MB/s
10686857216 bytes (11 GB, 10 GiB) copied, 185 s, 57,8 MB/s 
10730733568 bytes (11 GB, 10 GiB) copied, 186 s, 57,7 MB/s
10774806528 bytes (11 GB, 10 GiB) copied, 187 s, 57,6 MB/s
10820190208 bytes (11 GB, 10 GiB) copied, 188 s, 57,6 MB/s
10864656384 bytes (11 GB, 10 GiB) copied, 189 s, 57,5 MB/s
10909057024 bytes (11 GB, 10 GiB) copied, 190 s, 57,4 MB/s
10954801152 bytes (11 GB, 10 GiB) copied, 191 s, 57,4 MB/s
10999103488 bytes (11 GB, 10 GiB) copied, 192 s, 57,3 MB/s
11042947072 bytes (11 GB, 10 GiB) copied, 193 s, 57,2 MB/s
11088560128 bytes (11 GB, 10 GiB) copied, 194 s, 57,2 MB/s
11131977728 bytes (11 GB, 10 GiB) copied, 195 s, 57,1 MB/s
11176050688 bytes (11 GB, 10 GiB) copied, 196 s, 57,0 MB/s
11221401600 bytes (11 GB, 10 GiB) copied, 197 s, 57,0 MB/s
11265277952 bytes (11 GB, 10 GiB) copied, 198 s, 56,9 MB/s
11309613056 bytes (11 GB, 11 GiB) copied, 199 s, 56,8 MB/s
11353915392 bytes (11 GB, 11 GiB) copied, 200 s, 56,8 MB/s
11397332992 bytes (11 GB, 11 GiB) copied, 201 s, 56,7 MB/s
11440947200 bytes (11 GB, 11 GiB) copied, 202 s, 56,6 MB/s
11485511680 bytes (11 GB, 11 GiB) copied, 203 s, 56,6 MB/s
11529388032 bytes (12 GB, 11 GiB) copied, 204 s, 56,5 MB/s
11573198848 bytes (12 GB, 11 GiB) copied, 205 s, 56,5 MB/s
11617533952 bytes (12 GB, 11 GiB) copied, 206 s, 56,4 MB/s
11661410304 bytes (12 GB, 11 GiB) copied, 207 s, 56,3 MB/s
11706040320 bytes (12 GB, 11 GiB) copied, 208 s, 56,3 MB/s
11750277120 bytes (12 GB, 11 GiB) copied, 209 s, 56,2 MB/s
11793432576 bytes (12 GB, 11 GiB) copied, 210 s, 56,2 MB/s
11836456960 bytes (12 GB, 11 GiB) copied, 211 s, 56,1 MB/s
11879677952 bytes (12 GB, 11 GiB) copied, 212 s, 56,0 MB/s
11922472960 bytes (12 GB, 11 GiB) copied, 213 s, 56,0 MB/s
11965464576 bytes (12 GB, 11 GiB) copied, 214 s, 55,9 MB/s
12008488960 bytes (12 GB, 11 GiB) copied, 215 s, 55,9 MB/s
12051808256 bytes (12 GB, 11 GiB) copied, 216 s, 55,8 MB/s
12094799872 bytes (12 GB, 11 GiB) copied, 217 s, 55,7 MB/s
12137496576 bytes (12 GB, 11 GiB) copied, 218 s, 55,7 MB/s
12181078016 bytes (12 GB, 11 GiB) copied, 219 s, 55,6 MB/s
12225937408 bytes (12 GB, 11 GiB) copied, 220 s, 55,6 MB/s
12270108672 bytes (12 GB, 11 GiB) copied, 221 s, 55,5 MB/s
12314279936 bytes (12 GB, 11 GiB) copied, 222 s, 55,5 MB/s
12358156288 bytes (12 GB, 12 GiB) copied, 223 s, 55,4 MB/s
12402425856 bytes (12 GB, 12 GiB) copied, 224 s, 55,4 MB/s
12446728192 bytes (12 GB, 12 GiB) copied, 225 s, 55,3 MB/s
12490932224 bytes (12 GB, 12 GiB) copied, 226 s, 55,3 MB/s
12534349824 bytes (13 GB, 12 GiB) copied, 227 s, 55,2 MB/s
12577898496 bytes (13 GB, 12 GiB) copied, 228 s, 55,2 MB/s
12622200832 bytes (13 GB, 12 GiB) copied, 229 s, 55,1 MB/s
12666044416 bytes (13 GB, 12 GiB) copied, 230 s, 55,1 MB/s
12710379520 bytes (13 GB, 12 GiB) copied, 231 s, 55,0 MB/s
12755107840 bytes (13 GB, 12 GiB) copied, 232 s, 55,0 MB/s
12802621440 bytes (13 GB, 12 GiB) copied, 233 s, 54,9 MB/s
12850167808 bytes (13 GB, 12 GiB) copied, 234 s, 54,9 MB/s
12897452032 bytes (13 GB, 12 GiB) copied, 235 s, 54,9 MB/s
12944179200 bytes (13 GB, 12 GiB) copied, 236 s, 54,8 MB/s
12988809216 bytes (13 GB, 12 GiB) copied, 237 s, 54,8 MB/s
13034520576 bytes (13 GB, 12 GiB) copied, 238 s, 54,8 MB/s
13078495232 bytes (13 GB, 12 GiB) copied, 239 s, 54,7 MB/s
13124108288 bytes (13 GB, 12 GiB) copied, 240 s, 54,7 MB/s
13171752960 bytes (13 GB, 12 GiB) copied, 241 s, 54,7 MB/s
13219037184 bytes (13 GB, 12 GiB) copied, 242 s, 54,6 MB/s
13263896576 bytes (13 GB, 12 GiB) copied, 243 s, 54,6 MB/s
13311475712 bytes (13 GB, 12 GiB) copied, 244 s, 54,6 MB/s
13356367872 bytes (13 GB, 12 GiB) copied, 245 s, 54,5 MB/s
13401522176 bytes (13 GB, 12 GiB) copied, 246 s, 54,5 MB/s
13445660672 bytes (13 GB, 13 GiB) copied, 247 s, 54,4 MB/s
13490552832 bytes (13 GB, 13 GiB) copied, 248 s, 54,4 MB/s
13535182848 bytes (14 GB, 13 GiB) copied, 249 s, 54,4 MB/s
13578698752 bytes (14 GB, 13 GiB) copied, 250 s, 54,3 MB/s
13621723136 bytes (14 GB, 13 GiB) copied, 251 s, 54,3 MB/s
13664911360 bytes (14 GB, 13 GiB) copied, 252 s, 54,2 MB/s
13707739136 bytes (14 GB, 13 GiB) copied, 253 s, 54,2 MB/s
13750992896 bytes (14 GB, 13 GiB) copied, 254 s, 54,1 MB/s
13793984512 bytes (14 GB, 13 GiB) copied, 255 s, 54,1 MB/s
13836943360 bytes (14 GB, 13 GiB) copied, 256 s, 54,1 MB/s
13879771136 bytes (14 GB, 13 GiB) copied, 257 s, 54,0 MB/s
13922762752 bytes (14 GB, 13 GiB) copied, 258 s, 54,0 MB/s
13965787136 bytes (14 GB, 13 GiB) copied, 259 s, 53,9 MB/s
14008418304 bytes (14 GB, 13 GiB) copied, 260 s, 53,9 MB/s
14051213312 bytes (14 GB, 13 GiB) copied, 261 s, 53,8 MB/s
14093385728 bytes (14 GB, 13 GiB) copied, 262 s, 53,8 MB/s
14133035008 bytes (14 GB, 13 GiB) copied, 263 s, 53,7 MB/s
14171439104 bytes (14 GB, 13 GiB) copied, 264 s, 53,7 MB/s
14211022848 bytes (14 GB, 13 GiB) copied, 265 s, 53,6 MB/s
14250573824 bytes (14 GB, 13 GiB) copied, 266 s, 53,6 MB/s
14289600512 bytes (14 GB, 13 GiB) copied, 267 s, 53,5 MB/s
14328037376 bytes (14 GB, 13 GiB) copied, 268 s, 53,5 MB/s
14365687808 bytes (14 GB, 13 GiB) copied, 269 s, 53,4 MB/s
14404091904 bytes (14 GB, 13 GiB) copied, 270 s, 53,3 MB/s
14443544576 bytes (14 GB, 13 GiB) copied, 271 s, 53,3 MB/s
14482669568 bytes (14 GB, 13 GiB) copied, 272 s, 53,2 MB/s
14522646528 bytes (15 GB, 14 GiB) copied, 273 s, 53,2 MB/s
14562164736 bytes (15 GB, 14 GiB) copied, 274 s, 53,1 MB/s
14601322496 bytes (15 GB, 14 GiB) copied, 275 s, 53,1 MB/s
14641463296 bytes (15 GB, 14 GiB) copied, 276 s, 53,0 MB/s
14679736320 bytes (15 GB, 14 GiB) copied, 277 s, 53,0 MB/s
14719451136 bytes (15 GB, 14 GiB) copied, 278 s, 52,9 MB/s
14759100416 bytes (15 GB, 14 GiB) copied, 279 s, 52,9 MB/s
14798454784 bytes (15 GB, 14 GiB) copied, 280 s, 52,9 MB/s
14835613696 bytes (15 GB, 14 GiB) copied, 281 s, 52,8 MB/s
14872018944 bytes (15 GB, 14 GiB) copied, 282 s, 52,7 MB/s
14910455808 bytes (15 GB, 14 GiB) copied, 283 s, 52,7 MB/s
14949351424 bytes (15 GB, 14 GiB) copied, 284 s, 52,6 MB/s
14988279808 bytes (15 GB, 14 GiB) copied, 285 s, 52,6 MB/s
15027175424 bytes (15 GB, 14 GiB) copied, 286 s, 52,5 MB/s
15066103808 bytes (15 GB, 14 GiB) copied, 287 s, 52,5 MB/s
15104802816 bytes (15 GB, 14 GiB) copied, 288 s, 52,4 MB/s
15143337984 bytes (15 GB, 14 GiB) copied, 289 s, 52,4 MB/s
15181807616 bytes (15 GB, 14 GiB) copied, 290 s, 52,4 MB/s
15220310016 bytes (15 GB, 14 GiB) copied, 291 s, 52,3 MB/s
15258812416 bytes (15 GB, 14 GiB) copied, 292 s, 52,3 MB/s
15297314816 bytes (15 GB, 14 GiB) copied, 293 s, 52,2 MB/s
15337357312 bytes (15 GB, 14 GiB) copied, 294 s, 52,2 MB/s
15379726336 bytes (15 GB, 14 GiB) copied, 295 s, 52,1 MB/s
15422423040 bytes (15 GB, 14 GiB) copied, 296 s, 52,1 MB/s
15465021440 bytes (15 GB, 14 GiB) copied, 297 s, 52,1 MB/s
15507095552 bytes (16 GB, 14 GiB) copied, 298 s, 52,0 MB/s
15549038592 bytes (16 GB, 14 GiB) copied, 299 s, 52,0 MB/s
15590326272 bytes (16 GB, 15 GiB) copied, 300 s, 52,0 MB/s
15631024128 bytes (16 GB, 15 GiB) copied, 301 s, 51,9 MB/s
15672115200 bytes (16 GB, 15 GiB) copied, 302 s, 51,9 MB/s
15714320384 bytes (16 GB, 15 GiB) copied, 303 s, 51,9 MB/s
15755509760 bytes (16 GB, 15 GiB) copied, 304 s, 51,8 MB/s
15798632448 bytes (16 GB, 15 GiB) copied, 305 s, 51,8 MB/s
15840968704 bytes (16 GB, 15 GiB) copied, 306 s, 51,8 MB/s
15882190848 bytes (16 GB, 15 GiB) copied, 307 s, 51,7 MB/s
15920693248 bytes (16 GB, 15 GiB) copied, 308 s, 51,7 MB/s
15960768512 bytes (16 GB, 15 GiB) copied, 309 s, 51,7 MB/s
16001531904 bytes (16 GB, 15 GiB) copied, 310 s, 51,6 MB/s
16042098688 bytes (16 GB, 15 GiB) copied, 311 s, 51,6 MB/s
16082403328 bytes (16 GB, 15 GiB) copied, 312 s, 51,5 MB/s
16123133952 bytes (16 GB, 15 GiB) copied, 313 s, 51,5 MB/s
16162586624 bytes (16 GB, 15 GiB) copied, 314 s, 51,5 MB/s
16205414400 bytes (16 GB, 15 GiB) copied, 315 s, 51,4 MB/s
16246800384 bytes (16 GB, 15 GiB) copied, 316 s, 51,4 MB/s
16288382976 bytes (16 GB, 15 GiB) copied, 317 s, 51,4 MB/s
16331112448 bytes (16 GB, 15 GiB) copied, 318 s, 51,4 MB/s
16373940224 bytes (16 GB, 15 GiB) copied, 319 s, 51,3 MB/s
16416604160 bytes (16 GB, 15 GiB) copied, 320 s, 51,3 MB/s
16459497472 bytes (16 GB, 15 GiB) copied, 321 s, 51,3 MB/s
16502358016 bytes (17 GB, 15 GiB) copied, 322 s, 51,2 MB/s
16544792576 bytes (17 GB, 15 GiB) copied, 323 s, 51,2 MB/s
16587554816 bytes (17 GB, 15 GiB) copied, 324 s, 51,2 MB/s
16630415360 bytes (17 GB, 15 GiB) copied, 325 s, 51,2 MB/s
16673243136 bytes (17 GB, 16 GiB) copied, 326 s, 51,1 MB/s
16716136448 bytes (17 GB, 16 GiB) copied, 327 s, 51,1 MB/s
16758865920 bytes (17 GB, 16 GiB) copied, 328 s, 51,1 MB/s
16801628160 bytes (17 GB, 16 GiB) copied, 329 s, 51,1 MB/s
16844357632 bytes (17 GB, 16 GiB) copied, 330 s, 51,0 MB/s
16887087104 bytes (17 GB, 16 GiB) copied, 331 s, 51,0 MB/s
16929816576 bytes (17 GB, 16 GiB) copied, 332 s, 51,0 MB/s
16972939264 bytes (17 GB, 16 GiB) copied, 333 s, 51,0 MB/s
17015701504 bytes (17 GB, 16 GiB) copied, 334 s, 50,9 MB/s
17058430976 bytes (17 GB, 16 GiB) copied, 335 s, 50,9 MB/s
17101094912 bytes (17 GB, 16 GiB) copied, 336 s, 50,9 MB/s
17143922688 bytes (17 GB, 16 GiB) copied, 337 s, 50,9 MB/s
17186652160 bytes (17 GB, 16 GiB) copied, 338 s, 50,8 MB/s
17229381632 bytes (17 GB, 16 GiB) copied, 339 s, 50,8 MB/s
17272373248 bytes (17 GB, 16 GiB) copied, 340 s, 50,8 MB/s
17314840576 bytes (17 GB, 16 GiB) copied, 341 s, 50,8 MB/s
17357602816 bytes (17 GB, 16 GiB) copied, 342 s, 50,8 MB/s
17400725504 bytes (17 GB, 16 GiB) copied, 343 s, 50,7 MB/s
17443454976 bytes (17 GB, 16 GiB) copied, 344 s, 50,7 MB/s
17486184448 bytes (17 GB, 16 GiB) copied, 345 s, 50,7 MB/s
17528979456 bytes (18 GB, 16 GiB) copied, 346 s, 50,7 MB/s
17571708928 bytes (18 GB, 16 GiB) copied, 347 s, 50,6 MB/s
17614405632 bytes (18 GB, 16 GiB) copied, 348 s, 50,6 MB/s
17657397248 bytes (18 GB, 16 GiB) copied, 349 s, 50,6 MB/s
17700257792 bytes (18 GB, 16 GiB) copied, 350 s, 50,6 MB/s
17742987264 bytes (18 GB, 17 GiB) copied, 351 s, 50,5 MB/s
17785749504 bytes (18 GB, 17 GiB) copied, 352 s, 50,5 MB/s
17828315136 bytes (18 GB, 17 GiB) copied, 353 s, 50,5 MB/s
17871142912 bytes (18 GB, 17 GiB) copied, 354 s, 50,5 MB/s
17913937920 bytes (18 GB, 17 GiB) copied, 355 s, 50,5 MB/s
17956798464 bytes (18 GB, 17 GiB) copied, 356 s, 50,4 MB/s
17999429632 bytes (18 GB, 17 GiB) copied, 357 s, 50,4 MB/s
18042355712 bytes (18 GB, 17 GiB) copied, 358 s, 50,4 MB/s
18084888576 bytes (18 GB, 17 GiB) copied, 359 s, 50,4 MB/s
18128011264 bytes (18 GB, 17 GiB) copied, 360 s, 50,4 MB/s
18170511360 bytes (18 GB, 17 GiB) copied, 361 s, 50,3 MB/s
18213502976 bytes (18 GB, 17 GiB) copied, 362 s, 50,3 MB/s
18256232448 bytes (18 GB, 17 GiB) copied, 363 s, 50,3 MB/s
18298961920 bytes (18 GB, 17 GiB) copied, 364 s, 50,3 MB/s
18341822464 bytes (18 GB, 17 GiB) copied, 365 s, 50,3 MB/s
18384453632 bytes (18 GB, 17 GiB) copied, 366 s, 50,2 MB/s
18427183104 bytes (18 GB, 17 GiB) copied, 367 s, 50,2 MB/s
18469912576 bytes (18 GB, 17 GiB) copied, 368 s, 50,2 MB/s
18512674816 bytes (19 GB, 17 GiB) copied, 369 s, 50,2 MB/s
18555535360 bytes (19 GB, 17 GiB) copied, 370 s, 50,2 MB/s
18598395904 bytes (19 GB, 17 GiB) copied, 371 s, 50,1 MB/s
18641256448 bytes (19 GB, 17 GiB) copied, 372 s, 50,1 MB/s
18683985920 bytes (19 GB, 17 GiB) copied, 373 s, 50,1 MB/s
18726846464 bytes (19 GB, 17 GiB) copied, 374 s, 50,1 MB/s
18769707008 bytes (19 GB, 17 GiB) copied, 375 s, 50,1 MB/s
18812502016 bytes (19 GB, 18 GiB) copied, 376 s, 50,0 MB/s
18854936576 bytes (19 GB, 18 GiB) copied, 377 s, 50,0 MB/s
18898059264 bytes (19 GB, 18 GiB) copied, 378 s, 50,0 MB/s
18940592128 bytes (19 GB, 18 GiB) copied, 379 s, 50,0 MB/s
18983419904 bytes (19 GB, 18 GiB) copied, 380 s, 50,0 MB/s
19026280448 bytes (19 GB, 18 GiB) copied, 381 s, 49,9 MB/s
19069075456 bytes (19 GB, 18 GiB) copied, 382 s, 49,9 MB/s
19111772160 bytes (19 GB, 18 GiB) copied, 383 s, 49,9 MB/s
19154665472 bytes (19 GB, 18 GiB) copied, 384 s, 49,9 MB/s
19197657088 bytes (19 GB, 18 GiB) copied, 385 s, 49,9 MB/s
19240550400 bytes (19 GB, 18 GiB) copied, 386 s, 49,8 MB/s
19283738624 bytes (19 GB, 18 GiB) copied, 387 s, 49,8 MB/s
19327320064 bytes (19 GB, 18 GiB) copied, 388 s, 49,8 MB/s
19370344448 bytes (19 GB, 18 GiB) copied, 389 s, 49,8 MB/s
19413696512 bytes (19 GB, 18 GiB) copied, 390 s, 49,8 MB/s
19456950272 bytes (19 GB, 18 GiB) copied, 391 s, 49,8 MB/s
19500204032 bytes (20 GB, 18 GiB) copied, 392 s, 49,7 MB/s
19543425024 bytes (20 GB, 18 GiB) copied, 393 s, 49,7 MB/s
19586744320 bytes (20 GB, 18 GiB) copied, 394 s, 49,7 MB/s
19629670400 bytes (20 GB, 18 GiB) copied, 395 s, 49,7 MB/s
19673251840 bytes (20 GB, 18 GiB) copied, 396 s, 49,7 MB/s
19716210688 bytes (20 GB, 18 GiB) copied, 397 s, 49,7 MB/s
19759628288 bytes (20 GB, 18 GiB) copied, 398 s, 49,6 MB/s
19802816512 bytes (20 GB, 18 GiB) copied, 399 s, 49,6 MB/s
19846070272 bytes (20 GB, 18 GiB) copied, 400 s, 49,6 MB/s
19889324032 bytes (20 GB, 19 GiB) copied, 401 s, 49,6 MB/s
19932577792 bytes (20 GB, 19 GiB) copied, 402 s, 49,6 MB/s
19975602176 bytes (20 GB, 19 GiB) copied, 403 s, 49,6 MB/s
20019150848 bytes (20 GB, 19 GiB) copied, 404 s, 49,6 MB/s
20062371840 bytes (20 GB, 19 GiB) copied, 405 s, 49,5 MB/s
20105560064 bytes (20 GB, 19 GiB) copied, 406 s, 49,5 MB/s
20148617216 bytes (20 GB, 19 GiB) copied, 407 s, 49,5 MB/s
20191903744 bytes (20 GB, 19 GiB) copied, 408 s, 49,5 MB/s
20235157504 bytes (20 GB, 19 GiB) copied, 409 s, 49,5 MB/s
20278345728 bytes (20 GB, 19 GiB) copied, 410 s, 49,5 MB/s
20321697792 bytes (20 GB, 19 GiB) copied, 411 s, 49,4 MB/s
20364722176 bytes (20 GB, 19 GiB) copied, 412 s, 49,4 MB/s
20408008704 bytes (20 GB, 19 GiB) copied, 413 s, 49,4 MB/s
20451655680 bytes (20 GB, 19 GiB) copied, 414 s, 49,4 MB/s
20495466496 bytes (20 GB, 19 GiB) copied, 415 s, 49,4 MB/s
20539211776 bytes (21 GB, 19 GiB) copied, 416 s, 49,4 MB/s
20582989824 bytes (21 GB, 19 GiB) copied, 417 s, 49,4 MB/s
20626636800 bytes (21 GB, 19 GiB) copied, 418 s, 49,3 MB/s
20670447616 bytes (21 GB, 19 GiB) copied, 419 s, 49,3 MB/s
20714127360 bytes (21 GB, 19 GiB) copied, 420 s, 49,3 MB/s
20757577728 bytes (21 GB, 19 GiB) copied, 421 s, 49,3 MB/s
20801585152 bytes (21 GB, 19 GiB) copied, 422 s, 49,3 MB/s
20845264896 bytes (21 GB, 19 GiB) copied, 423 s, 49,3 MB/s
20888911872 bytes (21 GB, 19 GiB) copied, 424 s, 49,3 MB/s
20932427776 bytes (21 GB, 19 GiB) copied, 425 s, 49,3 MB/s
20976205824 bytes (21 GB, 20 GiB) copied, 426 s, 49,2 MB/s
21019852800 bytes (21 GB, 20 GiB) copied, 427 s, 49,2 MB/s
21063499776 bytes (21 GB, 20 GiB) copied, 428 s, 49,2 MB/s
21107474432 bytes (21 GB, 20 GiB) copied, 429 s, 49,2 MB/s
21150793728 bytes (21 GB, 20 GiB) copied, 430 s, 49,2 MB/s
21194440704 bytes (21 GB, 20 GiB) copied, 431 s, 49,2 MB/s
21238480896 bytes (21 GB, 20 GiB) copied, 432 s, 49,2 MB/s
21281898496 bytes (21 GB, 20 GiB) copied, 433 s, 49,1 MB/s
21325774848 bytes (21 GB, 20 GiB) copied, 434 s, 49,1 MB/s
21369421824 bytes (21 GB, 20 GiB) copied, 435 s, 49,1 MB/s
21413068800 bytes (21 GB, 20 GiB) copied, 436 s, 49,1 MB/s
21456715776 bytes (21 GB, 20 GiB) copied, 437 s, 49,1 MB/s
21500559360 bytes (22 GB, 20 GiB) copied, 438 s, 49,1 MB/s
21544271872 bytes (22 GB, 20 GiB) copied, 439 s, 49,1 MB/s
21587656704 bytes (22 GB, 20 GiB) copied, 440 s, 49,1 MB/s
21631303680 bytes (22 GB, 20 GiB) copied, 441 s, 49,1 MB/s
21675147264 bytes (22 GB, 20 GiB) copied, 442 s, 49,0 MB/s
21718827008 bytes (22 GB, 20 GiB) copied, 443 s, 49,0 MB/s
21762637824 bytes (22 GB, 20 GiB) copied, 444 s, 49,0 MB/s
21806317568 bytes (22 GB, 20 GiB) copied, 445 s, 49,0 MB/s
21849931776 bytes (22 GB, 20 GiB) copied, 446 s, 49,0 MB/s
21893742592 bytes (22 GB, 20 GiB) copied, 447 s, 49,0 MB/s
21937422336 bytes (22 GB, 20 GiB) copied, 448 s, 49,0 MB/s
21980872704 bytes (22 GB, 20 GiB) copied, 449 s, 49,0 MB/s
22024519680 bytes (22 GB, 21 GiB) copied, 450 s, 48,9 MB/s
22068559872 bytes (22 GB, 21 GiB) copied, 451 s, 48,9 MB/s
22112206848 bytes (22 GB, 21 GiB) copied, 452 s, 48,9 MB/s
22155788288 bytes (22 GB, 21 GiB) copied, 453 s, 48,9 MB/s
22199500800 bytes (22 GB, 21 GiB) copied, 454 s, 48,9 MB/s
22243246080 bytes (22 GB, 21 GiB) copied, 455 s, 48,9 MB/s
22286958592 bytes (22 GB, 21 GiB) copied, 456 s, 48,9 MB/s
22330834944 bytes (22 GB, 21 GiB) copied, 457 s, 48,9 MB/s
22374383616 bytes (22 GB, 21 GiB) copied, 458 s, 48,9 MB/s
22418128896 bytes (22 GB, 21 GiB) copied, 459 s, 48,8 MB/s
22461546496 bytes (22 GB, 21 GiB) copied, 460 s, 48,8 MB/s
22505422848 bytes (23 GB, 21 GiB) copied, 461 s, 48,8 MB/s
22549069824 bytes (23 GB, 21 GiB) copied, 462 s, 48,8 MB/s
22592749568 bytes (23 GB, 21 GiB) copied, 463 s, 48,8 MB/s
22636462080 bytes (23 GB, 21 GiB) copied, 464 s, 48,8 MB/s
22680010752 bytes (23 GB, 21 GiB) copied, 465 s, 48,8 MB/s
22723887104 bytes (23 GB, 21 GiB) copied, 466 s, 48,8 MB/s
22767632384 bytes (23 GB, 21 GiB) copied, 467 s, 48,8 MB/s
22811312128 bytes (23 GB, 21 GiB) copied, 468 s, 48,7 MB/s
22854762496 bytes (23 GB, 21 GiB) copied, 469 s, 48,7 MB/s
22898638848 bytes (23 GB, 21 GiB) copied, 470 s, 48,7 MB/s
22942285824 bytes (23 GB, 21 GiB) copied, 471 s, 48,7 MB/s
22985932800 bytes (23 GB, 21 GiB) copied, 472 s, 48,7 MB/s
23029579776 bytes (23 GB, 21 GiB) copied, 473 s, 48,7 MB/s
23073226752 bytes (23 GB, 21 GiB) copied, 474 s, 48,7 MB/s
23116873728 bytes (23 GB, 22 GiB) copied, 475 s, 48,7 MB/s
23160848384 bytes (23 GB, 22 GiB) copied, 476 s, 48,7 MB/s
23204560896 bytes (23 GB, 22 GiB) copied, 477 s, 48,6 MB/s
23248109568 bytes (23 GB, 22 GiB) copied, 478 s, 48,6 MB/s
23291723776 bytes (23 GB, 22 GiB) copied, 479 s, 48,6 MB/s
23335501824 bytes (23 GB, 22 GiB) copied, 480 s, 48,6 MB/s
23379148800 bytes (23 GB, 22 GiB) copied, 481 s, 48,6 MB/s
23422795776 bytes (23 GB, 22 GiB) copied, 482 s, 48,6 MB/s
23466639360 bytes (23 GB, 22 GiB) copied, 483 s, 48,6 MB/s
23510089728 bytes (24 GB, 22 GiB) copied, 484 s, 48,6 MB/s
23553736704 bytes (24 GB, 22 GiB) copied, 485 s, 48,6 MB/s
23597383680 bytes (24 GB, 22 GiB) copied, 486 s, 48,6 MB/s
23641423872 bytes (24 GB, 22 GiB) copied, 487 s, 48,5 MB/s
23685070848 bytes (24 GB, 22 GiB) copied, 488 s, 48,5 MB/s
23728652288 bytes (24 GB, 22 GiB) copied, 489 s, 48,5 MB/s
23772364800 bytes (24 GB, 22 GiB) copied, 490 s, 48,5 MB/s
23816011776 bytes (24 GB, 22 GiB) copied, 491 s, 48,5 MB/s
23859658752 bytes (24 GB, 22 GiB) copied, 492 s, 48,5 MB/s
23903305728 bytes (24 GB, 22 GiB) copied, 493 s, 48,5 MB/s
23947280384 bytes (24 GB, 22 GiB) copied, 494 s, 48,5 MB/s
23990599680 bytes (24 GB, 22 GiB) copied, 495 s, 48,5 MB/s
24034639872 bytes (24 GB, 22 GiB) copied, 496 s, 48,5 MB/s
24078155776 bytes (24 GB, 22 GiB) copied, 497 s, 48,4 MB/s
24121868288 bytes (24 GB, 22 GiB) copied, 498 s, 48,4 MB/s
24165580800 bytes (24 GB, 23 GiB) copied, 499 s, 48,4 MB/s
24209293312 bytes (24 GB, 23 GiB) copied, 500 s, 48,4 MB/s
24252874752 bytes (24 GB, 23 GiB) copied, 501 s, 48,4 MB/s
24296521728 bytes (24 GB, 23 GiB) copied, 502 s, 48,4 MB/s
24340496384 bytes (24 GB, 23 GiB) copied, 503 s, 48,4 MB/s
24383815680 bytes (24 GB, 23 GiB) copied, 504 s, 48,4 MB/s
24427855872 bytes (24 GB, 23 GiB) copied, 505 s, 48,4 MB/s
24471502848 bytes (24 GB, 23 GiB) copied, 506 s, 48,4 MB/s
24515149824 bytes (25 GB, 23 GiB) copied, 507 s, 48,4 MB/s
24558796800 bytes (25 GB, 23 GiB) copied, 508 s, 48,3 MB/s
24602509312 bytes (25 GB, 23 GiB) copied, 509 s, 48,3 MB/s
24646090752 bytes (25 GB, 23 GiB) copied, 510 s, 48,3 MB/s
24689737728 bytes (25 GB, 23 GiB) copied, 511 s, 48,3 MB/s
24733679616 bytes (25 GB, 23 GiB) copied, 512 s, 48,3 MB/s
24777424896 bytes (25 GB, 23 GiB) copied, 513 s, 48,3 MB/s
24821071872 bytes (25 GB, 23 GiB) copied, 514 s, 48,3 MB/s
24864587776 bytes (25 GB, 23 GiB) copied, 515 s, 48,3 MB/s
24908365824 bytes (25 GB, 23 GiB) copied, 516 s, 48,3 MB/s
24951980032 bytes (25 GB, 23 GiB) copied, 517 s, 48,3 MB/s
24995659776 bytes (25 GB, 23 GiB) copied, 518 s, 48,3 MB/s
25039503360 bytes (25 GB, 23 GiB) copied, 519 s, 48,2 MB/s
25082953728 bytes (25 GB, 23 GiB) copied, 520 s, 48,2 MB/s
25126600704 bytes (25 GB, 23 GiB) copied, 521 s, 48,2 MB/s
25170247680 bytes (25 GB, 23 GiB) copied, 522 s, 48,2 MB/s
25214058496 bytes (25 GB, 23 GiB) copied, 523 s, 48,2 MB/s
25257934848 bytes (25 GB, 24 GiB) copied, 524 s, 48,2 MB/s
25301516288 bytes (25 GB, 24 GiB) copied, 525 s, 48,2 MB/s
25345228800 bytes (25 GB, 24 GiB) copied, 526 s, 48,2 MB/s
25388941312 bytes (25 GB, 24 GiB) copied, 527 s, 48,2 MB/s
25432719360 bytes (25 GB, 24 GiB) copied, 528 s, 48,2 MB/s
25476169728 bytes (25 GB, 24 GiB) copied, 529 s, 48,2 MB/s
25519816704 bytes (26 GB, 24 GiB) copied, 530 s, 48,2 MB/s
25563463680 bytes (26 GB, 24 GiB) copied, 531 s, 48,1 MB/s
25607503872 bytes (26 GB, 24 GiB) copied, 532 s, 48,1 MB/s
25650954240 bytes (26 GB, 24 GiB) copied, 533 s, 48,1 MB/s
25694797824 bytes (26 GB, 24 GiB) copied, 534 s, 48,1 MB/s
25738477568 bytes (26 GB, 24 GiB) copied, 535 s, 48,1 MB/s
25782091776 bytes (26 GB, 24 GiB) copied, 536 s, 48,1 MB/s
25825935360 bytes (26 GB, 24 GiB) copied, 537 s, 48,1 MB/s
25869385728 bytes (26 GB, 24 GiB) copied, 538 s, 48,1 MB/s
25913032704 bytes (26 GB, 24 GiB) copied, 539 s, 48,1 MB/s
25956679680 bytes (26 GB, 24 GiB) copied, 540 s, 48,1 MB/s
26000490496 bytes (26 GB, 24 GiB) copied, 541 s, 48,1 MB/s
26044366848 bytes (26 GB, 24 GiB) copied, 542 s, 48,1 MB/s
26087948288 bytes (26 GB, 24 GiB) copied, 543 s, 48,0 MB/s
26131693568 bytes (26 GB, 24 GiB) copied, 544 s, 48,0 MB/s
26175307776 bytes (26 GB, 24 GiB) copied, 545 s, 48,0 MB/s
26218954752 bytes (26 GB, 24 GiB) copied, 546 s, 48,0 MB/s
26262601728 bytes (26 GB, 24 GiB) copied, 547 s, 48,0 MB/s
26306248704 bytes (26 GB, 24 GiB) copied, 548 s, 48,0 MB/s
26350288896 bytes (26 GB, 25 GiB) copied, 549 s, 48,0 MB/s
26393706496 bytes (26 GB, 25 GiB) copied, 550 s, 48,0 MB/s
26437451776 bytes (26 GB, 25 GiB) copied, 551 s, 48,0 MB/s
26481164288 bytes (26 GB, 25 GiB) copied, 552 s, 48,0 MB/s
26524876800 bytes (27 GB, 25 GiB) copied, 553 s, 48,0 MB/s
26568556544 bytes (27 GB, 25 GiB) copied, 554 s, 48,0 MB/s
26612367360 bytes (27 GB, 25 GiB) copied, 555 s, 48,0 MB/s
26655817728 bytes (27 GB, 25 GiB) copied, 556 s, 47,9 MB/s
26699825152 bytes (27 GB, 25 GiB) copied, 557 s, 47,9 MB/s
26743111680 bytes (27 GB, 25 GiB) copied, 558 s, 47,9 MB/s
26787151872 bytes (27 GB, 25 GiB) copied, 559 s, 47,9 MB/s
26830635008 bytes (27 GB, 25 GiB) copied, 560 s, 47,9 MB/s
26874347520 bytes (27 GB, 25 GiB) copied, 561 s, 47,9 MB/s
26918092800 bytes (27 GB, 25 GiB) copied, 562 s, 47,9 MB/s
26961739776 bytes (27 GB, 25 GiB) copied, 563 s, 47,9 MB/s
27005452288 bytes (27 GB, 25 GiB) copied, 564 s, 47,9 MB/s
27049033728 bytes (27 GB, 25 GiB) copied, 565 s, 47,9 MB/s
27093008384 bytes (27 GB, 25 GiB) copied, 566 s, 47,9 MB/s
27136327680 bytes (27 GB, 25 GiB) copied, 567 s, 47,9 MB/s
27180138496 bytes (27 GB, 25 GiB) copied, 568 s, 47,9 MB/s
27223883776 bytes (27 GB, 25 GiB) copied, 569 s, 47,8 MB/s
27267661824 bytes (27 GB, 25 GiB) copied, 570 s, 47,8 MB/s
27311341568 bytes (27 GB, 25 GiB) copied, 571 s, 47,8 MB/s
27355054080 bytes (27 GB, 25 GiB) copied, 572 s, 47,8 MB/s
27398602752 bytes (27 GB, 26 GiB) copied, 573 s, 47,8 MB/s
27442511872 bytes (27 GB, 26 GiB) copied, 574 s, 47,8 MB/s
27485896704 bytes (27 GB, 26 GiB) copied, 575 s, 47,8 MB/s
27529543680 bytes (28 GB, 26 GiB) copied, 576 s, 47,8 MB/s
27573583872 bytes (28 GB, 26 GiB) copied, 577 s, 47,8 MB/s
27617099776 bytes (28 GB, 26 GiB) copied, 578 s, 47,8 MB/s
27660877824 bytes (28 GB, 26 GiB) copied, 579 s, 47,8 MB/s
27704524800 bytes (28 GB, 26 GiB) copied, 580 s, 47,8 MB/s
27748270080 bytes (28 GB, 26 GiB) copied, 581 s, 47,8 MB/s
27791818752 bytes (28 GB, 26 GiB) copied, 582 s, 47,8 MB/s
27835727872 bytes (28 GB, 26 GiB) copied, 583 s, 47,7 MB/s
27879112704 bytes (28 GB, 26 GiB) copied, 584 s, 47,7 MB/s
27923152896 bytes (28 GB, 26 GiB) copied, 585 s, 47,7 MB/s
27966799872 bytes (28 GB, 26 GiB) copied, 586 s, 47,7 MB/s
28010446848 bytes (28 GB, 26 GiB) copied, 587 s, 47,7 MB/s
28054093824 bytes (28 GB, 26 GiB) copied, 588 s, 47,7 MB/s
28097740800 bytes (28 GB, 26 GiB) copied, 589 s, 47,7 MB/s
28141387776 bytes (28 GB, 26 GiB) copied, 590 s, 47,7 MB/s
28185231360 bytes (28 GB, 26 GiB) copied, 591 s, 47,7 MB/s
28228943872 bytes (28 GB, 26 GiB) copied, 592 s, 47,7 MB/s
28272689152 bytes (28 GB, 26 GiB) copied, 593 s, 47,7 MB/s
28315975680 bytes (28 GB, 26 GiB) copied, 594 s, 47,7 MB/s
28359786496 bytes (28 GB, 26 GiB) copied, 595 s, 47,7 MB/s
28403662848 bytes (28 GB, 26 GiB) copied, 596 s, 47,7 MB/s
28447309824 bytes (28 GB, 26 GiB) copied, 597 s, 47,7 MB/s
28490956800 bytes (28 GB, 27 GiB) copied, 598 s, 47,6 MB/s
28534669312 bytes (29 GB, 27 GiB) copied, 599 s, 47,6 MB/s
28578250752 bytes (29 GB, 27 GiB) copied, 600 s, 47,6 MB/s
28622159872 bytes (29 GB, 27 GiB) copied, 601 s, 47,6 MB/s
28665544704 bytes (29 GB, 27 GiB) copied, 602 s, 47,6 MB/s
28709191680 bytes (29 GB, 27 GiB) copied, 603 s, 47,6 MB/s
28753231872 bytes (29 GB, 27 GiB) copied, 604 s, 47,6 MB/s
28796747776 bytes (29 GB, 27 GiB) copied, 605 s, 47,6 MB/s
28840525824 bytes (29 GB, 27 GiB) copied, 606 s, 47,6 MB/s
28884172800 bytes (29 GB, 27 GiB) copied, 607 s, 47,6 MB/s
28927819776 bytes (29 GB, 27 GiB) copied, 608 s, 47,6 MB/s
28971466752 bytes (29 GB, 27 GiB) copied, 609 s, 47,6 MB/s
29015113728 bytes (29 GB, 27 GiB) copied, 610 s, 47,6 MB/s
29059055616 bytes (29 GB, 27 GiB) copied, 611 s, 47,6 MB/s
29102800896 bytes (29 GB, 27 GiB) copied, 612 s, 47,6 MB/s
29146447872 bytes (29 GB, 27 GiB) copied, 613 s, 47,5 MB/s
29189865472 bytes (29 GB, 27 GiB) copied, 614 s, 47,5 MB/s
29233643520 bytes (29 GB, 27 GiB) copied, 615 s, 47,5 MB/s
29277388800 bytes (29 GB, 27 GiB) copied, 616 s, 47,5 MB/s
29321068544 bytes (29 GB, 27 GiB) copied, 617 s, 47,5 MB/s
29364682752 bytes (29 GB, 27 GiB) copied, 618 s, 47,5 MB/s
29408624640 bytes (29 GB, 27 GiB) copied, 619 s, 47,5 MB/s
29452337152 bytes (29 GB, 27 GiB) copied, 620 s, 47,5 MB/s
29495623680 bytes (29 GB, 27 GiB) copied, 621 s, 47,5 MB/s
29539663872 bytes (30 GB, 28 GiB) copied, 622 s, 47,5 MB/s
29583179776 bytes (30 GB, 28 GiB) copied, 623 s, 47,5 MB/s
29626892288 bytes (30 GB, 28 GiB) copied, 624 s, 47,5 MB/s
29670637568 bytes (30 GB, 28 GiB) copied, 625 s, 47,5 MB/s
29714251776 bytes (30 GB, 28 GiB) copied, 626 s, 47,5 MB/s
29758062592 bytes (30 GB, 28 GiB) copied, 627 s, 47,5 MB/s
29801545728 bytes (30 GB, 28 GiB) copied, 628 s, 47,5 MB/s
29845192704 bytes (30 GB, 28 GiB) copied, 629 s, 47,4 MB/s
29889232896 bytes (30 GB, 28 GiB) copied, 630 s, 47,4 MB/s
29932879872 bytes (30 GB, 28 GiB) copied, 631 s, 47,4 MB/s
29976363008 bytes (30 GB, 28 GiB) copied, 632 s, 47,4 MB/s
30020173824 bytes (30 GB, 28 GiB) copied, 633 s, 47,4 MB/s
30063820800 bytes (30 GB, 28 GiB) copied, 634 s, 47,4 MB/s
30107467776 bytes (30 GB, 28 GiB) copied, 635 s, 47,4 MB/s
30151114752 bytes (30 GB, 28 GiB) copied, 636 s, 47,4 MB/s
30194761728 bytes (30 GB, 28 GiB) copied, 637 s, 47,4 MB/s
30238408704 bytes (30 GB, 28 GiB) copied, 638 s, 47,4 MB/s
30282448896 bytes (30 GB, 28 GiB) copied, 639 s, 47,4 MB/s
30325833728 bytes (30 GB, 28 GiB) copied, 640 s, 47,4 MB/s
30369579008 bytes (30 GB, 28 GiB) copied, 641 s, 47,4 MB/s
30413324288 bytes (30 GB, 28 GiB) copied, 642 s, 47,4 MB/s
30457036800 bytes (30 GB, 28 GiB) copied, 643 s, 47,4 MB/s
30500683776 bytes (31 GB, 28 GiB) copied, 644 s, 47,4 MB/s
30544494592 bytes (31 GB, 28 GiB) copied, 645 s, 47,4 MB/s
30588207104 bytes (31 GB, 28 GiB) copied, 646 s, 47,4 MB/s
30631624704 bytes (31 GB, 29 GiB) copied, 647 s, 47,3 MB/s
30675664896 bytes (31 GB, 29 GiB) copied, 648 s, 47,3 MB/s
30719049728 bytes (31 GB, 29 GiB) copied, 649 s, 47,3 MB/s
30762958848 bytes (31 GB, 29 GiB) copied, 650 s, 47,3 MB/s
30806605824 bytes (31 GB, 29 GiB) copied, 651 s, 47,3 MB/s
30850351104 bytes (31 GB, 29 GiB) copied, 652 s, 47,3 MB/s
30893899776 bytes (31 GB, 29 GiB) copied, 653 s, 47,3 MB/s
30937546752 bytes (31 GB, 29 GiB) copied, 654 s, 47,3 MB/s
30981455872 bytes (31 GB, 29 GiB) copied, 655 s, 47,3 MB/s
31024840704 bytes (31 GB, 29 GiB) copied, 656 s, 47,3 MB/s
31068880896 bytes (31 GB, 29 GiB) copied, 657 s, 47,3 MB/s
31112298496 bytes (31 GB, 29 GiB) copied, 658 s, 47,3 MB/s
31156174848 bytes (31 GB, 29 GiB) copied, 659 s, 47,3 MB/s
31199821824 bytes (31 GB, 29 GiB) copied, 660 s, 47,3 MB/s
31243468800 bytes (31 GB, 29 GiB) copied, 661 s, 47,3 MB/s
31287115776 bytes (31 GB, 29 GiB) copied, 662 s, 47,3 MB/s
31330762752 bytes (31 GB, 29 GiB) copied, 663 s, 47,3 MB/s
31374409728 bytes (31 GB, 29 GiB) copied, 664 s, 47,3 MB/s
31418449920 bytes (31 GB, 29 GiB) copied, 665 s, 47,2 MB/s
31461703680 bytes (31 GB, 29 GiB) copied, 666 s, 47,2 MB/s
31505350656 bytes (32 GB, 29 GiB) copied, 667 s, 47,2 MB/s
31548735488 bytes (32 GB, 29 GiB) copied, 668 s, 47,2 MB/s
31592415232 bytes (32 GB, 29 GiB) copied, 669 s, 47,2 MB/s
31635898368 bytes (32 GB, 29 GiB) copied, 670 s, 47,2 MB/s
31678824448 bytes (32 GB, 30 GiB) copied, 671 s, 47,2 MB/s
31721291776 bytes (32 GB, 30 GiB) copied, 672 s, 47,2 MB/s
31764021248 bytes (32 GB, 30 GiB) copied, 673 s, 47,2 MB/s
31807340544 bytes (32 GB, 30 GiB) copied, 674 s, 47,2 MB/s
31851380736 bytes (32 GB, 30 GiB) copied, 675 s, 47,2 MB/s
31895027712 bytes (32 GB, 30 GiB) copied, 676 s, 47,2 MB/s
31938510848 bytes (32 GB, 30 GiB) copied, 677 s, 47,2 MB/s
31982223360 bytes (32 GB, 30 GiB) copied, 678 s, 47,2 MB/s
32026001408 bytes (32 GB, 30 GiB) copied, 679 s, 47,2 MB/s
32069615616 bytes (32 GB, 30 GiB) copied, 680 s, 47,2 MB/s
32113262592 bytes (32 GB, 30 GiB) copied, 681 s, 47,2 MB/s
32156909568 bytes (32 GB, 30 GiB) copied, 682 s, 47,2 MB/s
32200949760 bytes (32 GB, 30 GiB) copied, 683 s, 47,1 MB/s
32244596736 bytes (32 GB, 30 GiB) copied, 684 s, 47,1 MB/s
32288014336 bytes (32 GB, 30 GiB) copied, 685 s, 47,1 MB/s
32331726848 bytes (32 GB, 30 GiB) copied, 686 s, 47,1 MB/s
32375537664 bytes (32 GB, 30 GiB) copied, 687 s, 47,1 MB/s
32419217408 bytes (32 GB, 30 GiB) copied, 688 s, 47,1 MB/s
32462831616 bytes (32 GB, 30 GiB) copied, 689 s, 47,1 MB/s
32506478592 bytes (33 GB, 30 GiB) copied, 690 s, 47,1 MB/s
32550125568 bytes (33 GB, 30 GiB) copied, 691 s, 47,1 MB/s
32594067456 bytes (33 GB, 30 GiB) copied, 692 s, 47,1 MB/s
32637419520 bytes (33 GB, 30 GiB) copied, 693 s, 47,1 MB/s
32681230336 bytes (33 GB, 30 GiB) copied, 694 s, 47,1 MB/s
32724975616 bytes (33 GB, 30 GiB) copied, 695 s, 47,1 MB/s
32768753664 bytes (33 GB, 31 GiB) copied, 696 s, 47,1 MB/s
32812400640 bytes (33 GB, 31 GiB) copied, 697 s, 47,1 MB/s
32856047616 bytes (33 GB, 31 GiB) copied, 698 s, 47,1 MB/s
32899694592 bytes (33 GB, 31 GiB) copied, 699 s, 47,1 MB/s
32943603712 bytes (33 GB, 31 GiB) copied, 700 s, 47,1 MB/s
32986988544 bytes (33 GB, 31 GiB) copied, 701 s, 47,1 MB/s
33031028736 bytes (33 GB, 31 GiB) copied, 702 s, 47,1 MB/s
33074675712 bytes (33 GB, 31 GiB) copied, 703 s, 47,0 MB/s
33118191616 bytes (33 GB, 31 GiB) copied, 704 s, 47,0 MB/s
33161969664 bytes (33 GB, 31 GiB) copied, 705 s, 47,0 MB/s
33205616640 bytes (33 GB, 31 GiB) copied, 706 s, 47,0 MB/s
33249361920 bytes (33 GB, 31 GiB) copied, 707 s, 47,0 MB/s
33292910592 bytes (33 GB, 31 GiB) copied, 708 s, 47,0 MB/s
33336164352 bytes (33 GB, 31 GiB) copied, 709 s, 47,0 MB/s
33379811328 bytes (33 GB, 31 GiB) copied, 710 s, 47,0 MB/s
33423392768 bytes (33 GB, 31 GiB) copied, 711 s, 47,0 MB/s
33467105280 bytes (33 GB, 31 GiB) copied, 712 s, 47,0 MB/s
33510817792 bytes (34 GB, 31 GiB) copied, 713 s, 47,0 MB/s
33554595840 bytes (34 GB, 31 GiB) copied, 714 s, 47,0 MB/s
33598046208 bytes (34 GB, 31 GiB) copied, 715 s, 47,0 MB/s
33642020864 bytes (34 GB, 31 GiB) copied, 716 s, 47,0 MB/s
33685340160 bytes (34 GB, 31 GiB) copied, 717 s, 47,0 MB/s
33729380352 bytes (34 GB, 31 GiB) copied, 718 s, 47,0 MB/s
33772896256 bytes (34 GB, 31 GiB) copied, 719 s, 47,0 MB/s
33816674304 bytes (34 GB, 31 GiB) copied, 720 s, 47,0 MB/s
33860321280 bytes (34 GB, 32 GiB) copied, 721 s, 47,0 MB/s
33903968256 bytes (34 GB, 32 GiB) copied, 722 s, 47,0 MB/s
33946992640 bytes (34 GB, 32 GiB) copied, 723 s, 47,0 MB/s
33990475776 bytes (34 GB, 32 GiB) copied, 724 s, 46,9 MB/s
34034122752 bytes (34 GB, 32 GiB) copied, 725 s, 46,9 MB/s
34077769728 bytes (34 GB, 32 GiB) copied, 726 s, 46,9 MB/s
34121318400 bytes (34 GB, 32 GiB) copied, 727 s, 46,9 MB/s
34163785728 bytes (34 GB, 32 GiB) copied, 728 s, 46,9 MB/s
34207137792 bytes (34 GB, 32 GiB) copied, 729 s, 46,9 MB/s
34250752000 bytes (34 GB, 32 GiB) copied, 730 s, 46,9 MB/s
34292858880 bytes (34 GB, 32 GiB) copied, 731 s, 46,9 MB/s
34334932992 bytes (34 GB, 32 GiB) copied, 732 s, 46,9 MB/s
34378579968 bytes (34 GB, 32 GiB) copied, 733 s, 46,9 MB/s
34422620160 bytes (34 GB, 32 GiB) copied, 734 s, 46,9 MB/s
34465808384 bytes (34 GB, 32 GiB) copied, 735 s, 46,9 MB/s
34509127680 bytes (35 GB, 32 GiB) copied, 736 s, 46,9 MB/s
34553135104 bytes (35 GB, 32 GiB) copied, 737 s, 46,9 MB/s
34596421632 bytes (35 GB, 32 GiB) copied, 738 s, 46,9 MB/s
34640232448 bytes (35 GB, 32 GiB) copied, 739 s, 46,9 MB/s
34683322368 bytes (35 GB, 32 GiB) copied, 740 s, 46,9 MB/s
34727067648 bytes (35 GB, 32 GiB) copied, 741 s, 46,9 MB/s
34770223104 bytes (35 GB, 32 GiB) copied, 742 s, 46,9 MB/s
34813706240 bytes (35 GB, 32 GiB) copied, 743 s, 46,9 MB/s
34857517056 bytes (35 GB, 32 GiB) copied, 744 s, 46,9 MB/s
34900606976 bytes (35 GB, 33 GiB) copied, 745 s, 46,8 MB/s
34944417792 bytes (35 GB, 33 GiB) copied, 746 s, 46,8 MB/s
34987671552 bytes (35 GB, 33 GiB) copied, 747 s, 46,8 MB/s
35031318528 bytes (35 GB, 33 GiB) copied, 748 s, 46,8 MB/s
35074572288 bytes (35 GB, 33 GiB) copied, 749 s, 46,8 MB/s
35117432832 bytes (35 GB, 33 GiB) copied, 750 s, 46,8 MB/s
35161473024 bytes (35 GB, 33 GiB) copied, 751 s, 46,8 MB/s
35205120000 bytes (35 GB, 33 GiB) copied, 752 s, 46,8 MB/s
35248766976 bytes (35 GB, 33 GiB) copied, 753 s, 46,8 MB/s
35292381184 bytes (35 GB, 33 GiB) copied, 754 s, 46,8 MB/s
35336060928 bytes (35 GB, 33 GiB) copied, 755 s, 46,8 MB/s
35379904512 bytes (35 GB, 33 GiB) copied, 756 s, 46,8 MB/s
35423617024 bytes (35 GB, 33 GiB) copied, 757 s, 46,8 MB/s
35467001856 bytes (35 GB, 33 GiB) copied, 758 s, 46,8 MB/s
35510648832 bytes (36 GB, 33 GiB) copied, 759 s, 46,8 MB/s
35554459648 bytes (36 GB, 33 GiB) copied, 760 s, 46,8 MB/s
35596632064 bytes (36 GB, 33 GiB) copied, 761 s, 46,8 MB/s
35639230464 bytes (36 GB, 33 GiB) copied, 762 s, 46,8 MB/s
35682877440 bytes (36 GB, 33 GiB) copied, 763 s, 46,8 MB/s
35726131200 bytes (36 GB, 33 GiB) copied, 764 s, 46,8 MB/s
35769778176 bytes (36 GB, 33 GiB) copied, 765 s, 46,8 MB/s
35813425152 bytes (36 GB, 33 GiB) copied, 766 s, 46,8 MB/s
35857072128 bytes (36 GB, 33 GiB) copied, 767 s, 46,7 MB/s
35900325888 bytes (36 GB, 33 GiB) copied, 768 s, 46,7 MB/s
35943579648 bytes (36 GB, 33 GiB) copied, 769 s, 46,7 MB/s
35987226624 bytes (36 GB, 34 GiB) copied, 770 s, 46,7 MB/s
36031266816 bytes (36 GB, 34 GiB) copied, 771 s, 46,7 MB/s
36074815488 bytes (36 GB, 34 GiB) copied, 772 s, 46,7 MB/s
36118495232 bytes (36 GB, 34 GiB) copied, 773 s, 46,7 MB/s
36162240512 bytes (36 GB, 34 GiB) copied, 774 s, 46,7 MB/s
36205953024 bytes (36 GB, 34 GiB) copied, 775 s, 46,7 MB/s
36249403392 bytes (36 GB, 34 GiB) copied, 776 s, 46,7 MB/s
36292755456 bytes (36 GB, 34 GiB) copied, 777 s, 46,7 MB/s
36336402432 bytes (36 GB, 34 GiB) copied, 778 s, 46,7 MB/s
36380049408 bytes (36 GB, 34 GiB) copied, 779 s, 46,7 MB/s
36423696384 bytes (36 GB, 34 GiB) copied, 780 s, 46,7 MB/s
36467343360 bytes (36 GB, 34 GiB) copied, 781 s, 46,7 MB/s
36510892032 bytes (37 GB, 34 GiB) copied, 782 s, 46,7 MB/s
36554244096 bytes (37 GB, 34 GiB) copied, 783 s, 46,7 MB/s
36597497856 bytes (37 GB, 34 GiB) copied, 784 s, 46,7 MB/s
36640292864 bytes (37 GB, 34 GiB) copied, 785 s, 46,7 MB/s
36683612160 bytes (37 GB, 34 GiB) copied, 786 s, 46,7 MB/s
36726145024 bytes (37 GB, 34 GiB) copied, 787 s, 46,7 MB/s
36769562624 bytes (37 GB, 34 GiB) copied, 788 s, 46,7 MB/s
36813242368 bytes (37 GB, 34 GiB) copied, 789 s, 46,7 MB/s
36856397824 bytes (37 GB, 34 GiB) copied, 790 s, 46,7 MB/s
36899487744 bytes (37 GB, 34 GiB) copied, 791 s, 46,6 MB/s
36941561856 bytes (37 GB, 34 GiB) copied, 792 s, 46,6 MB/s
36985208832 bytes (37 GB, 34 GiB) copied, 793 s, 46,6 MB/s
37028855808 bytes (37 GB, 34 GiB) copied, 794 s, 46,6 MB/s
37072502784 bytes (37 GB, 35 GiB) copied, 795 s, 46,6 MB/s
37115756544 bytes (37 GB, 35 GiB) copied, 796 s, 46,6 MB/s
37159305216 bytes (37 GB, 35 GiB) copied, 797 s, 46,6 MB/s
37203050496 bytes (37 GB, 35 GiB) copied, 798 s, 46,6 MB/s
37246697472 bytes (37 GB, 35 GiB) copied, 799 s, 46,6 MB/s
37290344448 bytes (37 GB, 35 GiB) copied, 800 s, 46,6 MB/s
37333991424 bytes (37 GB, 35 GiB) copied, 801 s, 46,6 MB/s
37377835008 bytes (37 GB, 35 GiB) copied, 802 s, 46,6 MB/s
37421481984 bytes (37 GB, 35 GiB) copied, 803 s, 46,6 MB/s
37464932352 bytes (37 GB, 35 GiB) copied, 804 s, 46,6 MB/s
37508579328 bytes (38 GB, 35 GiB) copied, 805 s, 46,6 MB/s
37552357376 bytes (38 GB, 35 GiB) copied, 806 s, 46,6 MB/s
37596266496 bytes (38 GB, 35 GiB) copied, 807 s, 46,6 MB/s
37639847936 bytes (38 GB, 35 GiB) copied, 808 s, 46,6 MB/s
37683560448 bytes (38 GB, 35 GiB) copied, 809 s, 46,6 MB/s
37727207424 bytes (38 GB, 35 GiB) copied, 810 s, 46,6 MB/s
37770854400 bytes (38 GB, 35 GiB) copied, 811 s, 46,6 MB/s
37814501376 bytes (38 GB, 35 GiB) copied, 812 s, 46,6 MB/s
37858541568 bytes (38 GB, 35 GiB) copied, 813 s, 46,6 MB/s
37901795328 bytes (38 GB, 35 GiB) copied, 814 s, 46,6 MB/s
37945704448 bytes (38 GB, 35 GiB) copied, 815 s, 46,6 MB/s
37988925440 bytes (38 GB, 35 GiB) copied, 816 s, 46,6 MB/s
38032736256 bytes (38 GB, 35 GiB) copied, 817 s, 46,6 MB/s
38075990016 bytes (38 GB, 35 GiB) copied, 818 s, 46,5 MB/s
38118981632 bytes (38 GB, 36 GiB) copied, 819 s, 46,5 MB/s
38162726912 bytes (38 GB, 36 GiB) copied, 820 s, 46,5 MB/s
38206472192 bytes (38 GB, 36 GiB) copied, 821 s, 46,5 MB/s
38250184704 bytes (38 GB, 36 GiB) copied, 822 s, 46,5 MB/s
38293438464 bytes (38 GB, 36 GiB) copied, 823 s, 46,5 MB/s
38336856064 bytes (38 GB, 36 GiB) copied, 824 s, 46,5 MB/s
38380339200 bytes (38 GB, 36 GiB) copied, 825 s, 46,5 MB/s
38423986176 bytes (38 GB, 36 GiB) copied, 826 s, 46,5 MB/s
38467633152 bytes (38 GB, 36 GiB) copied, 827 s, 46,5 MB/s
38510493696 bytes (39 GB, 36 GiB) copied, 828 s, 46,5 MB/s
38553878528 bytes (39 GB, 36 GiB) copied, 829 s, 46,5 MB/s
38597787648 bytes (39 GB, 36 GiB) copied, 830 s, 46,5 MB/s
38641041408 bytes (39 GB, 36 GiB) copied, 831 s, 46,5 MB/s
38684852224 bytes (39 GB, 36 GiB) copied, 832 s, 46,5 MB/s
38728728576 bytes (39 GB, 36 GiB) copied, 833 s, 46,5 MB/s
38772375552 bytes (39 GB, 36 GiB) copied, 834 s, 46,5 MB/s
38815891456 bytes (39 GB, 36 GiB) copied, 835 s, 46,5 MB/s
38859571200 bytes (39 GB, 36 GiB) copied, 836 s, 46,5 MB/s
38903316480 bytes (39 GB, 36 GiB) copied, 837 s, 46,5 MB/s
38946963456 bytes (39 GB, 36 GiB) copied, 838 s, 46,5 MB/s
38990741504 bytes (39 GB, 36 GiB) copied, 839 s, 46,5 MB/s
39034519552 bytes (39 GB, 36 GiB) copied, 840 s, 46,5 MB/s
39077904384 bytes (39 GB, 36 GiB) copied, 841 s, 46,5 MB/s
39121551360 bytes (39 GB, 36 GiB) copied, 842 s, 46,5 MB/s
39165329408 bytes (39 GB, 36 GiB) copied, 843 s, 46,5 MB/s
39209107456 bytes (39 GB, 37 GiB) copied, 844 s, 46,5 MB/s
39252885504 bytes (39 GB, 37 GiB) copied, 845 s, 46,5 MB/s
39296532480 bytes (39 GB, 37 GiB) copied, 846 s, 46,4 MB/s
39340179456 bytes (39 GB, 37 GiB) copied, 847 s, 46,4 MB/s
39383826432 bytes (39 GB, 37 GiB) copied, 848 s, 46,4 MB/s
39427702784 bytes (39 GB, 37 GiB) copied, 849 s, 46,4 MB/s
39471120384 bytes (39 GB, 37 GiB) copied, 850 s, 46,4 MB/s
39515160576 bytes (40 GB, 37 GiB) copied, 851 s, 46,4 MB/s
39558807552 bytes (40 GB, 37 GiB) copied, 852 s, 46,4 MB/s
39602454528 bytes (40 GB, 37 GiB) copied, 853 s, 46,4 MB/s
39646101504 bytes (40 GB, 37 GiB) copied, 854 s, 46,4 MB/s
39689748480 bytes (40 GB, 37 GiB) copied, 855 s, 46,4 MB/s
39732215808 bytes (40 GB, 37 GiB) copied, 856 s, 46,4 MB/s
39774814208 bytes (40 GB, 37 GiB) copied, 857 s, 46,4 MB/s
39818723328 bytes (40 GB, 37 GiB) copied, 858 s, 46,4 MB/s
39862370304 bytes (40 GB, 37 GiB) copied, 859 s, 46,4 MB/s
39906082816 bytes (40 GB, 37 GiB) copied, 860 s, 46,4 MB/s
39949664256 bytes (40 GB, 37 GiB) copied, 861 s, 46,4 MB/s
39993311232 bytes (40 GB, 37 GiB) copied, 862 s, 46,4 MB/s
40037187584 bytes (40 GB, 37 GiB) copied, 863 s, 46,4 MB/s
40080605184 bytes (40 GB, 37 GiB) copied, 864 s, 46,4 MB/s
40124645376 bytes (40 GB, 37 GiB) copied, 865 s, 46,4 MB/s
40168062976 bytes (40 GB, 37 GiB) copied, 866 s, 46,4 MB/s
40211808256 bytes (40 GB, 37 GiB) copied, 867 s, 46,4 MB/s
40255586304 bytes (40 GB, 37 GiB) copied, 868 s, 46,4 MB/s
40299233280 bytes (40 GB, 38 GiB) copied, 869 s, 46,4 MB/s
40342945792 bytes (40 GB, 38 GiB) copied, 870 s, 46,4 MB/s
40386527232 bytes (40 GB, 38 GiB) copied, 871 s, 46,4 MB/s
40430469120 bytes (40 GB, 38 GiB) copied, 872 s, 46,4 MB/s
40473821184 bytes (40 GB, 38 GiB) copied, 873 s, 46,4 MB/s
40517468160 bytes (41 GB, 38 GiB) copied, 874 s, 46,4 MB/s
40561278976 bytes (41 GB, 38 GiB) copied, 875 s, 46,4 MB/s
40605155328 bytes (41 GB, 38 GiB) copied, 876 s, 46,4 MB/s
40648704000 bytes (41 GB, 38 GiB) copied, 877 s, 46,3 MB/s
40692416512 bytes (41 GB, 38 GiB) copied, 878 s, 46,3 MB/s
40736096256 bytes (41 GB, 38 GiB) copied, 879 s, 46,3 MB/s
40779743232 bytes (41 GB, 38 GiB) copied, 880 s, 46,3 MB/s
40823652352 bytes (41 GB, 38 GiB) copied, 881 s, 46,3 MB/s
40867332096 bytes (41 GB, 38 GiB) copied, 882 s, 46,3 MB/s
40911077376 bytes (41 GB, 38 GiB) copied, 883 s, 46,3 MB/s
40954724352 bytes (41 GB, 38 GiB) copied, 884 s, 46,3 MB/s
40997191680 bytes (41 GB, 38 GiB) copied, 885 s, 46,3 MB/s
41040969728 bytes (41 GB, 38 GiB) copied, 886 s, 46,3 MB/s
41084485632 bytes (41 GB, 38 GiB) copied, 887 s, 46,3 MB/s
41128132608 bytes (41 GB, 38 GiB) copied, 888 s, 46,3 MB/s
41171779584 bytes (41 GB, 38 GiB) copied, 889 s, 46,3 MB/s
41215754240 bytes (41 GB, 38 GiB) copied, 890 s, 46,3 MB/s
41259073536 bytes (41 GB, 38 GiB) copied, 891 s, 46,3 MB/s
41302720512 bytes (41 GB, 38 GiB) copied, 892 s, 46,3 MB/s
41346367488 bytes (41 GB, 39 GiB) copied, 893 s, 46,3 MB/s
41390342144 bytes (41 GB, 39 GiB) copied, 894 s, 46,3 MB/s
41433661440 bytes (41 GB, 39 GiB) copied, 895 s, 46,3 MB/s
41477701632 bytes (41 GB, 39 GiB) copied, 896 s, 46,3 MB/s
41521119232 bytes (42 GB, 39 GiB) copied, 897 s, 46,3 MB/s
41564831744 bytes (42 GB, 39 GiB) copied, 898 s, 46,3 MB/s
41607069696 bytes (42 GB, 39 GiB) copied, 899 s, 46,3 MB/s
41650716672 bytes (42 GB, 39 GiB) copied, 900 s, 46,3 MB/s
41694461952 bytes (42 GB, 39 GiB) copied, 901 s, 46,3 MB/s
41738010624 bytes (42 GB, 39 GiB) copied, 902 s, 46,3 MB/s
41781657600 bytes (42 GB, 39 GiB) copied, 903 s, 46,3 MB/s
41825304576 bytes (42 GB, 39 GiB) copied, 904 s, 46,3 MB/s
41868951552 bytes (42 GB, 39 GiB) copied, 905 s, 46,3 MB/s
41912598528 bytes (42 GB, 39 GiB) copied, 906 s, 46,3 MB/s
41956442112 bytes (42 GB, 39 GiB) copied, 907 s, 46,3 MB/s
41999892480 bytes (42 GB, 39 GiB) copied, 908 s, 46,3 MB/s
42043539456 bytes (42 GB, 39 GiB) copied, 909 s, 46,3 MB/s
42087579648 bytes (42 GB, 39 GiB) copied, 910 s, 46,2 MB/s
42130046976 bytes (42 GB, 39 GiB) copied, 911 s, 46,2 MB/s
42173693952 bytes (42 GB, 39 GiB) copied, 912 s, 46,2 MB/s
42216161280 bytes (42 GB, 39 GiB) copied, 913 s, 46,2 MB/s
42259415040 bytes (42 GB, 39 GiB) copied, 914 s, 46,2 MB/s
42303062016 bytes (42 GB, 39 GiB) copied, 915 s, 46,2 MB/s
42347102208 bytes (42 GB, 39 GiB) copied, 916 s, 46,2 MB/s
42390749184 bytes (42 GB, 39 GiB) copied, 917 s, 46,2 MB/s
42434265088 bytes (42 GB, 40 GiB) copied, 918 s, 46,2 MB/s
42477977600 bytes (42 GB, 40 GiB) copied, 919 s, 46,2 MB/s
42521690112 bytes (43 GB, 40 GiB) copied, 920 s, 46,2 MB/s
42565402624 bytes (43 GB, 40 GiB) copied, 921 s, 46,2 MB/s
42608984064 bytes (43 GB, 40 GiB) copied, 922 s, 46,2 MB/s
42652631040 bytes (43 GB, 40 GiB) copied, 923 s, 46,2 MB/s
42696638464 bytes (43 GB, 40 GiB) copied, 924 s, 46,2 MB/s
42739924992 bytes (43 GB, 40 GiB) copied, 925 s, 46,2 MB/s
42783735808 bytes (43 GB, 40 GiB) copied, 926 s, 46,2 MB/s
42827481088 bytes (43 GB, 40 GiB) copied, 927 s, 46,2 MB/s
42871193600 bytes (43 GB, 40 GiB) copied, 928 s, 46,2 MB/s
42914906112 bytes (43 GB, 40 GiB) copied, 929 s, 46,2 MB/s
42958651392 bytes (43 GB, 40 GiB) copied, 930 s, 46,2 MB/s
43002363904 bytes (43 GB, 40 GiB) copied, 931 s, 46,2 MB/s
43045847040 bytes (43 GB, 40 GiB) copied, 932 s, 46,2 MB/s
43089690624 bytes (43 GB, 40 GiB) copied, 933 s, 46,2 MB/s
43133534208 bytes (43 GB, 40 GiB) copied, 934 s, 46,2 MB/s
43177181184 bytes (43 GB, 40 GiB) copied, 935 s, 46,2 MB/s
43220664320 bytes (43 GB, 40 GiB) copied, 936 s, 46,2 MB/s
43264475136 bytes (43 GB, 40 GiB) copied, 937 s, 46,2 MB/s
43308122112 bytes (43 GB, 40 GiB) copied, 938 s, 46,2 MB/s
43351769088 bytes (43 GB, 40 GiB) copied, 939 s, 46,2 MB/s
43396202496 bytes (43 GB, 40 GiB) copied, 940 s, 46,2 MB/s
43443781632 bytes (43 GB, 40 GiB) copied, 941 s, 46,2 MB/s
43489099776 bytes (43 GB, 41 GiB) copied, 942 s, 46,2 MB/s
43534090240 bytes (44 GB, 41 GiB) copied, 943 s, 46,2 MB/s
43579277312 bytes (44 GB, 41 GiB) copied, 944 s, 46,2 MB/s
43625185280 bytes (44 GB, 41 GiB) copied, 945 s, 46,2 MB/s
43670241280 bytes (44 GB, 41 GiB) copied, 946 s, 46,2 MB/s
43715166208 bytes (44 GB, 41 GiB) copied, 947 s, 46,2 MB/s
43761074176 bytes (44 GB, 41 GiB) copied, 948 s, 46,2 MB/s
43806949376 bytes (44 GB, 41 GiB) copied, 949 s, 46,2 MB/s
43851120640 bytes (44 GB, 41 GiB) copied, 950 s, 46,2 MB/s
43896078336 bytes (44 GB, 41 GiB) copied, 951 s, 46,2 MB/s
43940610048 bytes (44 GB, 41 GiB) copied, 952 s, 46,2 MB/s
43985174528 bytes (44 GB, 41 GiB) copied, 953 s, 46,2 MB/s
44030951424 bytes (44 GB, 41 GiB) copied, 954 s, 46,2 MB/s
44075483136 bytes (44 GB, 41 GiB) copied, 955 s, 46,2 MB/s
44120440832 bytes (44 GB, 41 GiB) copied, 956 s, 46,2 MB/s
44160188416 bytes (44 GB, 41 GiB) copied, 957 s, 46,1 MB/s
44189483008 bytes (44 GB, 41 GiB) copied, 958 s, 46,1 MB/s
44211568640 bytes (44 GB, 41 GiB) copied, 959 s, 46,1 MB/s
44231720960 bytes (44 GB, 41 GiB) copied, 960 s, 46,1 MB/s
44250398720 bytes (44 GB, 41 GiB) copied, 961 s, 46,0 MB/s
44262948864 bytes (44 GB, 41 GiB) copied, 962 s, 46,0 MB/s
44274614272 bytes (44 GB, 41 GiB) copied, 963 s, 46,0 MB/s
44286083072 bytes (44 GB, 41 GiB) copied, 964 s, 45,9 MB/s
44298305536 bytes (44 GB, 41 GiB) copied, 965 s, 45,9 MB/s
44313051136 bytes (44 GB, 41 GiB) copied, 966 s, 45,9 MB/s
44330647552 bytes (44 GB, 41 GiB) copied, 967 s, 45,8 MB/s
44355813376 bytes (44 GB, 41 GiB) copied, 968 s, 45,8 MB/s
44390973440 bytes (44 GB, 41 GiB) copied, 969 s, 45,8 MB/s
44440092672 bytes (44 GB, 41 GiB) copied, 970 s, 45,8 MB/s
44489277440 bytes (44 GB, 41 GiB) copied, 971 s, 45,8 MB/s
44537446400 bytes (45 GB, 41 GiB) copied, 972 s, 45,8 MB/s
44589285376 bytes (45 GB, 42 GiB) copied, 973 s, 45,8 MB/s
44635848704 bytes (45 GB, 42 GiB) copied, 974 s, 45,8 MB/s
44686147584 bytes (45 GB, 42 GiB) copied, 975 s, 45,8 MB/s
44737691648 bytes (45 GB, 42 GiB) copied, 976 s, 45,8 MB/s
44789399552 bytes (45 GB, 42 GiB) copied, 977 s, 45,8 MB/s
44841107456 bytes (45 GB, 42 GiB) copied, 978 s, 45,8 MB/s
44892815360 bytes (45 GB, 42 GiB) copied, 979 s, 45,9 MB/s
44944490496 bytes (45 GB, 42 GiB) copied, 980 s, 45,9 MB/s
44996001792 bytes (45 GB, 42 GiB) copied, 981 s, 45,9 MB/s
45044629504 bytes (45 GB, 42 GiB) copied, 982 s, 45,9 MB/s
45090963456 bytes (45 GB, 42 GiB) copied, 983 s, 45,9 MB/s
45137690624 bytes (45 GB, 42 GiB) copied, 984 s, 45,9 MB/s
45184090112 bytes (45 GB, 42 GiB) copied, 985 s, 45,9 MB/s
45231702016 bytes (45 GB, 42 GiB) copied, 986 s, 45,9 MB/s
45278756864 bytes (45 GB, 42 GiB) copied, 987 s, 45,9 MB/s
45328629760 bytes (45 GB, 42 GiB) copied, 988 s, 45,9 MB/s
45376208896 bytes (45 GB, 42 GiB) copied, 989 s, 45,9 MB/s
45422510080 bytes (45 GB, 42 GiB) copied, 990 s, 45,9 MB/s
45469007872 bytes (45 GB, 42 GiB) copied, 991 s, 45,9 MB/s
45515603968 bytes (46 GB, 42 GiB) copied, 992 s, 45,9 MB/s
45561774080 bytes (46 GB, 42 GiB) copied, 993 s, 45,9 MB/s
45608140800 bytes (46 GB, 42 GiB) copied, 994 s, 45,9 MB/s
45654933504 bytes (46 GB, 43 GiB) copied, 995 s, 45,9 MB/s
45703397376 bytes (46 GB, 43 GiB) copied, 996 s, 45,9 MB/s
45750124544 bytes (46 GB, 43 GiB) copied, 997 s, 45,9 MB/s
45797113856 bytes (46 GB, 43 GiB) copied, 998 s, 45,9 MB/s
45844201472 bytes (46 GB, 43 GiB) copied, 999 s, 45,9 MB/s
45891026944 bytes (46 GB, 43 GiB) copied, 1000 s, 45,9 MB/s
45937852416 bytes (46 GB, 43 GiB) copied, 1001 s, 45,9 MB/s
45984677888 bytes (46 GB, 43 GiB) copied, 1002 s, 45,9 MB/s
46031503360 bytes (46 GB, 43 GiB) copied, 1003 s, 45,9 MB/s
46078361600 bytes (46 GB, 43 GiB) copied, 1004 s, 45,9 MB/s
46125187072 bytes (46 GB, 43 GiB) copied, 1005 s, 45,9 MB/s
46172012544 bytes (46 GB, 43 GiB) copied, 1006 s, 45,9 MB/s
46218838016 bytes (46 GB, 43 GiB) copied, 1007 s, 45,9 MB/s
46263992320 bytes (46 GB, 43 GiB) copied, 1008 s, 45,9 MB/s
46309113856 bytes (46 GB, 43 GiB) copied, 1009 s, 45,9 MB/s
46355611648 bytes (46 GB, 43 GiB) copied, 1010 s, 45,9 MB/s
46402371584 bytes (46 GB, 43 GiB) copied, 1011 s, 45,9 MB/s
46449197056 bytes (46 GB, 43 GiB) copied, 1012 s, 45,9 MB/s
46496415744 bytes (46 GB, 43 GiB) copied, 1013 s, 45,9 MB/s
46542913536 bytes (47 GB, 43 GiB) copied, 1014 s, 45,9 MB/s
46589247488 bytes (47 GB, 43 GiB) copied, 1015 s, 45,9 MB/s
46634827776 bytes (47 GB, 43 GiB) copied, 1016 s, 45,9 MB/s
46681849856 bytes (47 GB, 43 GiB) copied, 1017 s, 45,9 MB/s
46728642560 bytes (47 GB, 44 GiB) copied, 1018 s, 45,9 MB/s
46775730176 bytes (47 GB, 44 GiB) copied, 1019 s, 45,9 MB/s
46823407616 bytes (47 GB, 44 GiB) copied, 1020 s, 45,9 MB/s
46871642112 bytes (47 GB, 44 GiB) copied, 1021 s, 45,9 MB/s
46920859648 bytes (47 GB, 44 GiB) copied, 1022 s, 45,9 MB/s
46968012800 bytes (47 GB, 44 GiB) copied, 1023 s, 45,9 MB/s
47015198720 bytes (47 GB, 44 GiB) copied, 1024 s, 45,9 MB/s
47063891968 bytes (47 GB, 44 GiB) copied, 1025 s, 45,9 MB/s
47111110656 bytes (47 GB, 44 GiB) copied, 1026 s, 45,9 MB/s
47157936128 bytes (47 GB, 44 GiB) copied, 1027 s, 45,9 MB/s
47204827136 bytes (47 GB, 44 GiB) copied, 1028 s, 45,9 MB/s
47251619840 bytes (47 GB, 44 GiB) copied, 1029 s, 45,9 MB/s
47298445312 bytes (47 GB, 44 GiB) copied, 1030 s, 45,9 MB/s
47345467392 bytes (47 GB, 44 GiB) copied, 1031 s, 45,9 MB/s
47392391168 bytes (47 GB, 44 GiB) copied, 1032 s, 45,9 MB/s
47438921728 bytes (47 GB, 44 GiB) copied, 1033 s, 45,9 MB/s
47485878272 bytes (47 GB, 44 GiB) copied, 1034 s, 45,9 MB/s
47532965888 bytes (48 GB, 44 GiB) copied, 1035 s, 45,9 MB/s
47579824128 bytes (48 GB, 44 GiB) copied, 1036 s, 45,9 MB/s
47626682368 bytes (48 GB, 44 GiB) copied, 1037 s, 45,9 MB/s
47673311232 bytes (48 GB, 44 GiB) copied, 1038 s, 45,9 MB/s
47720300544 bytes (48 GB, 44 GiB) copied, 1039 s, 45,9 MB/s
47767158784 bytes (48 GB, 44 GiB) copied, 1040 s, 45,9 MB/s
47813984256 bytes (48 GB, 45 GiB) copied, 1041 s, 45,9 MB/s
47860809728 bytes (48 GB, 45 GiB) copied, 1042 s, 45,9 MB/s
47907635200 bytes (48 GB, 45 GiB) copied, 1043 s, 45,9 MB/s
47954460672 bytes (48 GB, 45 GiB) copied, 1044 s, 45,9 MB/s
48001712128 bytes (48 GB, 45 GiB) copied, 1045 s, 45,9 MB/s
48048570368 bytes (48 GB, 45 GiB) copied, 1046 s, 45,9 MB/s
48095395840 bytes (48 GB, 45 GiB) copied, 1047 s, 45,9 MB/s
48142221312 bytes (48 GB, 45 GiB) copied, 1048 s, 45,9 MB/s
48189374464 bytes (48 GB, 45 GiB) copied, 1049 s, 45,9 MB/s
48235872256 bytes (48 GB, 45 GiB) copied, 1050 s, 45,9 MB/s
48281452544 bytes (48 GB, 45 GiB) copied, 1051 s, 45,9 MB/s
48328278016 bytes (48 GB, 45 GiB) copied, 1052 s, 45,9 MB/s
48375103488 bytes (48 GB, 45 GiB) copied, 1053 s, 45,9 MB/s
48421928960 bytes (48 GB, 45 GiB) copied, 1054 s, 45,9 MB/s
48468885504 bytes (48 GB, 45 GiB) copied, 1055 s, 45,9 MB/s
48514170880 bytes (49 GB, 45 GiB) copied, 1056 s, 45,9 MB/s
48561946624 bytes (49 GB, 45 GiB) copied, 1057 s, 45,9 MB/s
48609198080 bytes (49 GB, 45 GiB) copied, 1058 s, 45,9 MB/s
48656515072 bytes (49 GB, 45 GiB) copied, 1059 s, 45,9 MB/s
48703799296 bytes (49 GB, 45 GiB) copied, 1060 s, 45,9 MB/s
48751345664 bytes (49 GB, 45 GiB) copied, 1061 s, 45,9 MB/s
48798367744 bytes (49 GB, 45 GiB) copied, 1062 s, 45,9 MB/s
48845651968 bytes (49 GB, 45 GiB) copied, 1063 s, 46,0 MB/s
48893067264 bytes (49 GB, 46 GiB) copied, 1064 s, 46,0 MB/s
48940220416 bytes (49 GB, 46 GiB) copied, 1065 s, 46,0 MB/s
48987930624 bytes (49 GB, 46 GiB) copied, 1066 s, 46,0 MB/s
49033936896 bytes (49 GB, 46 GiB) copied, 1067 s, 46,0 MB/s
49078239232 bytes (49 GB, 46 GiB) copied, 1068 s, 46,0 MB/s
49124769792 bytes (49 GB, 46 GiB) copied, 1069 s, 46,0 MB/s
49171955712 bytes (49 GB, 46 GiB) copied, 1070 s, 46,0 MB/s
49219239936 bytes (49 GB, 46 GiB) copied, 1071 s, 46,0 MB/s
49266917376 bytes (49 GB, 46 GiB) copied, 1072 s, 46,0 MB/s
49313841152 bytes (49 GB, 46 GiB) copied, 1073 s, 46,0 MB/s
49361289216 bytes (49 GB, 46 GiB) copied, 1074 s, 46,0 MB/s
49408770048 bytes (49 GB, 46 GiB) copied, 1075 s, 46,0 MB/s
49456087040 bytes (49 GB, 46 GiB) copied, 1076 s, 46,0 MB/s
49502519296 bytes (50 GB, 46 GiB) copied, 1077 s, 46,0 MB/s
49548099584 bytes (50 GB, 46 GiB) copied, 1078 s, 46,0 MB/s
49590566912 bytes (50 GB, 46 GiB) copied, 1079 s, 46,0 MB/s
49635000320 bytes (50 GB, 46 GiB) copied, 1080 s, 46,0 MB/s
49681858560 bytes (50 GB, 46 GiB) copied, 1081 s, 46,0 MB/s
49729208320 bytes (50 GB, 46 GiB) copied, 1082 s, 46,0 MB/s
49774723072 bytes (50 GB, 46 GiB) copied, 1083 s, 46,0 MB/s
49822007296 bytes (50 GB, 46 GiB) copied, 1084 s, 46,0 MB/s
49869291520 bytes (50 GB, 46 GiB) copied, 1085 s, 46,0 MB/s
49916575744 bytes (50 GB, 46 GiB) copied, 1086 s, 46,0 MB/s
49964154880 bytes (50 GB, 47 GiB) copied, 1087 s, 46,0 MB/s
50011537408 bytes (50 GB, 47 GiB) copied, 1088 s, 46,0 MB/s
50058854400 bytes (50 GB, 47 GiB) copied, 1089 s, 46,0 MB/s
50106236928 bytes (50 GB, 47 GiB) copied, 1090 s, 46,0 MB/s
50153684992 bytes (50 GB, 47 GiB) copied, 1091 s, 46,0 MB/s
50200707072 bytes (50 GB, 47 GiB) copied, 1092 s, 46,0 MB/s
50248220672 bytes (50 GB, 47 GiB) copied, 1093 s, 46,0 MB/s
50295570432 bytes (50 GB, 47 GiB) copied, 1094 s, 46,0 MB/s
50342559744 bytes (50 GB, 47 GiB) copied, 1095 s, 46,0 MB/s
50389843968 bytes (50 GB, 47 GiB) copied, 1096 s, 46,0 MB/s
50436440064 bytes (50 GB, 47 GiB) copied, 1097 s, 46,0 MB/s
50481004544 bytes (50 GB, 47 GiB) copied, 1098 s, 46,0 MB/s
50526420992 bytes (51 GB, 47 GiB) copied, 1099 s, 46,0 MB/s
50571739136 bytes (51 GB, 47 GiB) copied, 1100 s, 46,0 MB/s
50618499072 bytes (51 GB, 47 GiB) copied, 1101 s, 46,0 MB/s
50663325696 bytes (51 GB, 47 GiB) copied, 1102 s, 46,0 MB/s
50708480000 bytes (51 GB, 47 GiB) copied, 1103 s, 46,0 MB/s
50755338240 bytes (51 GB, 47 GiB) copied, 1104 s, 46,0 MB/s
50802622464 bytes (51 GB, 47 GiB) copied, 1105 s, 46,0 MB/s
50849906688 bytes (51 GB, 47 GiB) copied, 1106 s, 46,0 MB/s
50897190912 bytes (51 GB, 47 GiB) copied, 1107 s, 46,0 MB/s
50944901120 bytes (51 GB, 47 GiB) copied, 1108 s, 46,0 MB/s
50992185344 bytes (51 GB, 47 GiB) copied, 1109 s, 46,0 MB/s
51040747520 bytes (51 GB, 48 GiB) copied, 1110 s, 46,0 MB/s
51088883712 bytes (51 GB, 48 GiB) copied, 1111 s, 46,0 MB/s
51136167936 bytes (51 GB, 48 GiB) copied, 1112 s, 46,0 MB/s
51183452160 bytes (51 GB, 48 GiB) copied, 1113 s, 46,0 MB/s
51230736384 bytes (51 GB, 48 GiB) copied, 1114 s, 46,0 MB/s
51278020608 bytes (51 GB, 48 GiB) copied, 1115 s, 46,0 MB/s
51325304832 bytes (51 GB, 48 GiB) copied, 1116 s, 46,0 MB/s
51373015040 bytes (51 GB, 48 GiB) copied, 1117 s, 46,0 MB/s
51420725248 bytes (51 GB, 48 GiB) copied, 1118 s, 46,0 MB/s
51470565376 bytes (51 GB, 48 GiB) copied, 1119 s, 46,0 MB/s
51520831488 bytes (52 GB, 48 GiB) copied, 1120 s, 46,0 MB/s
51571884032 bytes (52 GB, 48 GiB) copied, 1121 s, 46,0 MB/s
51619528704 bytes (52 GB, 48 GiB) copied, 1122 s, 46,0 MB/s
51667369984 bytes (52 GB, 48 GiB) copied, 1123 s, 46,0 MB/s
51714457600 bytes (52 GB, 48 GiB) copied, 1124 s, 46,0 MB/s
51761938432 bytes (52 GB, 48 GiB) copied, 1125 s, 46,0 MB/s
51809288192 bytes (52 GB, 48 GiB) copied, 1126 s, 46,0 MB/s
51856506880 bytes (52 GB, 48 GiB) copied, 1127 s, 46,0 MB/s
51901235200 bytes (52 GB, 48 GiB) copied, 1128 s, 46,0 MB/s
51947864064 bytes (52 GB, 48 GiB) copied, 1129 s, 46,0 MB/s
51991543808 bytes (52 GB, 48 GiB) copied, 1130 s, 46,0 MB/s
52034142208 bytes (52 GB, 48 GiB) copied, 1131 s, 46,0 MB/s
52078444544 bytes (52 GB, 49 GiB) copied, 1132 s, 46,0 MB/s
52125302784 bytes (52 GB, 49 GiB) copied, 1133 s, 46,0 MB/s
52178944000 bytes (52 GB, 49 GiB) copied, 1134 s, 46,0 MB/s
52238352384 bytes (52 GB, 49 GiB) copied, 1135 s, 46,0 MB/s
52299530240 bytes (52 GB, 49 GiB) copied, 1136 s, 46,0 MB/s
52360019968 bytes (52 GB, 49 GiB) copied, 1137 s, 46,1 MB/s
52420935680 bytes (52 GB, 49 GiB) copied, 1138 s, 46,1 MB/s
52482277376 bytes (52 GB, 49 GiB) copied, 1139 s, 46,1 MB/s
52544045056 bytes (53 GB, 49 GiB) copied, 1140 s, 46,1 MB/s
52604764160 bytes (53 GB, 49 GiB) copied, 1141 s, 46,1 MB/s
52665450496 bytes (53 GB, 49 GiB) copied, 1142 s, 46,1 MB/s
52726366208 bytes (53 GB, 49 GiB) copied, 1143 s, 46,1 MB/s
52787216384 bytes (53 GB, 49 GiB) copied, 1144 s, 46,1 MB/s
52848197632 bytes (53 GB, 49 GiB) copied, 1145 s, 46,2 MB/s
52909113344 bytes (53 GB, 49 GiB) copied, 1146 s, 46,2 MB/s
52970029056 bytes (53 GB, 49 GiB) copied, 1147 s, 46,2 MB/s
53027667968 bytes (53 GB, 49 GiB) copied, 1148 s, 46,2 MB/s
53080784896 bytes (53 GB, 49 GiB) copied, 1149 s, 46,2 MB/s
53134262272 bytes (53 GB, 49 GiB) copied, 1150 s, 46,2 MB/s
53187510272 bytes (53 GB, 50 GiB) copied, 1151 s, 46,2 MB/s
53240725504 bytes (53 GB, 50 GiB) copied, 1152 s, 46,2 MB/s
53294006272 bytes (53 GB, 50 GiB) copied, 1153 s, 46,2 MB/s
53347254272 bytes (53 GB, 50 GiB) copied, 1154 s, 46,2 MB/s
53400272896 bytes (53 GB, 50 GiB) copied, 1155 s, 46,2 MB/s
53447720960 bytes (53 GB, 50 GiB) copied, 1156 s, 46,2 MB/s
53495267328 bytes (53 GB, 50 GiB) copied, 1157 s, 46,2 MB/s
53542420480 bytes (54 GB, 50 GiB) copied, 1158 s, 46,2 MB/s
53589803008 bytes (54 GB, 50 GiB) copied, 1159 s, 46,2 MB/s
53637120000 bytes (54 GB, 50 GiB) copied, 1160 s, 46,2 MB/s
53684404224 bytes (54 GB, 50 GiB) copied, 1161 s, 46,2 MB/s
53731917824 bytes (54 GB, 50 GiB) copied, 1162 s, 46,2 MB/s
53779398656 bytes (54 GB, 50 GiB) copied, 1163 s, 46,2 MB/s
53826256896 bytes (54 GB, 50 GiB) copied, 1164 s, 46,2 MB/s
53873967104 bytes (54 GB, 50 GiB) copied, 1165 s, 46,2 MB/s
53916696576 bytes (54 GB, 50 GiB) copied, 1166 s, 46,2 MB/s
53959426048 bytes (54 GB, 50 GiB) copied, 1167 s, 46,2 MB/s
54002188288 bytes (54 GB, 50 GiB) copied, 1168 s, 46,2 MB/s
54044655616 bytes (54 GB, 50 GiB) copied, 1169 s, 46,2 MB/s
54087811072 bytes (54 GB, 50 GiB) copied, 1170 s, 46,2 MB/s
54132113408 bytes (54 GB, 50 GiB) copied, 1171 s, 46,2 MB/s
54176841728 bytes (54 GB, 50 GiB) copied, 1172 s, 46,2 MB/s
54220947456 bytes (54 GB, 50 GiB) copied, 1173 s, 46,2 MB/s
54263971840 bytes (54 GB, 51 GiB) copied, 1174 s, 46,2 MB/s
54307618816 bytes (54 GB, 51 GiB) copied, 1175 s, 46,2 MB/s
54350217216 bytes (54 GB, 51 GiB) copied, 1176 s, 46,2 MB/s
54392815616 bytes (54 GB, 51 GiB) copied, 1177 s, 46,2 MB/s
54436691968 bytes (54 GB, 51 GiB) copied, 1178 s, 46,2 MB/s
54480568320 bytes (54 GB, 51 GiB) copied, 1179 s, 46,2 MB/s
54523592704 bytes (55 GB, 51 GiB) copied, 1180 s, 46,2 MB/s
54566518784 bytes (55 GB, 51 GiB) copied, 1181 s, 46,2 MB/s
54609215488 bytes (55 GB, 51 GiB) copied, 1182 s, 46,2 MB/s
54652370944 bytes (55 GB, 51 GiB) copied, 1183 s, 46,2 MB/s
54695428096 bytes (55 GB, 51 GiB) copied, 1184 s, 46,2 MB/s
54737928192 bytes (55 GB, 51 GiB) copied, 1185 s, 46,2 MB/s
54780887040 bytes (55 GB, 51 GiB) copied, 1186 s, 46,2 MB/s
54823813120 bytes (55 GB, 51 GiB) copied, 1187 s, 46,2 MB/s
54866378752 bytes (55 GB, 51 GiB) copied, 1188 s, 46,2 MB/s
54909534208 bytes (55 GB, 51 GiB) copied, 1189 s, 46,2 MB/s
54952296448 bytes (55 GB, 51 GiB) copied, 1190 s, 46,2 MB/s
54995451904 bytes (55 GB, 51 GiB) copied, 1191 s, 46,2 MB/s
55038181376 bytes (55 GB, 51 GiB) copied, 1192 s, 46,2 MB/s
55081631744 bytes (55 GB, 51 GiB) copied, 1193 s, 46,2 MB/s
55124230144 bytes (55 GB, 51 GiB) copied, 1194 s, 46,2 MB/s
55166926848 bytes (55 GB, 51 GiB) copied, 1195 s, 46,2 MB/s
55209426944 bytes (55 GB, 51 GiB) copied, 1196 s, 46,2 MB/s
55253303296 bytes (55 GB, 51 GiB) copied, 1197 s, 46,2 MB/s
55298031616 bytes (55 GB, 52 GiB) copied, 1198 s, 46,2 MB/s
55341056000 bytes (55 GB, 52 GiB) copied, 1199 s, 46,2 MB/s
55386210304 bytes (55 GB, 52 GiB) copied, 1200 s, 46,2 MB/s
55430447104 bytes (55 GB, 52 GiB) copied, 1201 s, 46,2 MB/s
55473209344 bytes (55 GB, 52 GiB) copied, 1202 s, 46,2 MB/s
55515742208 bytes (56 GB, 52 GiB) copied, 1203 s, 46,1 MB/s
55558373376 bytes (56 GB, 52 GiB) copied, 1204 s, 46,1 MB/s
55600971776 bytes (56 GB, 52 GiB) copied, 1205 s, 46,1 MB/s
55643537408 bytes (56 GB, 52 GiB) copied, 1206 s, 46,1 MB/s
55686266880 bytes (56 GB, 52 GiB) copied, 1207 s, 46,1 MB/s
55733714944 bytes (56 GB, 52 GiB) copied, 1208 s, 46,1 MB/s
55778967552 bytes (56 GB, 52 GiB) copied, 1209 s, 46,1 MB/s
55821500416 bytes (56 GB, 52 GiB) copied, 1210 s, 46,1 MB/s
55864164352 bytes (56 GB, 52 GiB) copied, 1211 s, 46,1 MB/s
55906664448 bytes (56 GB, 52 GiB) copied, 1212 s, 46,1 MB/s
55950639104 bytes (56 GB, 52 GiB) copied, 1213 s, 46,1 MB/s
55993237504 bytes (56 GB, 52 GiB) copied, 1214 s, 46,1 MB/s
56037113856 bytes (56 GB, 52 GiB) copied, 1215 s, 46,1 MB/s
56080564224 bytes (56 GB, 52 GiB) copied, 1216 s, 46,1 MB/s
56124866560 bytes (56 GB, 52 GiB) copied, 1217 s, 46,1 MB/s
56167464960 bytes (56 GB, 52 GiB) copied, 1218 s, 46,1 MB/s
56210063360 bytes (56 GB, 52 GiB) copied, 1219 s, 46,1 MB/s
56253513728 bytes (56 GB, 52 GiB) copied, 1220 s, 46,1 MB/s
56296505344 bytes (56 GB, 52 GiB) copied, 1221 s, 46,1 MB/s
56339136512 bytes (56 GB, 52 GiB) copied, 1222 s, 46,1 MB/s
56381734912 bytes (56 GB, 53 GiB) copied, 1223 s, 46,1 MB/s
56424333312 bytes (56 GB, 53 GiB) copied, 1224 s, 46,1 MB/s
56466931712 bytes (56 GB, 53 GiB) copied, 1225 s, 46,1 MB/s
56509530112 bytes (57 GB, 53 GiB) copied, 1226 s, 46,1 MB/s
56552980480 bytes (57 GB, 53 GiB) copied, 1227 s, 46,1 MB/s
56596004864 bytes (57 GB, 53 GiB) copied, 1228 s, 46,1 MB/s
56639455232 bytes (57 GB, 53 GiB) copied, 1229 s, 46,1 MB/s
56686313472 bytes (57 GB, 53 GiB) copied, 1230 s, 46,1 MB/s
56729960448 bytes (57 GB, 53 GiB) copied, 1231 s, 46,1 MB/s
56773935104 bytes (57 GB, 53 GiB) copied, 1232 s, 46,1 MB/s
56816664576 bytes (57 GB, 53 GiB) copied, 1233 s, 46,1 MB/s
56859426816 bytes (57 GB, 53 GiB) copied, 1234 s, 46,1 MB/s
56902287360 bytes (57 GB, 53 GiB) copied, 1235 s, 46,1 MB/s
56947867648 bytes (57 GB, 53 GiB) copied, 1236 s, 46,1 MB/s
56990498816 bytes (57 GB, 53 GiB) copied, 1237 s, 46,1 MB/s
57033097216 bytes (57 GB, 53 GiB) copied, 1238 s, 46,1 MB/s
57075662848 bytes (57 GB, 53 GiB) copied, 1239 s, 46,1 MB/s
57119277056 bytes (57 GB, 53 GiB) copied, 1240 s, 46,1 MB/s
57162104832 bytes (57 GB, 53 GiB) copied, 1241 s, 46,1 MB/s
57205030912 bytes (57 GB, 53 GiB) copied, 1242 s, 46,1 MB/s
57247760384 bytes (57 GB, 53 GiB) copied, 1243 s, 46,1 MB/s
57290358784 bytes (57 GB, 53 GiB) copied, 1244 s, 46,1 MB/s
57336561664 bytes (57 GB, 53 GiB) copied, 1245 s, 46,1 MB/s
57380241408 bytes (57 GB, 53 GiB) copied, 1246 s, 46,1 MB/s
57423659008 bytes (57 GB, 53 GiB) copied, 1247 s, 46,0 MB/s
57466093568 bytes (57 GB, 54 GiB) copied, 1248 s, 46,0 MB/s
57509773312 bytes (58 GB, 54 GiB) copied, 1249 s, 46,0 MB/s
57554042880 bytes (58 GB, 54 GiB) copied, 1250 s, 46,0 MB/s
57596968960 bytes (58 GB, 54 GiB) copied, 1251 s, 46,0 MB/s
57639534592 bytes (58 GB, 54 GiB) copied, 1252 s, 46,0 MB/s
57682100224 bytes (58 GB, 54 GiB) copied, 1253 s, 46,0 MB/s
57724862464 bytes (58 GB, 54 GiB) copied, 1254 s, 46,0 MB/s
57767460864 bytes (58 GB, 54 GiB) copied, 1255 s, 46,0 MB/s
57810059264 bytes (58 GB, 54 GiB) copied, 1256 s, 46,0 MB/s
57853771776 bytes (58 GB, 54 GiB) copied, 1257 s, 46,0 MB/s
57897385984 bytes (58 GB, 54 GiB) copied, 1258 s, 46,0 MB/s
57939886080 bytes (58 GB, 54 GiB) copied, 1259 s, 46,0 MB/s
57983270912 bytes (58 GB, 54 GiB) copied, 1260 s, 46,0 MB/s
58027900928 bytes (58 GB, 54 GiB) copied, 1261 s, 46,0 MB/s
58071613440 bytes (58 GB, 54 GiB) copied, 1262 s, 46,0 MB/s
58115063808 bytes (58 GB, 54 GiB) copied, 1263 s, 46,0 MB/s
58158317568 bytes (58 GB, 54 GiB) copied, 1264 s, 46,0 MB/s
58200686592 bytes (58 GB, 54 GiB) copied, 1265 s, 46,0 MB/s
58243284992 bytes (58 GB, 54 GiB) copied, 1266 s, 46,0 MB/s
58285883392 bytes (58 GB, 54 GiB) copied, 1267 s, 46,0 MB/s
58328481792 bytes (58 GB, 54 GiB) copied, 1268 s, 46,0 MB/s
58371080192 bytes (58 GB, 54 GiB) copied, 1269 s, 46,0 MB/s
58413907968 bytes (58 GB, 54 GiB) copied, 1270 s, 46,0 MB/s
58456276992 bytes (58 GB, 54 GiB) copied, 1271 s, 46,0 MB/s
58499727360 bytes (58 GB, 54 GiB) copied, 1272 s, 46,0 MB/s
58545307648 bytes (59 GB, 55 GiB) copied, 1273 s, 46,0 MB/s
58590461952 bytes (59 GB, 55 GiB) copied, 1274 s, 46,0 MB/s
58632798208 bytes (59 GB, 55 GiB) copied, 1275 s, 46,0 MB/s
58676740096 bytes (59 GB, 55 GiB) copied, 1276 s, 46,0 MB/s
58719109120 bytes (59 GB, 55 GiB) copied, 1277 s, 46,0 MB/s
58762559488 bytes (59 GB, 55 GiB) copied, 1278 s, 46,0 MB/s
58805813248 bytes (59 GB, 55 GiB) copied, 1279 s, 46,0 MB/s
58849034240 bytes (59 GB, 55 GiB) copied, 1280 s, 46,0 MB/s
58892910592 bytes (59 GB, 55 GiB) copied, 1281 s, 46,0 MB/s
58937835520 bytes (59 GB, 55 GiB) copied, 1282 s, 46,0 MB/s
58980466688 bytes (59 GB, 55 GiB) copied, 1283 s, 46,0 MB/s
59024539648 bytes (59 GB, 55 GiB) copied, 1284 s, 46,0 MB/s
59069693952 bytes (59 GB, 55 GiB) copied, 1285 s, 46,0 MB/s
59112554496 bytes (59 GB, 55 GiB) copied, 1286 s, 46,0 MB/s
59155316736 bytes (59 GB, 55 GiB) copied, 1287 s, 46,0 MB/s
59197915136 bytes (59 GB, 55 GiB) copied, 1288 s, 46,0 MB/s
59240513536 bytes (59 GB, 55 GiB) copied, 1289 s, 46,0 MB/s
59283111936 bytes (59 GB, 55 GiB) copied, 1290 s, 46,0 MB/s
59325546496 bytes (59 GB, 55 GiB) copied, 1291 s, 46,0 MB/s
59372044288 bytes (59 GB, 55 GiB) copied, 1292 s, 46,0 MB/s
59415822336 bytes (59 GB, 55 GiB) copied, 1293 s, 46,0 MB/s
59458191360 bytes (59 GB, 55 GiB) copied, 1294 s, 45,9 MB/s
59501215744 bytes (60 GB, 55 GiB) copied, 1295 s, 45,9 MB/s
59544076288 bytes (60 GB, 55 GiB) copied, 1296 s, 45,9 MB/s
59587690496 bytes (60 GB, 55 GiB) copied, 1297 s, 45,9 MB/s
59630714880 bytes (60 GB, 56 GiB) copied, 1298 s, 45,9 MB/s
59675017216 bytes (60 GB, 56 GiB) copied, 1299 s, 45,9 MB/s
59718041600 bytes (60 GB, 56 GiB) copied, 1300 s, 45,9 MB/s
59762835456 bytes (60 GB, 56 GiB) copied, 1301 s, 45,9 MB/s
59805368320 bytes (60 GB, 56 GiB) copied, 1302 s, 45,9 MB/s
59847966720 bytes (60 GB, 56 GiB) copied, 1303 s, 45,9 MB/s
59890565120 bytes (60 GB, 56 GiB) copied, 1304 s, 45,9 MB/s
59933163520 bytes (60 GB, 56 GiB) copied, 1305 s, 45,9 MB/s
59976187904 bytes (60 GB, 56 GiB) copied, 1306 s, 45,9 MB/s
60019965952 bytes (60 GB, 56 GiB) copied, 1307 s, 45,9 MB/s
60063514624 bytes (60 GB, 56 GiB) copied, 1308 s, 45,9 MB/s
60109389824 bytes (60 GB, 56 GiB) copied, 1309 s, 45,9 MB/s
60151693312 bytes (60 GB, 56 GiB) copied, 1310 s, 45,9 MB/s
60195569664 bytes (60 GB, 56 GiB) copied, 1311 s, 45,9 MB/s
60238168064 bytes (60 GB, 56 GiB) copied, 1312 s, 45,9 MB/s
60280766464 bytes (60 GB, 56 GiB) copied, 1313 s, 45,9 MB/s
60323495936 bytes (60 GB, 56 GiB) copied, 1314 s, 45,9 MB/s
60365963264 bytes (60 GB, 56 GiB) copied, 1315 s, 45,9 MB/s
60408987648 bytes (60 GB, 56 GiB) copied, 1316 s, 45,9 MB/s
60452175872 bytes (60 GB, 56 GiB) copied, 1317 s, 45,9 MB/s
60496642048 bytes (60 GB, 56 GiB) copied, 1318 s, 45,9 MB/s
60539240448 bytes (61 GB, 56 GiB) copied, 1319 s, 45,9 MB/s
60582002688 bytes (61 GB, 56 GiB) copied, 1320 s, 45,9 MB/s
60624961536 bytes (61 GB, 56 GiB) copied, 1321 s, 45,9 MB/s
60670541824 bytes (61 GB, 57 GiB) copied, 1322 s, 45,9 MB/s
60715696128 bytes (61 GB, 57 GiB) copied, 1323 s, 45,9 MB/s
60759146496 bytes (61 GB, 57 GiB) copied, 1324 s, 45,9 MB/s
60802596864 bytes (61 GB, 57 GiB) copied, 1325 s, 45,9 MB/s
60845096960 bytes (61 GB, 57 GiB) copied, 1326 s, 45,9 MB/s
60887662592 bytes (61 GB, 57 GiB) copied, 1327 s, 45,9 MB/s
60930392064 bytes (61 GB, 57 GiB) copied, 1328 s, 45,9 MB/s
60972990464 bytes (61 GB, 57 GiB) copied, 1329 s, 45,9 MB/s
61017718784 bytes (61 GB, 57 GiB) copied, 1330 s, 45,9 MB/s
61061955584 bytes (61 GB, 57 GiB) copied, 1331 s, 45,9 MB/s
61104619520 bytes (61 GB, 57 GiB) copied, 1332 s, 45,9 MB/s
61148233728 bytes (61 GB, 57 GiB) copied, 1333 s, 45,9 MB/s
61193650176 bytes (61 GB, 57 GiB) copied, 1334 s, 45,9 MB/s
61237100544 bytes (61 GB, 57 GiB) copied, 1335 s, 45,9 MB/s
61279698944 bytes (61 GB, 57 GiB) copied, 1336 s, 45,9 MB/s
61323149312 bytes (61 GB, 57 GiB) copied, 1337 s, 45,9 MB/s
61367353344 bytes (61 GB, 57 GiB) copied, 1338 s, 45,9 MB/s
61411131392 bytes (61 GB, 57 GiB) copied, 1339 s, 45,9 MB/s
61454352384 bytes (61 GB, 57 GiB) copied, 1340 s, 45,9 MB/s
61498097664 bytes (61 GB, 57 GiB) copied, 1341 s, 45,9 MB/s
61540827136 bytes (62 GB, 57 GiB) copied, 1342 s, 45,9 MB/s
61583425536 bytes (62 GB, 57 GiB) copied, 1343 s, 45,9 MB/s
61626023936 bytes (62 GB, 57 GiB) copied, 1344 s, 45,9 MB/s
61669474304 bytes (62 GB, 57 GiB) copied, 1345 s, 45,9 MB/s
61711908864 bytes (62 GB, 57 GiB) copied, 1346 s, 45,8 MB/s
61754507264 bytes (62 GB, 58 GiB) copied, 1347 s, 45,8 MB/s
61797072896 bytes (62 GB, 58 GiB) copied, 1348 s, 45,8 MB/s
61839867904 bytes (62 GB, 58 GiB) copied, 1349 s, 45,8 MB/s
61882466304 bytes (62 GB, 58 GiB) copied, 1350 s, 45,8 MB/s
61925064704 bytes (62 GB, 58 GiB) copied, 1351 s, 45,8 MB/s
61967663104 bytes (62 GB, 58 GiB) copied, 1352 s, 45,8 MB/s
62010687488 bytes (62 GB, 58 GiB) copied, 1353 s, 45,8 MB/s
62054137856 bytes (62 GB, 58 GiB) copied, 1354 s, 45,8 MB/s
62101422080 bytes (62 GB, 58 GiB) copied, 1355 s, 45,8 MB/s
62145953792 bytes (62 GB, 58 GiB) copied, 1356 s, 45,8 MB/s
62189961216 bytes (62 GB, 58 GiB) copied, 1357 s, 45,8 MB/s
62233706496 bytes (62 GB, 58 GiB) copied, 1358 s, 45,8 MB/s
62276075520 bytes (62 GB, 58 GiB) copied, 1359 s, 45,8 MB/s
62319099904 bytes (62 GB, 58 GiB) copied, 1360 s, 45,8 MB/s
62362550272 bytes (62 GB, 58 GiB) copied, 1361 s, 45,8 MB/s
62405574656 bytes (62 GB, 58 GiB) copied, 1362 s, 45,8 MB/s
62449025024 bytes (62 GB, 58 GiB) copied, 1363 s, 45,8 MB/s
62494605312 bytes (62 GB, 58 GiB) copied, 1364 s, 45,8 MB/s
62538743808 bytes (63 GB, 58 GiB) copied, 1365 s, 45,8 MB/s
62581932032 bytes (63 GB, 58 GiB) copied, 1366 s, 45,8 MB/s
62624333824 bytes (63 GB, 58 GiB) copied, 1367 s, 45,8 MB/s
62667128832 bytes (63 GB, 58 GiB) copied, 1368 s, 45,8 MB/s
62709727232 bytes (63 GB, 58 GiB) copied, 1369 s, 45,8 MB/s
62752325632 bytes (63 GB, 58 GiB) copied, 1370 s, 45,8 MB/s
62797905920 bytes (63 GB, 58 GiB) copied, 1371 s, 45,8 MB/s
62842208256 bytes (63 GB, 59 GiB) copied, 1372 s, 45,8 MB/s
62885625856 bytes (63 GB, 59 GiB) copied, 1373 s, 45,8 MB/s
62929076224 bytes (63 GB, 59 GiB) copied, 1374 s, 45,8 MB/s
62971707392 bytes (63 GB, 59 GiB) copied, 1375 s, 45,8 MB/s
63014731776 bytes (63 GB, 59 GiB) copied, 1376 s, 45,8 MB/s
63057330176 bytes (63 GB, 59 GiB) copied, 1377 s, 45,8 MB/s
63100583936 bytes (63 GB, 59 GiB) copied, 1378 s, 45,8 MB/s
63143804928 bytes (63 GB, 59 GiB) copied, 1379 s, 45,8 MB/s
63186829312 bytes (63 GB, 59 GiB) copied, 1380 s, 45,8 MB/s
63231983616 bytes (63 GB, 59 GiB) copied, 1381 s, 45,8 MB/s
63277989888 bytes (63 GB, 59 GiB) copied, 1382 s, 45,8 MB/s
63321440256 bytes (63 GB, 59 GiB) copied, 1383 s, 45,8 MB/s
63364038656 bytes (63 GB, 59 GiB) copied, 1384 s, 45,8 MB/s
63406637056 bytes (63 GB, 59 GiB) copied, 1385 s, 45,8 MB/s
63449235456 bytes (63 GB, 59 GiB) copied, 1386 s, 45,8 MB/s
63494389760 bytes (63 GB, 59 GiB) copied, 1387 s, 45,8 MB/s
63538266112 bytes (64 GB, 59 GiB) copied, 1388 s, 45,8 MB/s
63581290496 bytes (64 GB, 59 GiB) copied, 1389 s, 45,8 MB/s
63624314880 bytes (64 GB, 59 GiB) copied, 1390 s, 45,8 MB/s
63667339264 bytes (64 GB, 59 GiB) copied, 1391 s, 45,8 MB/s
63709937664 bytes (64 GB, 59 GiB) copied, 1392 s, 45,8 MB/s
63752536064 bytes (64 GB, 59 GiB) copied, 1393 s, 45,8 MB/s
63796412416 bytes (64 GB, 59 GiB) copied, 1394 s, 45,8 MB/s
63842418688 bytes (64 GB, 59 GiB) copied, 1395 s, 45,8 MB/s
63885148160 bytes (64 GB, 59 GiB) copied, 1396 s, 45,8 MB/s
63928238080 bytes (64 GB, 60 GiB) copied, 1397 s, 45,8 MB/s
63971491840 bytes (64 GB, 60 GiB) copied, 1398 s, 45,8 MB/s
64014516224 bytes (64 GB, 60 GiB) copied, 1399 s, 45,8 MB/s
64058392576 bytes (64 GB, 60 GiB) copied, 1400 s, 45,8 MB/s
64101744640 bytes (64 GB, 60 GiB) copied, 1401 s, 45,8 MB/s
64144867328 bytes (64 GB, 60 GiB) copied, 1402 s, 45,8 MB/s
64187465728 bytes (64 GB, 60 GiB) copied, 1403 s, 45,8 MB/s
64230916096 bytes (64 GB, 60 GiB) copied, 1404 s, 45,7 MB/s
64273252352 bytes (64 GB, 60 GiB) copied, 1405 s, 45,7 MB/s
64316112896 bytes (64 GB, 60 GiB) copied, 1406 s, 45,7 MB/s
64358711296 bytes (64 GB, 60 GiB) copied, 1407 s, 45,7 MB/s
64401375232 bytes (64 GB, 60 GiB) copied, 1408 s, 45,7 MB/s
64444006400 bytes (64 GB, 60 GiB) copied, 1409 s, 45,7 MB/s
64487194624 bytes (64 GB, 60 GiB) copied, 1410 s, 45,7 MB/s
64531234816 bytes (65 GB, 60 GiB) copied, 1411 s, 45,7 MB/s
64576290816 bytes (65 GB, 60 GiB) copied, 1412 s, 45,7 MB/s
64619413504 bytes (65 GB, 60 GiB) copied, 1413 s, 45,7 MB/s
64663289856 bytes (65 GB, 60 GiB) copied, 1414 s, 45,7 MB/s
64706740224 bytes (65 GB, 60 GiB) copied, 1415 s, 45,7 MB/s
64749764608 bytes (65 GB, 60 GiB) copied, 1416 s, 45,7 MB/s
64792363008 bytes (65 GB, 60 GiB) copied, 1417 s, 45,7 MB/s
64834961408 bytes (65 GB, 60 GiB) copied, 1418 s, 45,7 MB/s
64877559808 bytes (65 GB, 60 GiB) copied, 1419 s, 45,7 MB/s
64921862144 bytes (65 GB, 60 GiB) copied, 1420 s, 45,7 MB/s
64965738496 bytes (65 GB, 61 GiB) copied, 1421 s, 45,7 MB/s
65008631808 bytes (65 GB, 61 GiB) copied, 1422 s, 45,7 MB/s
65052213248 bytes (65 GB, 61 GiB) copied, 1423 s, 45,7 MB/s
65095663616 bytes (65 GB, 61 GiB) copied, 1424 s, 45,7 MB/s
65138262016 bytes (65 GB, 61 GiB) copied, 1425 s, 45,7 MB/s
65180860416 bytes (65 GB, 61 GiB) copied, 1426 s, 45,7 MB/s
65224704000 bytes (65 GB, 61 GiB) copied, 1427 s, 45,7 MB/s
65267335168 bytes (65 GB, 61 GiB) copied, 1428 s, 45,7 MB/s
65310785536 bytes (65 GB, 61 GiB) copied, 1429 s, 45,7 MB/s
65354235904 bytes (65 GB, 61 GiB) copied, 1430 s, 45,7 MB/s
65399816192 bytes (65 GB, 61 GiB) copied, 1431 s, 45,7 MB/s
65442840576 bytes (65 GB, 61 GiB) copied, 1432 s, 45,7 MB/s
65485438976 bytes (65 GB, 61 GiB) copied, 1433 s, 45,7 MB/s
65528037376 bytes (66 GB, 61 GiB) copied, 1434 s, 45,7 MB/s
65570635776 bytes (66 GB, 61 GiB) copied, 1435 s, 45,7 MB/s
65614381056 bytes (66 GB, 61 GiB) copied, 1436 s, 45,7 MB/s
65657012224 bytes (66 GB, 61 GiB) copied, 1437 s, 45,7 MB/s
65699708928 bytes (66 GB, 61 GiB) copied, 1438 s, 45,7 MB/s
65743781888 bytes (66 GB, 61 GiB) copied, 1439 s, 45,7 MB/s
65787461632 bytes (66 GB, 61 GiB) copied, 1440 s, 45,7 MB/s
65830912000 bytes (66 GB, 61 GiB) copied, 1441 s, 45,7 MB/s
65873510400 bytes (66 GB, 61 GiB) copied, 1442 s, 45,7 MB/s
65916960768 bytes (66 GB, 61 GiB) copied, 1443 s, 45,7 MB/s
65962115072 bytes (66 GB, 61 GiB) copied, 1444 s, 45,7 MB/s
66006843392 bytes (66 GB, 61 GiB) copied, 1445 s, 45,7 MB/s
66050293760 bytes (66 GB, 62 GiB) copied, 1446 s, 45,7 MB/s
66093481984 bytes (66 GB, 62 GiB) copied, 1447 s, 45,7 MB/s
66136080384 bytes (66 GB, 62 GiB) copied, 1448 s, 45,7 MB/s
66178940928 bytes (66 GB, 62 GiB) copied, 1449 s, 45,7 MB/s
66221703168 bytes (66 GB, 62 GiB) copied, 1450 s, 45,7 MB/s
66264793088 bytes (66 GB, 62 GiB) copied, 1451 s, 45,7 MB/s
66307588096 bytes (66 GB, 62 GiB) copied, 1452 s, 45,7 MB/s
66350415872 bytes (66 GB, 62 GiB) copied, 1453 s, 45,7 MB/s
66394652672 bytes (66 GB, 62 GiB) copied, 1454 s, 45,7 MB/s
66439217152 bytes (66 GB, 62 GiB) copied, 1455 s, 45,7 MB/s
66481881088 bytes (66 GB, 62 GiB) copied, 1456 s, 45,7 MB/s
66524413952 bytes (67 GB, 62 GiB) copied, 1457 s, 45,7 MB/s
66567864320 bytes (67 GB, 62 GiB) copied, 1458 s, 45,7 MB/s
66612920320 bytes (67 GB, 62 GiB) copied, 1459 s, 45,7 MB/s
66656043008 bytes (67 GB, 62 GiB) copied, 1460 s, 45,7 MB/s
66699493376 bytes (67 GB, 62 GiB) copied, 1461 s, 45,7 MB/s
66744188928 bytes (67 GB, 62 GiB) copied, 1462 s, 45,7 MB/s
66788524032 bytes (67 GB, 62 GiB) copied, 1463 s, 45,7 MB/s
66832728064 bytes (67 GB, 62 GiB) copied, 1464 s, 45,7 MB/s
66874998784 bytes (67 GB, 62 GiB) copied, 1465 s, 45,6 MB/s
66917597184 bytes (67 GB, 62 GiB) copied, 1466 s, 45,6 MB/s
66960195584 bytes (67 GB, 62 GiB) copied, 1467 s, 45,6 MB/s
67003613184 bytes (67 GB, 62 GiB) copied, 1468 s, 45,6 MB/s
67046211584 bytes (67 GB, 62 GiB) copied, 1469 s, 45,6 MB/s
67090546688 bytes (67 GB, 62 GiB) copied, 1470 s, 45,6 MB/s
67133997056 bytes (67 GB, 63 GiB) copied, 1471 s, 45,6 MB/s
67178725376 bytes (67 GB, 63 GiB) copied, 1472 s, 45,6 MB/s
67222175744 bytes (67 GB, 63 GiB) copied, 1473 s, 45,6 MB/s
67264774144 bytes (67 GB, 63 GiB) copied, 1474 s, 45,6 MB/s
67307798528 bytes (67 GB, 63 GiB) copied, 1475 s, 45,6 MB/s
67350790144 bytes (67 GB, 63 GiB) copied, 1476 s, 45,6 MB/s
67395125248 bytes (67 GB, 63 GiB) copied, 1477 s, 45,6 MB/s
67438968832 bytes (67 GB, 63 GiB) copied, 1478 s, 45,6 MB/s
67482189824 bytes (67 GB, 63 GiB) copied, 1479 s, 45,6 MB/s
67527835648 bytes (68 GB, 63 GiB) copied, 1480 s, 45,6 MB/s
67571810304 bytes (68 GB, 63 GiB) copied, 1481 s, 45,6 MB/s
67614081024 bytes (68 GB, 63 GiB) copied, 1482 s, 45,6 MB/s
67659661312 bytes (68 GB, 63 GiB) copied, 1483 s, 45,6 MB/s
67703275520 bytes (68 GB, 63 GiB) copied, 1484 s, 45,6 MB/s
67746988032 bytes (68 GB, 63 GiB) copied, 1485 s, 45,6 MB/s
67790438400 bytes (68 GB, 63 GiB) copied, 1486 s, 45,6 MB/s
67833888768 bytes (68 GB, 63 GiB) copied, 1487 s, 45,6 MB/s
67876487168 bytes (68 GB, 63 GiB) copied, 1488 s, 45,6 MB/s
67919085568 bytes (68 GB, 63 GiB) copied, 1489 s, 45,6 MB/s
67962109952 bytes (68 GB, 63 GiB) copied, 1490 s, 45,6 MB/s
68004970496 bytes (68 GB, 63 GiB) copied, 1491 s, 45,6 MB/s
68050714624 bytes (68 GB, 63 GiB) copied, 1492 s, 45,6 MB/s
68093313024 bytes (68 GB, 63 GiB) copied, 1493 s, 45,6 MB/s
68137156608 bytes (68 GB, 63 GiB) copied, 1494 s, 45,6 MB/s
68181196800 bytes (68 GB, 63 GiB) copied, 1495 s, 45,6 MB/s
68223827968 bytes (68 GB, 64 GiB) copied, 1496 s, 45,6 MB/s
68266393600 bytes (68 GB, 64 GiB) copied, 1497 s, 45,6 MB/s
68309057536 bytes (68 GB, 64 GiB) copied, 1498 s, 45,6 MB/s
68351623168 bytes (68 GB, 64 GiB) copied, 1499 s, 45,6 MB/s
68394483712 bytes (68 GB, 64 GiB) copied, 1500 s, 45,6 MB/s
68436852736 bytes (68 GB, 64 GiB) copied, 1501 s, 45,6 MB/s
68479647744 bytes (68 GB, 64 GiB) copied, 1502 s, 45,6 MB/s
68522704896 bytes (69 GB, 64 GiB) copied, 1503 s, 45,6 MB/s
68565598208 bytes (69 GB, 64 GiB) copied, 1504 s, 45,6 MB/s
68608491520 bytes (69 GB, 64 GiB) copied, 1505 s, 45,6 MB/s
68651089920 bytes (69 GB, 64 GiB) copied, 1506 s, 45,6 MB/s
68693950464 bytes (69 GB, 64 GiB) copied, 1507 s, 45,6 MB/s
68737400832 bytes (69 GB, 64 GiB) copied, 1508 s, 45,6 MB/s
68779999232 bytes (69 GB, 64 GiB) copied, 1509 s, 45,6 MB/s
68824137728 bytes (69 GB, 64 GiB) copied, 1510 s, 45,6 MB/s
68868603904 bytes (69 GB, 64 GiB) copied, 1511 s, 45,6 MB/s
68911038464 bytes (69 GB, 64 GiB) copied, 1512 s, 45,6 MB/s
68953604096 bytes (69 GB, 64 GiB) copied, 1513 s, 45,6 MB/s
68996202496 bytes (69 GB, 64 GiB) copied, 1514 s, 45,6 MB/s
69038997504 bytes (69 GB, 64 GiB) copied, 1515 s, 45,6 MB/s
69082054656 bytes (69 GB, 64 GiB) copied, 1516 s, 45,6 MB/s
69124685824 bytes (69 GB, 64 GiB) copied, 1517 s, 45,6 MB/s
69167284224 bytes (69 GB, 64 GiB) copied, 1518 s, 45,6 MB/s
69211521024 bytes (69 GB, 64 GiB) copied, 1519 s, 45,6 MB/s
69257101312 bytes (69 GB, 65 GiB) copied, 1520 s, 45,6 MB/s
69300977664 bytes (69 GB, 65 GiB) copied, 1521 s, 45,6 MB/s
69344002048 bytes (69 GB, 65 GiB) copied, 1522 s, 45,6 MB/s
69386567680 bytes (69 GB, 65 GiB) copied, 1523 s, 45,6 MB/s
69429198848 bytes (69 GB, 65 GiB) copied, 1524 s, 45,6 MB/s
69471764480 bytes (69 GB, 65 GiB) copied, 1525 s, 45,6 MB/s
69514395648 bytes (70 GB, 65 GiB) copied, 1526 s, 45,6 MB/s
69557420032 bytes (70 GB, 65 GiB) copied, 1527 s, 45,6 MB/s
69602672640 bytes (70 GB, 65 GiB) copied, 1528 s, 45,6 MB/s
69645434880 bytes (70 GB, 65 GiB) copied, 1529 s, 45,5 MB/s
69690228736 bytes (70 GB, 65 GiB) copied, 1530 s, 45,5 MB/s
69732827136 bytes (70 GB, 65 GiB) copied, 1531 s, 45,5 MB/s
69775753216 bytes (70 GB, 65 GiB) copied, 1532 s, 45,5 MB/s
69819400192 bytes (70 GB, 65 GiB) copied, 1533 s, 45,5 MB/s
69862588416 bytes (70 GB, 65 GiB) copied, 1534 s, 45,5 MB/s
69908234240 bytes (70 GB, 65 GiB) copied, 1535 s, 45,5 MB/s
69951455232 bytes (70 GB, 65 GiB) copied, 1536 s, 45,5 MB/s
69994217472 bytes (70 GB, 65 GiB) copied, 1537 s, 45,5 MB/s
70039207936 bytes (70 GB, 65 GiB) copied, 1538 s, 45,5 MB/s
70082363392 bytes (70 GB, 65 GiB) copied, 1539 s, 45,5 MB/s
70125682688 bytes (70 GB, 65 GiB) copied, 1540 s, 45,5 MB/s
70169559040 bytes (70 GB, 65 GiB) copied, 1541 s, 45,5 MB/s
70216843264 bytes (70 GB, 65 GiB) copied, 1542 s, 45,5 MB/s
70263275520 bytes (70 GB, 65 GiB) copied, 1543 s, 45,5 MB/s
70308429824 bytes (70 GB, 65 GiB) copied, 1544 s, 45,5 MB/s
70352240640 bytes (70 GB, 66 GiB) copied, 1545 s, 45,5 MB/s
70397886464 bytes (70 GB, 66 GiB) copied, 1546 s, 45,5 MB/s
70445596672 bytes (70 GB, 66 GiB) copied, 1547 s, 45,5 MB/s
70492717056 bytes (70 GB, 66 GiB) copied, 1548 s, 45,5 MB/s
70539935744 bytes (71 GB, 66 GiB) copied, 1549 s, 45,5 MB/s
70587023360 bytes (71 GB, 66 GiB) copied, 1550 s, 45,5 MB/s
70633029632 bytes (71 GB, 66 GiB) copied, 1551 s, 45,5 MB/s
70677626880 bytes (71 GB, 66 GiB) copied, 1552 s, 45,5 MB/s
70723665920 bytes (71 GB, 66 GiB) copied, 1553 s, 45,5 MB/s
70770884608 bytes (71 GB, 66 GiB) copied, 1554 s, 45,5 MB/s
70817906688 bytes (71 GB, 66 GiB) copied, 1555 s, 45,5 MB/s
70863912960 bytes (71 GB, 66 GiB) copied, 1556 s, 45,5 MB/s
70911197184 bytes (71 GB, 66 GiB) copied, 1557 s, 45,5 MB/s
70956154880 bytes (71 GB, 66 GiB) copied, 1558 s, 45,5 MB/s
71001833472 bytes (71 GB, 66 GiB) copied, 1559 s, 45,5 MB/s
71047774208 bytes (71 GB, 66 GiB) copied, 1560 s, 45,5 MB/s
71094108160 bytes (71 GB, 66 GiB) copied, 1561 s, 45,5 MB/s
71139688448 bytes (71 GB, 66 GiB) copied, 1562 s, 45,5 MB/s
71182548992 bytes (71 GB, 66 GiB) copied, 1563 s, 45,5 MB/s
71227768832 bytes (71 GB, 66 GiB) copied, 1564 s, 45,5 MB/s
71274135552 bytes (71 GB, 66 GiB) copied, 1565 s, 45,5 MB/s
71319715840 bytes (71 GB, 66 GiB) copied, 1566 s, 45,5 MB/s
71364542464 bytes (71 GB, 66 GiB) copied, 1567 s, 45,5 MB/s
71411302400 bytes (71 GB, 67 GiB) copied, 1568 s, 45,5 MB/s
71458193408 bytes (71 GB, 67 GiB) copied, 1569 s, 45,5 MB/s
71505018880 bytes (72 GB, 67 GiB) copied, 1570 s, 45,5 MB/s
71552106496 bytes (72 GB, 67 GiB) copied, 1571 s, 45,5 MB/s
71599587328 bytes (72 GB, 67 GiB) copied, 1572 s, 45,5 MB/s
71646642176 bytes (72 GB, 67 GiB) copied, 1573 s, 45,5 MB/s
71693139968 bytes (72 GB, 67 GiB) copied, 1574 s, 45,5 MB/s
71738884096 bytes (72 GB, 67 GiB) copied, 1575 s, 45,5 MB/s
71783022592 bytes (72 GB, 67 GiB) copied, 1576 s, 45,5 MB/s
71826210816 bytes (72 GB, 67 GiB) copied, 1577 s, 45,5 MB/s
71873396736 bytes (72 GB, 67 GiB) copied, 1578 s, 45,5 MB/s
71918157824 bytes (72 GB, 67 GiB) copied, 1579 s, 45,5 MB/s
71962525696 bytes (72 GB, 67 GiB) copied, 1580 s, 45,5 MB/s
72007254016 bytes (72 GB, 67 GiB) copied, 1581 s, 45,5 MB/s
72054112256 bytes (72 GB, 67 GiB) copied, 1582 s, 45,5 MB/s
72100970496 bytes (72 GB, 67 GiB) copied, 1583 s, 45,5 MB/s
72144420864 bytes (72 GB, 67 GiB) copied, 1584 s, 45,5 MB/s
72189476864 bytes (72 GB, 67 GiB) copied, 1585 s, 45,5 MB/s
72235352064 bytes (72 GB, 67 GiB) copied, 1586 s, 45,5 MB/s
72279556096 bytes (72 GB, 67 GiB) copied, 1587 s, 45,5 MB/s
72325464064 bytes (72 GB, 67 GiB) copied, 1588 s, 45,5 MB/s
72370192384 bytes (72 GB, 67 GiB) copied, 1589 s, 45,5 MB/s
72415707136 bytes (72 GB, 67 GiB) copied, 1590 s, 45,5 MB/s
72459223040 bytes (72 GB, 67 GiB) copied, 1591 s, 45,5 MB/s
72502247424 bytes (73 GB, 68 GiB) copied, 1592 s, 45,5 MB/s
72547565568 bytes (73 GB, 68 GiB) copied, 1593 s, 45,5 MB/s
72592982016 bytes (73 GB, 68 GiB) copied, 1594 s, 45,5 MB/s
72638562304 bytes (73 GB, 68 GiB) copied, 1595 s, 45,5 MB/s
72682438656 bytes (73 GB, 68 GiB) copied, 1596 s, 45,5 MB/s
72728870912 bytes (73 GB, 68 GiB) copied, 1597 s, 45,5 MB/s
72775303168 bytes (73 GB, 68 GiB) copied, 1598 s, 45,5 MB/s
72819605504 bytes (73 GB, 68 GiB) copied, 1599 s, 45,5 MB/s
72867315712 bytes (73 GB, 68 GiB) copied, 1600 s, 45,5 MB/s
72912371712 bytes (73 GB, 68 GiB) copied, 1601 s, 45,5 MB/s
72956346368 bytes (73 GB, 68 GiB) copied, 1602 s, 45,5 MB/s
73002647552 bytes (73 GB, 68 GiB) copied, 1603 s, 45,5 MB/s
73048358912 bytes (73 GB, 68 GiB) copied, 1604 s, 45,5 MB/s
73091514368 bytes (73 GB, 68 GiB) copied, 1605 s, 45,5 MB/s
73135685632 bytes (73 GB, 68 GiB) copied, 1606 s, 45,5 MB/s
73182117888 bytes (73 GB, 68 GiB) copied, 1607 s, 45,5 MB/s
73227960320 bytes (73 GB, 68 GiB) copied, 1608 s, 45,5 MB/s
73273278464 bytes (73 GB, 68 GiB) copied, 1609 s, 45,5 MB/s
73317908480 bytes (73 GB, 68 GiB) copied, 1610 s, 45,5 MB/s
73362964480 bytes (73 GB, 68 GiB) copied, 1611 s, 45,5 MB/s
73409167360 bytes (73 GB, 68 GiB) copied, 1612 s, 45,5 MB/s
73453895680 bytes (73 GB, 68 GiB) copied, 1613 s, 45,5 MB/s
73498624000 bytes (73 GB, 68 GiB) copied, 1614 s, 45,5 MB/s
73543680000 bytes (74 GB, 68 GiB) copied, 1615 s, 45,5 MB/s
73589325824 bytes (74 GB, 69 GiB) copied, 1616 s, 45,5 MB/s
73634086912 bytes (74 GB, 69 GiB) copied, 1617 s, 45,5 MB/s
73680453632 bytes (74 GB, 69 GiB) copied, 1618 s, 45,5 MB/s
73725116416 bytes (74 GB, 69 GiB) copied, 1619 s, 45,5 MB/s
73769943040 bytes (74 GB, 69 GiB) copied, 1620 s, 45,5 MB/s
73813852160 bytes (74 GB, 69 GiB) copied, 1621 s, 45,5 MB/s
73859760128 bytes (74 GB, 69 GiB) copied, 1622 s, 45,5 MB/s
73906290688 bytes (74 GB, 69 GiB) copied, 1623 s, 45,5 MB/s
73950330880 bytes (74 GB, 69 GiB) copied, 1624 s, 45,5 MB/s
73995747328 bytes (74 GB, 69 GiB) copied, 1625 s, 45,5 MB/s
74042441728 bytes (74 GB, 69 GiB) copied, 1626 s, 45,5 MB/s
74088022016 bytes (74 GB, 69 GiB) copied, 1627 s, 45,5 MB/s
74133012480 bytes (74 GB, 69 GiB) copied, 1628 s, 45,5 MB/s
74176430080 bytes (74 GB, 69 GiB) copied, 1629 s, 45,5 MB/s
74220994560 bytes (74 GB, 69 GiB) copied, 1630 s, 45,5 MB/s
74266836992 bytes (74 GB, 69 GiB) copied, 1631 s, 45,5 MB/s
74313170944 bytes (74 GB, 69 GiB) copied, 1632 s, 45,5 MB/s
74356981760 bytes (74 GB, 69 GiB) copied, 1633 s, 45,5 MB/s
74402136064 bytes (74 GB, 69 GiB) copied, 1634 s, 45,5 MB/s
74446438400 bytes (74 GB, 69 GiB) copied, 1635 s, 45,5 MB/s
74492248064 bytes (74 GB, 69 GiB) copied, 1636 s, 45,5 MB/s
74538024960 bytes (75 GB, 69 GiB) copied, 1637 s, 45,5 MB/s
74583998464 bytes (75 GB, 69 GiB) copied, 1638 s, 45,5 MB/s
74631282688 bytes (75 GB, 70 GiB) copied, 1639 s, 45,5 MB/s
74675781632 bytes (75 GB, 70 GiB) copied, 1640 s, 45,5 MB/s
74719494144 bytes (75 GB, 70 GiB) copied, 1641 s, 45,5 MB/s
74763173888 bytes (75 GB, 70 GiB) copied, 1642 s, 45,5 MB/s
74808098816 bytes (75 GB, 70 GiB) copied, 1643 s, 45,5 MB/s
74854105088 bytes (75 GB, 70 GiB) copied, 1644 s, 45,5 MB/s
74897555456 bytes (75 GB, 70 GiB) copied, 1645 s, 45,5 MB/s
74941431808 bytes (75 GB, 70 GiB) copied, 1646 s, 45,5 MB/s
74984095744 bytes (75 GB, 70 GiB) copied, 1647 s, 45,5 MB/s
75028856832 bytes (75 GB, 70 GiB) copied, 1648 s, 45,5 MB/s
75074207744 bytes (75 GB, 70 GiB) copied, 1649 s, 45,5 MB/s
75121623040 bytes (75 GB, 70 GiB) copied, 1650 s, 45,5 MB/s
75168907264 bytes (75 GB, 70 GiB) copied, 1651 s, 45,5 MB/s
75216191488 bytes (75 GB, 70 GiB) copied, 1652 s, 45,5 MB/s
75262197760 bytes (75 GB, 70 GiB) copied, 1653 s, 45,5 MB/s
75306926080 bytes (75 GB, 70 GiB) copied, 1654 s, 45,5 MB/s
75352080384 bytes (75 GB, 70 GiB) copied, 1655 s, 45,5 MB/s
75395956736 bytes (75 GB, 70 GiB) copied, 1656 s, 45,5 MB/s
75440685056 bytes (75 GB, 70 GiB) copied, 1657 s, 45,5 MB/s
75487444992 bytes (75 GB, 70 GiB) copied, 1658 s, 45,5 MB/s
75531845632 bytes (76 GB, 70 GiB) copied, 1659 s, 45,5 MB/s
75576573952 bytes (76 GB, 70 GiB) copied, 1660 s, 45,5 MB/s
75622055936 bytes (76 GB, 70 GiB) copied, 1661 s, 45,5 MB/s
75669340160 bytes (76 GB, 70 GiB) copied, 1662 s, 45,5 MB/s
75715870720 bytes (76 GB, 71 GiB) copied, 1663 s, 45,5 MB/s
75762302976 bytes (76 GB, 71 GiB) copied, 1664 s, 45,5 MB/s
75808735232 bytes (76 GB, 71 GiB) copied, 1665 s, 45,5 MB/s
75853037568 bytes (76 GB, 71 GiB) copied, 1666 s, 45,5 MB/s
75897241600 bytes (76 GB, 71 GiB) copied, 1667 s, 45,5 MB/s
75941642240 bytes (76 GB, 71 GiB) copied, 1668 s, 45,5 MB/s
75985944576 bytes (76 GB, 71 GiB) copied, 1669 s, 45,5 MB/s
76030672896 bytes (76 GB, 71 GiB) copied, 1670 s, 45,5 MB/s
76075237376 bytes (76 GB, 71 GiB) copied, 1671 s, 45,5 MB/s
76120555520 bytes (76 GB, 71 GiB) copied, 1672 s, 45,5 MB/s
76164857856 bytes (76 GB, 71 GiB) copied, 1673 s, 45,5 MB/s
76209225728 bytes (76 GB, 71 GiB) copied, 1674 s, 45,5 MB/s
76254314496 bytes (76 GB, 71 GiB) copied, 1675 s, 45,5 MB/s
76300288000 bytes (76 GB, 71 GiB) copied, 1676 s, 45,5 MB/s
76346327040 bytes (76 GB, 71 GiB) copied, 1677 s, 45,5 MB/s
76393185280 bytes (76 GB, 71 GiB) copied, 1678 s, 45,5 MB/s
76437913600 bytes (76 GB, 71 GiB) copied, 1679 s, 45,5 MB/s
76482805760 bytes (76 GB, 71 GiB) copied, 1680 s, 45,5 MB/s
76526583808 bytes (77 GB, 71 GiB) copied, 1681 s, 45,5 MB/s
76570853376 bytes (77 GB, 71 GiB) copied, 1682 s, 45,5 MB/s
76618104832 bytes (77 GB, 71 GiB) copied, 1683 s, 45,5 MB/s
76663259136 bytes (77 GB, 71 GiB) copied, 1684 s, 45,5 MB/s
76708708352 bytes (77 GB, 71 GiB) copied, 1685 s, 45,5 MB/s
76754550784 bytes (77 GB, 71 GiB) copied, 1686 s, 45,5 MB/s
76798525440 bytes (77 GB, 72 GiB) copied, 1687 s, 45,5 MB/s
76843483136 bytes (77 GB, 72 GiB) copied, 1688 s, 45,5 MB/s
76886474752 bytes (77 GB, 72 GiB) copied, 1689 s, 45,5 MB/s
76931334144 bytes (77 GB, 72 GiB) copied, 1690 s, 45,5 MB/s
76978782208 bytes (77 GB, 72 GiB) copied, 1691 s, 45,5 MB/s
77025345536 bytes (77 GB, 72 GiB) copied, 1692 s, 45,5 MB/s
77069647872 bytes (77 GB, 72 GiB) copied, 1693 s, 45,5 MB/s
77115228160 bytes (77 GB, 72 GiB) copied, 1694 s, 45,5 MB/s
77158252544 bytes (77 GB, 72 GiB) copied, 1695 s, 45,5 MB/s
77202554880 bytes (77 GB, 72 GiB) copied, 1696 s, 45,5 MB/s
77249150976 bytes (77 GB, 72 GiB) copied, 1697 s, 45,5 MB/s
77294567424 bytes (77 GB, 72 GiB) copied, 1698 s, 45,5 MB/s
77340016640 bytes (77 GB, 72 GiB) copied, 1699 s, 45,5 MB/s
77384450048 bytes (77 GB, 72 GiB) copied, 1700 s, 45,5 MB/s
77430456320 bytes (77 GB, 72 GiB) copied, 1701 s, 45,5 MB/s
77476462592 bytes (77 GB, 72 GiB) copied, 1702 s, 45,5 MB/s
77522370560 bytes (78 GB, 72 GiB) copied, 1703 s, 45,5 MB/s
77568278528 bytes (78 GB, 72 GiB) copied, 1704 s, 45,5 MB/s
77610909696 bytes (78 GB, 72 GiB) copied, 1705 s, 45,5 MB/s
77653245952 bytes (78 GB, 72 GiB) copied, 1706 s, 45,5 MB/s
77700431872 bytes (78 GB, 72 GiB) copied, 1707 s, 45,5 MB/s
77745684480 bytes (78 GB, 72 GiB) copied, 1708 s, 45,5 MB/s
77792968704 bytes (78 GB, 72 GiB) copied, 1709 s, 45,5 MB/s
77837434880 bytes (78 GB, 72 GiB) copied, 1710 s, 45,5 MB/s
77884555264 bytes (78 GB, 73 GiB) copied, 1711 s, 45,5 MB/s
77931741184 bytes (78 GB, 73 GiB) copied, 1712 s, 45,5 MB/s
77979025408 bytes (78 GB, 73 GiB) copied, 1713 s, 45,5 MB/s
78026473472 bytes (78 GB, 73 GiB) copied, 1714 s, 45,5 MB/s
78071889920 bytes (78 GB, 73 GiB) copied, 1715 s, 45,5 MB/s
78118125568 bytes (78 GB, 73 GiB) copied, 1716 s, 45,5 MB/s
78165180416 bytes (78 GB, 73 GiB) copied, 1717 s, 45,5 MB/s
78207680512 bytes (78 GB, 73 GiB) copied, 1718 s, 45,5 MB/s
78250278912 bytes (78 GB, 73 GiB) copied, 1719 s, 45,5 MB/s
78292877312 bytes (78 GB, 73 GiB) copied, 1720 s, 45,5 MB/s
78335508480 bytes (78 GB, 73 GiB) copied, 1721 s, 45,5 MB/s
78378074112 bytes (78 GB, 73 GiB) copied, 1722 s, 45,5 MB/s
78420672512 bytes (78 GB, 73 GiB) copied, 1723 s, 45,5 MB/s
78463369216 bytes (78 GB, 73 GiB) copied, 1724 s, 45,5 MB/s
78505836544 bytes (79 GB, 73 GiB) copied, 1725 s, 45,5 MB/s
78548402176 bytes (79 GB, 73 GiB) copied, 1726 s, 45,5 MB/s
78591066112 bytes (79 GB, 73 GiB) copied, 1727 s, 45,5 MB/s
78634450944 bytes (79 GB, 73 GiB) copied, 1728 s, 45,5 MB/s
78677213184 bytes (79 GB, 73 GiB) copied, 1729 s, 45,5 MB/s
78720237568 bytes (79 GB, 73 GiB) copied, 1730 s, 45,5 MB/s
78763819008 bytes (79 GB, 73 GiB) copied, 1731 s, 45,5 MB/s
78807564288 bytes (79 GB, 73 GiB) copied, 1732 s, 45,5 MB/s
78850752512 bytes (79 GB, 73 GiB) copied, 1733 s, 45,5 MB/s
78893613056 bytes (79 GB, 73 GiB) copied, 1734 s, 45,5 MB/s
78936211456 bytes (79 GB, 74 GiB) copied, 1735 s, 45,5 MB/s
78979235840 bytes (79 GB, 74 GiB) copied, 1736 s, 45,5 MB/s
79024226304 bytes (79 GB, 74 GiB) copied, 1737 s, 45,5 MB/s
79067840512 bytes (79 GB, 74 GiB) copied, 1738 s, 45,5 MB/s
79110733824 bytes (79 GB, 74 GiB) copied, 1739 s, 45,5 MB/s
79154642944 bytes (79 GB, 74 GiB) copied, 1740 s, 45,5 MB/s
79198027776 bytes (79 GB, 74 GiB) copied, 1741 s, 45,5 MB/s
79241969664 bytes (79 GB, 74 GiB) copied, 1742 s, 45,5 MB/s
79284535296 bytes (79 GB, 74 GiB) copied, 1743 s, 45,5 MB/s
79327264768 bytes (79 GB, 74 GiB) copied, 1744 s, 45,5 MB/s
79371567104 bytes (79 GB, 74 GiB) copied, 1745 s, 45,5 MB/s
79415443456 bytes (79 GB, 74 GiB) copied, 1746 s, 45,5 MB/s
79458271232 bytes (79 GB, 74 GiB) copied, 1747 s, 45,5 MB/s
79501492224 bytes (80 GB, 74 GiB) copied, 1748 s, 45,5 MB/s
79544516608 bytes (80 GB, 74 GiB) copied, 1749 s, 45,5 MB/s
79587246080 bytes (80 GB, 74 GiB) copied, 1750 s, 45,5 MB/s
79629713408 bytes (80 GB, 74 GiB) copied, 1751 s, 45,5 MB/s
79674441728 bytes (80 GB, 74 GiB) copied, 1752 s, 45,5 MB/s
79717466112 bytes (80 GB, 74 GiB) copied, 1753 s, 45,5 MB/s
79760523264 bytes (80 GB, 74 GiB) copied, 1754 s, 45,5 MB/s
79804366848 bytes (80 GB, 74 GiB) copied, 1755 s, 45,5 MB/s
79848669184 bytes (80 GB, 74 GiB) copied, 1756 s, 45,5 MB/s
79892873216 bytes (80 GB, 74 GiB) copied, 1757 s, 45,5 MB/s
79936749568 bytes (80 GB, 74 GiB) copied, 1758 s, 45,5 MB/s
79980658688 bytes (80 GB, 74 GiB) copied, 1759 s, 45,5 MB/s
80023945216 bytes (80 GB, 75 GiB) copied, 1760 s, 45,5 MB/s
80068476928 bytes (80 GB, 75 GiB) copied, 1761 s, 45,5 MB/s
80111566848 bytes (80 GB, 75 GiB) copied, 1762 s, 45,5 MB/s
80154787840 bytes (80 GB, 75 GiB) copied, 1763 s, 45,5 MB/s
80197976064 bytes (80 GB, 75 GiB) copied, 1764 s, 45,5 MB/s
80242966528 bytes (80 GB, 75 GiB) copied, 1765 s, 45,5 MB/s
80287432704 bytes (80 GB, 75 GiB) copied, 1766 s, 45,5 MB/s
80329900032 bytes (80 GB, 75 GiB) copied, 1767 s, 45,5 MB/s
80372531200 bytes (80 GB, 75 GiB) copied, 1768 s, 45,5 MB/s
80415227904 bytes (80 GB, 75 GiB) copied, 1769 s, 45,5 MB/s
80459268096 bytes (80 GB, 75 GiB) copied, 1770 s, 45,5 MB/s
80501899264 bytes (81 GB, 75 GiB) copied, 1771 s, 45,5 MB/s
80545153024 bytes (81 GB, 75 GiB) copied, 1772 s, 45,5 MB/s
80587980800 bytes (81 GB, 75 GiB) copied, 1773 s, 45,5 MB/s
80630579200 bytes (81 GB, 75 GiB) copied, 1774 s, 45,5 MB/s
80672948224 bytes (81 GB, 75 GiB) copied, 1775 s, 45,4 MB/s
80720232448 bytes (81 GB, 75 GiB) copied, 1776 s, 45,5 MB/s
80764534784 bytes (81 GB, 75 GiB) copied, 1777 s, 45,4 MB/s
80806838272 bytes (81 GB, 75 GiB) copied, 1778 s, 45,4 MB/s
80849731584 bytes (81 GB, 75 GiB) copied, 1779 s, 45,4 MB/s
80893181952 bytes (81 GB, 75 GiB) copied, 1780 s, 45,4 MB/s
80935780352 bytes (81 GB, 75 GiB) copied, 1781 s, 45,4 MB/s
80978378752 bytes (81 GB, 75 GiB) copied, 1782 s, 45,4 MB/s
81021403136 bytes (81 GB, 75 GiB) copied, 1783 s, 45,4 MB/s
81065279488 bytes (81 GB, 75 GiB) copied, 1784 s, 45,4 MB/s
81110007808 bytes (81 GB, 76 GiB) copied, 1785 s, 45,4 MB/s
81157128192 bytes (81 GB, 76 GiB) copied, 1786 s, 45,4 MB/s
81200742400 bytes (81 GB, 76 GiB) copied, 1787 s, 45,4 MB/s
81243373568 bytes (81 GB, 76 GiB) copied, 1788 s, 45,4 MB/s
81285939200 bytes (81 GB, 76 GiB) copied, 1789 s, 45,4 MB/s
81328570368 bytes (81 GB, 76 GiB) copied, 1790 s, 45,4 MB/s
81371136000 bytes (81 GB, 76 GiB) copied, 1791 s, 45,4 MB/s
81413799936 bytes (81 GB, 76 GiB) copied, 1792 s, 45,4 MB/s
81456332800 bytes (81 GB, 76 GiB) copied, 1793 s, 45,4 MB/s
81498931200 bytes (81 GB, 76 GiB) copied, 1794 s, 45,4 MB/s
81541595136 bytes (82 GB, 76 GiB) copied, 1795 s, 45,4 MB/s
81584160768 bytes (82 GB, 76 GiB) copied, 1796 s, 45,4 MB/s
81626791936 bytes (82 GB, 76 GiB) copied, 1797 s, 45,4 MB/s
81669324800 bytes (82 GB, 76 GiB) copied, 1798 s, 45,4 MB/s
81711988736 bytes (82 GB, 76 GiB) copied, 1799 s, 45,4 MB/s
81754587136 bytes (82 GB, 76 GiB) copied, 1800 s, 45,4 MB/s
81797120000 bytes (82 GB, 76 GiB) copied, 1801 s, 45,4 MB/s
81841258496 bytes (82 GB, 76 GiB) copied, 1802 s, 45,4 MB/s
81884184576 bytes (82 GB, 76 GiB) copied, 1803 s, 45,4 MB/s
81927045120 bytes (82 GB, 76 GiB) copied, 1804 s, 45,4 MB/s
81969905664 bytes (82 GB, 76 GiB) copied, 1805 s, 45,4 MB/s
82012667904 bytes (82 GB, 76 GiB) copied, 1806 s, 45,4 MB/s
82056544256 bytes (82 GB, 76 GiB) copied, 1807 s, 45,4 MB/s
82099568640 bytes (82 GB, 76 GiB) copied, 1808 s, 45,4 MB/s
82143444992 bytes (82 GB, 77 GiB) copied, 1809 s, 45,4 MB/s
82187321344 bytes (82 GB, 77 GiB) copied, 1810 s, 45,4 MB/s
82232639488 bytes (82 GB, 77 GiB) copied, 1811 s, 45,4 MB/s
82275991552 bytes (82 GB, 77 GiB) copied, 1812 s, 45,4 MB/s
82318688256 bytes (82 GB, 77 GiB) copied, 1813 s, 45,4 MB/s
82361548800 bytes (82 GB, 77 GiB) copied, 1814 s, 45,4 MB/s
82404147200 bytes (82 GB, 77 GiB) copied, 1815 s, 45,4 MB/s
82448875520 bytes (82 GB, 77 GiB) copied, 1816 s, 45,4 MB/s
82496159744 bytes (82 GB, 77 GiB) copied, 1817 s, 45,4 MB/s
82539610112 bytes (83 GB, 77 GiB) copied, 1818 s, 45,4 MB/s
82583683072 bytes (83 GB, 77 GiB) copied, 1819 s, 45,4 MB/s
82628214784 bytes (83 GB, 77 GiB) copied, 1820 s, 45,4 MB/s
82670813184 bytes (83 GB, 77 GiB) copied, 1821 s, 45,4 MB/s
82713411584 bytes (83 GB, 77 GiB) copied, 1822 s, 45,4 MB/s
82756861952 bytes (83 GB, 77 GiB) copied, 1823 s, 45,4 MB/s
82800738304 bytes (83 GB, 77 GiB) copied, 1824 s, 45,4 MB/s
82845270016 bytes (83 GB, 77 GiB) copied, 1825 s, 45,4 MB/s
82888065024 bytes (83 GB, 77 GiB) copied, 1826 s, 45,4 MB/s
82930663424 bytes (83 GB, 77 GiB) copied, 1827 s, 45,4 MB/s
82974441472 bytes (83 GB, 77 GiB) copied, 1828 s, 45,4 MB/s
83017302016 bytes (83 GB, 77 GiB) copied, 1829 s, 45,4 MB/s
83060588544 bytes (83 GB, 77 GiB) copied, 1830 s, 45,4 MB/s
83104071680 bytes (83 GB, 77 GiB) copied, 1831 s, 45,4 MB/s
83147063296 bytes (83 GB, 77 GiB) copied, 1832 s, 45,4 MB/s
83190218752 bytes (83 GB, 77 GiB) copied, 1833 s, 45,4 MB/s
83233112064 bytes (83 GB, 78 GiB) copied, 1834 s, 45,4 MB/s
83279118336 bytes (83 GB, 78 GiB) copied, 1835 s, 45,4 MB/s
83323420672 bytes (83 GB, 78 GiB) copied, 1836 s, 45,4 MB/s
83366871040 bytes (83 GB, 78 GiB) copied, 1837 s, 45,4 MB/s
83410321408 bytes (83 GB, 78 GiB) copied, 1838 s, 45,4 MB/s
83452985344 bytes (83 GB, 78 GiB) copied, 1839 s, 45,4 MB/s
83495518208 bytes (83 GB, 78 GiB) copied, 1840 s, 45,4 MB/s
83538116608 bytes (84 GB, 78 GiB) copied, 1841 s, 45,4 MB/s
83584450560 bytes (84 GB, 78 GiB) copied, 1842 s, 45,4 MB/s
83627048960 bytes (84 GB, 78 GiB) copied, 1843 s, 45,4 MB/s
83671023616 bytes (84 GB, 78 GiB) copied, 1844 s, 45,4 MB/s
83714899968 bytes (84 GB, 78 GiB) copied, 1845 s, 45,4 MB/s
83759202304 bytes (84 GB, 78 GiB) copied, 1846 s, 45,4 MB/s
83803471872 bytes (84 GB, 78 GiB) copied, 1847 s, 45,4 MB/s
83846103040 bytes (84 GB, 78 GiB) copied, 1848 s, 45,4 MB/s
83888701440 bytes (84 GB, 78 GiB) copied, 1849 s, 45,4 MB/s
83931463680 bytes (84 GB, 78 GiB) copied, 1850 s, 45,4 MB/s
83974324224 bytes (84 GB, 78 GiB) copied, 1851 s, 45,4 MB/s
84017610752 bytes (84 GB, 78 GiB) copied, 1852 s, 45,4 MB/s
84061650944 bytes (84 GB, 78 GiB) copied, 1853 s, 45,4 MB/s
84104249344 bytes (84 GB, 78 GiB) copied, 1854 s, 45,4 MB/s
84147830784 bytes (84 GB, 78 GiB) copied, 1855 s, 45,4 MB/s
84190724096 bytes (84 GB, 78 GiB) copied, 1856 s, 45,4 MB/s
84234600448 bytes (84 GB, 78 GiB) copied, 1857 s, 45,4 MB/s
84277526528 bytes (84 GB, 78 GiB) copied, 1858 s, 45,4 MB/s
84321927168 bytes (84 GB, 79 GiB) copied, 1859 s, 45,4 MB/s
84367310848 bytes (84 GB, 79 GiB) copied, 1860 s, 45,4 MB/s
84409942016 bytes (84 GB, 79 GiB) copied, 1861 s, 45,4 MB/s
84452278272 bytes (84 GB, 79 GiB) copied, 1862 s, 45,4 MB/s
84496580608 bytes (84 GB, 79 GiB) copied, 1863 s, 45,4 MB/s
84538982400 bytes (85 GB, 79 GiB) copied, 1864 s, 45,4 MB/s
84581777408 bytes (85 GB, 79 GiB) copied, 1865 s, 45,4 MB/s
84626341888 bytes (85 GB, 79 GiB) copied, 1866 s, 45,4 MB/s
84668678144 bytes (85 GB, 79 GiB) copied, 1867 s, 45,4 MB/s
84711276544 bytes (85 GB, 79 GiB) copied, 1868 s, 45,3 MB/s
84754300928 bytes (85 GB, 79 GiB) copied, 1869 s, 45,3 MB/s
84797751296 bytes (85 GB, 79 GiB) copied, 1870 s, 45,3 MB/s
84840742912 bytes (85 GB, 79 GiB) copied, 1871 s, 45,3 MB/s
84885504000 bytes (85 GB, 79 GiB) copied, 1872 s, 45,3 MB/s
84929806336 bytes (85 GB, 79 GiB) copied, 1873 s, 45,3 MB/s
84972830720 bytes (85 GB, 79 GiB) copied, 1874 s, 45,3 MB/s
85015855104 bytes (85 GB, 79 GiB) copied, 1875 s, 45,3 MB/s
85061369856 bytes (85 GB, 79 GiB) copied, 1876 s, 45,3 MB/s
85106130944 bytes (85 GB, 79 GiB) copied, 1877 s, 45,3 MB/s
85148762112 bytes (85 GB, 79 GiB) copied, 1878 s, 45,3 MB/s
85191360512 bytes (85 GB, 79 GiB) copied, 1879 s, 45,3 MB/s
85233926144 bytes (85 GB, 79 GiB) copied, 1880 s, 45,3 MB/s
85276459008 bytes (85 GB, 79 GiB) copied, 1881 s, 45,3 MB/s
85320073216 bytes (85 GB, 79 GiB) copied, 1882 s, 45,3 MB/s
85363884032 bytes (85 GB, 80 GiB) copied, 1883 s, 45,3 MB/s
85406908416 bytes (85 GB, 80 GiB) copied, 1884 s, 45,3 MB/s
85450784768 bytes (85 GB, 80 GiB) copied, 1885 s, 45,3 MB/s
85494661120 bytes (85 GB, 80 GiB) copied, 1886 s, 45,3 MB/s
85538766848 bytes (86 GB, 80 GiB) copied, 1887 s, 45,3 MB/s
85582839808 bytes (86 GB, 80 GiB) copied, 1888 s, 45,3 MB/s
85626716160 bytes (86 GB, 80 GiB) copied, 1889 s, 45,3 MB/s
85670658048 bytes (86 GB, 80 GiB) copied, 1890 s, 45,3 MB/s
85713223680 bytes (86 GB, 80 GiB) copied, 1891 s, 45,3 MB/s
85755854848 bytes (86 GB, 80 GiB) copied, 1892 s, 45,3 MB/s
85799108608 bytes (86 GB, 80 GiB) copied, 1893 s, 45,3 MB/s
85842690048 bytes (86 GB, 80 GiB) copied, 1894 s, 45,3 MB/s
85885550592 bytes (86 GB, 80 GiB) copied, 1895 s, 45,3 MB/s
85929426944 bytes (86 GB, 80 GiB) copied, 1896 s, 45,3 MB/s
85974745088 bytes (86 GB, 80 GiB) copied, 1897 s, 45,3 MB/s
86017769472 bytes (86 GB, 80 GiB) copied, 1898 s, 45,3 MB/s
86060236800 bytes (86 GB, 80 GiB) copied, 1899 s, 45,3 MB/s
86102769664 bytes (86 GB, 80 GiB) copied, 1900 s, 45,3 MB/s
86145400832 bytes (86 GB, 80 GiB) copied, 1901 s, 45,3 MB/s
86188163072 bytes (86 GB, 80 GiB) copied, 1902 s, 45,3 MB/s
86231089152 bytes (86 GB, 80 GiB) copied, 1903 s, 45,3 MB/s
86274637824 bytes (86 GB, 80 GiB) copied, 1904 s, 45,3 MB/s
86318219264 bytes (86 GB, 80 GiB) copied, 1905 s, 45,3 MB/s
86361538560 bytes (86 GB, 80 GiB) copied, 1906 s, 45,3 MB/s
86405840896 bytes (86 GB, 80 GiB) copied, 1907 s, 45,3 MB/s
86449586176 bytes (86 GB, 81 GiB) copied, 1908 s, 45,3 MB/s
86491889664 bytes (86 GB, 81 GiB) copied, 1909 s, 45,3 MB/s
86534488064 bytes (87 GB, 81 GiB) copied, 1910 s, 45,3 MB/s
86577905664 bytes (87 GB, 81 GiB) copied, 1911 s, 45,3 MB/s
86623092736 bytes (87 GB, 81 GiB) copied, 1912 s, 45,3 MB/s
86667395072 bytes (87 GB, 81 GiB) copied, 1913 s, 45,3 MB/s
86711173120 bytes (87 GB, 81 GiB) copied, 1914 s, 45,3 MB/s
86755147776 bytes (87 GB, 81 GiB) copied, 1915 s, 45,3 MB/s
86797746176 bytes (87 GB, 81 GiB) copied, 1916 s, 45,3 MB/s
86840606720 bytes (87 GB, 81 GiB) copied, 1917 s, 45,3 MB/s
86883368960 bytes (87 GB, 81 GiB) copied, 1918 s, 45,3 MB/s
86927245312 bytes (87 GB, 81 GiB) copied, 1919 s, 45,3 MB/s
86969417728 bytes (87 GB, 81 GiB) copied, 1920 s, 45,3 MB/s
87012016128 bytes (87 GB, 81 GiB) copied, 1921 s, 45,3 MB/s
87058022400 bytes (87 GB, 81 GiB) copied, 1922 s, 45,3 MB/s
87101472768 bytes (87 GB, 81 GiB) copied, 1923 s, 45,3 MB/s
87144071168 bytes (87 GB, 81 GiB) copied, 1924 s, 45,3 MB/s
87186669568 bytes (87 GB, 81 GiB) copied, 1925 s, 45,3 MB/s
87231758336 bytes (87 GB, 81 GiB) copied, 1926 s, 45,3 MB/s
87275274240 bytes (87 GB, 81 GiB) copied, 1927 s, 45,3 MB/s
87318102016 bytes (87 GB, 81 GiB) copied, 1928 s, 45,3 MB/s
87360471040 bytes (87 GB, 81 GiB) copied, 1929 s, 45,3 MB/s
87403462656 bytes (87 GB, 81 GiB) copied, 1930 s, 45,3 MB/s
87446093824 bytes (87 GB, 81 GiB) copied, 1931 s, 45,3 MB/s
87488266240 bytes (87 GB, 81 GiB) copied, 1932 s, 45,3 MB/s
87530864640 bytes (88 GB, 82 GiB) copied, 1933 s, 45,3 MB/s
87573463040 bytes (88 GB, 82 GiB) copied, 1934 s, 45,3 MB/s
87619469312 bytes (88 GB, 82 GiB) copied, 1935 s, 45,3 MB/s
87664689152 bytes (88 GB, 82 GiB) copied, 1936 s, 45,3 MB/s
87707811840 bytes (88 GB, 82 GiB) copied, 1937 s, 45,3 MB/s
87751262208 bytes (88 GB, 82 GiB) copied, 1938 s, 45,3 MB/s
87793696768 bytes (88 GB, 82 GiB) copied, 1939 s, 45,3 MB/s
87836426240 bytes (88 GB, 82 GiB) copied, 1940 s, 45,3 MB/s
87879745536 bytes (88 GB, 82 GiB) copied, 1941 s, 45,3 MB/s
87924473856 bytes (88 GB, 82 GiB) copied, 1942 s, 45,3 MB/s
87967498240 bytes (88 GB, 82 GiB) copied, 1943 s, 45,3 MB/s
88010096640 bytes (88 GB, 82 GiB) copied, 1944 s, 45,3 MB/s
88053121024 bytes (88 GB, 82 GiB) copied, 1945 s, 45,3 MB/s
88096047104 bytes (88 GB, 82 GiB) copied, 1946 s, 45,3 MB/s
88139956224 bytes (88 GB, 82 GiB) copied, 1947 s, 45,3 MB/s
88182620160 bytes (88 GB, 82 GiB) copied, 1948 s, 45,3 MB/s
88225218560 bytes (88 GB, 82 GiB) copied, 1949 s, 45,3 MB/s
88267849728 bytes (88 GB, 82 GiB) copied, 1950 s, 45,3 MB/s
88312119296 bytes (88 GB, 82 GiB) copied, 1951 s, 45,3 MB/s
88355045376 bytes (88 GB, 82 GiB) copied, 1952 s, 45,3 MB/s
88397742080 bytes (88 GB, 82 GiB) copied, 1953 s, 45,3 MB/s
88440766464 bytes (88 GB, 82 GiB) copied, 1954 s, 45,3 MB/s
88483790848 bytes (88 GB, 82 GiB) copied, 1955 s, 45,3 MB/s
88527667200 bytes (89 GB, 82 GiB) copied, 1956 s, 45,3 MB/s
88571052032 bytes (89 GB, 82 GiB) copied, 1957 s, 45,3 MB/s
88614141952 bytes (89 GB, 83 GiB) copied, 1958 s, 45,3 MB/s
88656740352 bytes (89 GB, 83 GiB) copied, 1959 s, 45,3 MB/s
88699338752 bytes (89 GB, 83 GiB) copied, 1960 s, 45,3 MB/s
88741937152 bytes (89 GB, 83 GiB) copied, 1961 s, 45,3 MB/s
88787681280 bytes (89 GB, 83 GiB) copied, 1962 s, 45,3 MB/s
88830967808 bytes (89 GB, 83 GiB) copied, 1963 s, 45,3 MB/s
88874582016 bytes (89 GB, 83 GiB) copied, 1964 s, 45,3 MB/s
88917770240 bytes (89 GB, 83 GiB) copied, 1965 s, 45,3 MB/s
88960466944 bytes (89 GB, 83 GiB) copied, 1966 s, 45,2 MB/s
89003327488 bytes (89 GB, 83 GiB) copied, 1967 s, 45,2 MB/s
89046515712 bytes (89 GB, 83 GiB) copied, 1968 s, 45,2 MB/s
89090555904 bytes (89 GB, 83 GiB) copied, 1969 s, 45,2 MB/s
89134596096 bytes (89 GB, 83 GiB) copied, 1970 s, 45,2 MB/s
89177292800 bytes (89 GB, 83 GiB) copied, 1971 s, 45,2 MB/s
89221169152 bytes (89 GB, 83 GiB) copied, 1972 s, 45,2 MB/s
89264193536 bytes (89 GB, 83 GiB) copied, 1973 s, 45,2 MB/s
89307217920 bytes (89 GB, 83 GiB) copied, 1974 s, 45,2 MB/s
89350144000 bytes (89 GB, 83 GiB) copied, 1975 s, 45,2 MB/s
89393266688 bytes (89 GB, 83 GiB) copied, 1976 s, 45,2 MB/s
89437831168 bytes (89 GB, 83 GiB) copied, 1977 s, 45,2 MB/s
89481445376 bytes (89 GB, 83 GiB) copied, 1978 s, 45,2 MB/s
89524895744 bytes (90 GB, 83 GiB) copied, 1979 s, 45,2 MB/s
89569886208 bytes (90 GB, 83 GiB) copied, 1980 s, 45,2 MB/s
89612910592 bytes (90 GB, 83 GiB) copied, 1981 s, 45,2 MB/s
89657802752 bytes (90 GB, 84 GiB) copied, 1982 s, 45,2 MB/s
89701253120 bytes (90 GB, 84 GiB) copied, 1983 s, 45,2 MB/s
89744080896 bytes (90 GB, 84 GiB) copied, 1984 s, 45,2 MB/s
89787727872 bytes (90 GB, 84 GiB) copied, 1985 s, 45,2 MB/s
89831604224 bytes (90 GB, 84 GiB) copied, 1986 s, 45,2 MB/s
89874202624 bytes (90 GB, 84 GiB) copied, 1987 s, 45,2 MB/s
89916801024 bytes (90 GB, 84 GiB) copied, 1988 s, 45,2 MB/s
89959727104 bytes (90 GB, 84 GiB) copied, 1989 s, 45,2 MB/s
90002423808 bytes (90 GB, 84 GiB) copied, 1990 s, 45,2 MB/s
90045513728 bytes (90 GB, 84 GiB) copied, 1991 s, 45,2 MB/s
90091028480 bytes (90 GB, 84 GiB) copied, 1992 s, 45,2 MB/s
90136182784 bytes (90 GB, 84 GiB) copied, 1993 s, 45,2 MB/s
90180059136 bytes (90 GB, 84 GiB) copied, 1994 s, 45,2 MB/s
90224263168 bytes (90 GB, 84 GiB) copied, 1995 s, 45,2 MB/s
90266533888 bytes (90 GB, 84 GiB) copied, 1996 s, 45,2 MB/s
90309459968 bytes (90 GB, 84 GiB) copied, 1997 s, 45,2 MB/s
90352353280 bytes (90 GB, 84 GiB) copied, 1998 s, 45,2 MB/s
90397278208 bytes (90 GB, 84 GiB) copied, 1999 s, 45,2 MB/s
90442465280 bytes (90 GB, 84 GiB) copied, 2000 s, 45,2 MB/s
90485424128 bytes (90 GB, 84 GiB) copied, 2001 s, 45,2 MB/s
90528088064 bytes (91 GB, 84 GiB) copied, 2002 s, 45,2 MB/s
90573635584 bytes (91 GB, 84 GiB) copied, 2003 s, 45,2 MB/s
90616692736 bytes (91 GB, 84 GiB) copied, 2004 s, 45,2 MB/s
90659717120 bytes (91 GB, 84 GiB) copied, 2005 s, 45,2 MB/s
90703495168 bytes (91 GB, 84 GiB) copied, 2006 s, 45,2 MB/s
90746552320 bytes (91 GB, 85 GiB) copied, 2007 s, 45,2 MB/s
90789445632 bytes (91 GB, 85 GiB) copied, 2008 s, 45,2 MB/s
90832240640 bytes (91 GB, 85 GiB) copied, 2009 s, 45,2 MB/s
90879098880 bytes (91 GB, 85 GiB) copied, 2010 s, 45,2 MB/s
90922909696 bytes (91 GB, 85 GiB) copied, 2011 s, 45,2 MB/s
90965573632 bytes (91 GB, 85 GiB) copied, 2012 s, 45,2 MB/s
91007746048 bytes (91 GB, 85 GiB) copied, 2013 s, 45,2 MB/s
91051622400 bytes (91 GB, 85 GiB) copied, 2014 s, 45,2 MB/s
91095564288 bytes (91 GB, 85 GiB) copied, 2015 s, 45,2 MB/s
91138490368 bytes (91 GB, 85 GiB) copied, 2016 s, 45,2 MB/s
91181416448 bytes (91 GB, 85 GiB) copied, 2017 s, 45,2 MB/s
91224997888 bytes (91 GB, 85 GiB) copied, 2018 s, 45,2 MB/s
91268448256 bytes (91 GB, 85 GiB) copied, 2019 s, 45,2 MB/s
91311243264 bytes (91 GB, 85 GiB) copied, 2020 s, 45,2 MB/s
91354267648 bytes (91 GB, 85 GiB) copied, 2021 s, 45,2 MB/s
91399225344 bytes (91 GB, 85 GiB) copied, 2022 s, 45,2 MB/s
91443068928 bytes (91 GB, 85 GiB) copied, 2023 s, 45,2 MB/s
91485634560 bytes (91 GB, 85 GiB) copied, 2024 s, 45,2 MB/s
91529904128 bytes (92 GB, 85 GiB) copied, 2025 s, 45,2 MB/s
91576434688 bytes (92 GB, 85 GiB) copied, 2026 s, 45,2 MB/s
91620737024 bytes (92 GB, 85 GiB) copied, 2027 s, 45,2 MB/s
91664187392 bytes (92 GB, 85 GiB) copied, 2028 s, 45,2 MB/s
91707113472 bytes (92 GB, 85 GiB) copied, 2029 s, 45,2 MB/s
91749384192 bytes (92 GB, 85 GiB) copied, 2030 s, 45,2 MB/s
91791982592 bytes (92 GB, 85 GiB) copied, 2031 s, 45,2 MB/s
91834580992 bytes (92 GB, 86 GiB) copied, 2032 s, 45,2 MB/s
91878260736 bytes (92 GB, 86 GiB) copied, 2033 s, 45,2 MB/s
91923611648 bytes (92 GB, 86 GiB) copied, 2034 s, 45,2 MB/s
91966636032 bytes (92 GB, 86 GiB) copied, 2035 s, 45,2 MB/s
92009627648 bytes (92 GB, 86 GiB) copied, 2036 s, 45,2 MB/s
92053536768 bytes (92 GB, 86 GiB) copied, 2037 s, 45,2 MB/s
92097150976 bytes (92 GB, 86 GiB) copied, 2038 s, 45,2 MB/s
92140011520 bytes (92 GB, 86 GiB) copied, 2039 s, 45,2 MB/s
92182937600 bytes (92 GB, 86 GiB) copied, 2040 s, 45,2 MB/s
92226977792 bytes (92 GB, 86 GiB) copied, 2041 s, 45,2 MB/s
92269576192 bytes (92 GB, 86 GiB) copied, 2042 s, 45,2 MB/s
92312272896 bytes (92 GB, 86 GiB) copied, 2043 s, 45,2 MB/s
92355985408 bytes (92 GB, 86 GiB) copied, 2044 s, 45,2 MB/s
92400287744 bytes (92 GB, 86 GiB) copied, 2045 s, 45,2 MB/s
92442886144 bytes (92 GB, 86 GiB) copied, 2046 s, 45,2 MB/s
92487614464 bytes (92 GB, 86 GiB) copied, 2047 s, 45,2 MB/s
92533063680 bytes (93 GB, 86 GiB) copied, 2048 s, 45,2 MB/s
92575596544 bytes (93 GB, 86 GiB) copied, 2049 s, 45,2 MB/s
92618391552 bytes (93 GB, 86 GiB) copied, 2050 s, 45,2 MB/s
92660989952 bytes (93 GB, 86 GiB) copied, 2051 s, 45,2 MB/s
92704440320 bytes (93 GB, 86 GiB) copied, 2052 s, 45,2 MB/s
92747464704 bytes (93 GB, 86 GiB) copied, 2053 s, 45,2 MB/s
92790915072 bytes (93 GB, 86 GiB) copied, 2054 s, 45,2 MB/s
92834365440 bytes (93 GB, 86 GiB) copied, 2055 s, 45,2 MB/s
92876963840 bytes (93 GB, 86 GiB) copied, 2056 s, 45,2 MB/s
92919562240 bytes (93 GB, 87 GiB) copied, 2057 s, 45,2 MB/s
92962226176 bytes (93 GB, 87 GiB) copied, 2058 s, 45,2 MB/s
93005807616 bytes (93 GB, 87 GiB) copied, 2059 s, 45,2 MB/s
93049487360 bytes (93 GB, 87 GiB) copied, 2060 s, 45,2 MB/s
93094215680 bytes (93 GB, 87 GiB) copied, 2061 s, 45,2 MB/s
93138092032 bytes (93 GB, 87 GiB) copied, 2062 s, 45,2 MB/s
93181116416 bytes (93 GB, 87 GiB) copied, 2063 s, 45,2 MB/s
93223714816 bytes (93 GB, 87 GiB) copied, 2064 s, 45,2 MB/s
93266640896 bytes (93 GB, 87 GiB) copied, 2065 s, 45,2 MB/s
93311795200 bytes (93 GB, 87 GiB) copied, 2066 s, 45,2 MB/s
93354491904 bytes (93 GB, 87 GiB) copied, 2067 s, 45,2 MB/s
93397942272 bytes (93 GB, 87 GiB) copied, 2068 s, 45,2 MB/s
93440966656 bytes (93 GB, 87 GiB) copied, 2069 s, 45,2 MB/s
93485268992 bytes (93 GB, 87 GiB) copied, 2070 s, 45,2 MB/s
93528162304 bytes (94 GB, 87 GiB) copied, 2071 s, 45,2 MB/s
93571317760 bytes (94 GB, 87 GiB) copied, 2072 s, 45,2 MB/s
93615620096 bytes (94 GB, 87 GiB) copied, 2073 s, 45,2 MB/s
93658218496 bytes (94 GB, 87 GiB) copied, 2074 s, 45,2 MB/s
93700980736 bytes (94 GB, 87 GiB) copied, 2075 s, 45,2 MB/s
93743415296 bytes (94 GB, 87 GiB) copied, 2076 s, 45,2 MB/s
93786177536 bytes (94 GB, 87 GiB) copied, 2077 s, 45,2 MB/s
93828841472 bytes (94 GB, 87 GiB) copied, 2078 s, 45,2 MB/s
93872488448 bytes (94 GB, 87 GiB) copied, 2079 s, 45,2 MB/s
93914824704 bytes (94 GB, 87 GiB) copied, 2080 s, 45,2 MB/s
93957521408 bytes (94 GB, 88 GiB) copied, 2081 s, 45,2 MB/s
94001561600 bytes (94 GB, 88 GiB) copied, 2082 s, 45,1 MB/s
94047141888 bytes (94 GB, 88 GiB) copied, 2083 s, 45,1 MB/s
94090723328 bytes (94 GB, 88 GiB) copied, 2084 s, 45,1 MB/s
94134894592 bytes (94 GB, 88 GiB) copied, 2085 s, 45,1 MB/s
94178312192 bytes (94 GB, 88 GiB) copied, 2086 s, 45,1 MB/s
94220943360 bytes (94 GB, 88 GiB) copied, 2087 s, 45,1 MB/s
94263541760 bytes (94 GB, 88 GiB) copied, 2088 s, 45,1 MB/s
94306140160 bytes (94 GB, 88 GiB) copied, 2089 s, 45,1 MB/s
94348804096 bytes (94 GB, 88 GiB) copied, 2090 s, 45,1 MB/s
94391336960 bytes (94 GB, 88 GiB) copied, 2091 s, 45,1 MB/s
94435639296 bytes (94 GB, 88 GiB) copied, 2092 s, 45,1 MB/s
94478204928 bytes (94 GB, 88 GiB) copied, 2093 s, 45,1 MB/s
94520836096 bytes (95 GB, 88 GiB) copied, 2094 s, 45,1 MB/s
94563696640 bytes (95 GB, 88 GiB) copied, 2095 s, 45,1 MB/s
94606393344 bytes (95 GB, 88 GiB) copied, 2096 s, 45,1 MB/s
94649057280 bytes (95 GB, 88 GiB) copied, 2097 s, 45,1 MB/s
94691655680 bytes (95 GB, 88 GiB) copied, 2098 s, 45,1 MB/s
94734680064 bytes (95 GB, 88 GiB) copied, 2099 s, 45,1 MB/s
94778753024 bytes (95 GB, 88 GiB) copied, 2100 s, 45,1 MB/s
94822957056 bytes (95 GB, 88 GiB) copied, 2101 s, 45,1 MB/s
94866735104 bytes (95 GB, 88 GiB) copied, 2102 s, 45,1 MB/s
94909333504 bytes (95 GB, 88 GiB) copied, 2103 s, 45,1 MB/s
94952783872 bytes (95 GB, 88 GiB) copied, 2104 s, 45,1 MB/s
94997086208 bytes (95 GB, 88 GiB) copied, 2105 s, 45,1 MB/s
95043747840 bytes (95 GB, 89 GiB) copied, 2106 s, 45,1 MB/s
95087820800 bytes (95 GB, 89 GiB) copied, 2107 s, 45,1 MB/s
95131271168 bytes (95 GB, 89 GiB) copied, 2108 s, 45,1 MB/s
95173869568 bytes (95 GB, 89 GiB) copied, 2109 s, 45,1 MB/s
95216467968 bytes (95 GB, 89 GiB) copied, 2110 s, 45,1 MB/s
95259262976 bytes (95 GB, 89 GiB) copied, 2111 s, 45,1 MB/s
95301828608 bytes (95 GB, 89 GiB) copied, 2112 s, 45,1 MB/s
95347245056 bytes (95 GB, 89 GiB) copied, 2113 s, 45,1 MB/s
95390695424 bytes (95 GB, 89 GiB) copied, 2114 s, 45,1 MB/s
95433293824 bytes (95 GB, 89 GiB) copied, 2115 s, 45,1 MB/s
95476744192 bytes (95 GB, 89 GiB) copied, 2116 s, 45,1 MB/s
95519768576 bytes (96 GB, 89 GiB) copied, 2117 s, 45,1 MB/s
95562792960 bytes (96 GB, 89 GiB) copied, 2118 s, 45,1 MB/s
95606243328 bytes (96 GB, 89 GiB) copied, 2119 s, 45,1 MB/s
95650971648 bytes (96 GB, 89 GiB) copied, 2120 s, 45,1 MB/s
95693570048 bytes (96 GB, 89 GiB) copied, 2121 s, 45,1 MB/s
95736168448 bytes (96 GB, 89 GiB) copied, 2122 s, 45,1 MB/s
95779356672 bytes (96 GB, 89 GiB) copied, 2123 s, 45,1 MB/s
95824773120 bytes (96 GB, 89 GiB) copied, 2124 s, 45,1 MB/s
95869927424 bytes (96 GB, 89 GiB) copied, 2125 s, 45,1 MB/s
95913377792 bytes (96 GB, 89 GiB) copied, 2126 s, 45,1 MB/s
95956828160 bytes (96 GB, 89 GiB) copied, 2127 s, 45,1 MB/s
95999164416 bytes (96 GB, 89 GiB) copied, 2128 s, 45,1 MB/s
96041762816 bytes (96 GB, 89 GiB) copied, 2129 s, 45,1 MB/s
96084361216 bytes (96 GB, 89 GiB) copied, 2130 s, 45,1 MB/s
96127647744 bytes (96 GB, 90 GiB) copied, 2131 s, 45,1 MB/s
96170311680 bytes (96 GB, 90 GiB) copied, 2132 s, 45,1 MB/s
96213696512 bytes (96 GB, 90 GiB) copied, 2133 s, 45,1 MB/s
96257736704 bytes (96 GB, 90 GiB) copied, 2134 s, 45,1 MB/s
96300761088 bytes (96 GB, 90 GiB) copied, 2135 s, 45,1 MB/s
96343523328 bytes (96 GB, 90 GiB) copied, 2136 s, 45,1 MB/s
96386220032 bytes (96 GB, 90 GiB) copied, 2137 s, 45,1 MB/s
96429244416 bytes (96 GB, 90 GiB) copied, 2138 s, 45,1 MB/s
96471842816 bytes (96 GB, 90 GiB) copied, 2139 s, 45,1 MB/s
96514277376 bytes (97 GB, 90 GiB) copied, 2140 s, 45,1 MB/s
96556941312 bytes (97 GB, 90 GiB) copied, 2141 s, 45,1 MB/s
96600391680 bytes (97 GB, 90 GiB) copied, 2142 s, 45,1 MB/s
96643514368 bytes (97 GB, 90 GiB) copied, 2143 s, 45,1 MB/s
96688078848 bytes (97 GB, 90 GiB) copied, 2144 s, 45,1 MB/s
96732971008 bytes (97 GB, 90 GiB) copied, 2145 s, 45,1 MB/s
96776093696 bytes (97 GB, 90 GiB) copied, 2146 s, 45,1 MB/s
96820592640 bytes (97 GB, 90 GiB) copied, 2147 s, 45,1 MB/s
96864600064 bytes (97 GB, 90 GiB) copied, 2148 s, 45,1 MB/s
96907198464 bytes (97 GB, 90 GiB) copied, 2149 s, 45,1 MB/s
96949796864 bytes (97 GB, 90 GiB) copied, 2150 s, 45,1 MB/s
96994820096 bytes (97 GB, 90 GiB) copied, 2151 s, 45,1 MB/s
97037975552 bytes (97 GB, 90 GiB) copied, 2152 s, 45,1 MB/s
97080737792 bytes (97 GB, 90 GiB) copied, 2153 s, 45,1 MB/s
97124876288 bytes (97 GB, 90 GiB) copied, 2154 s, 45,1 MB/s
97168326656 bytes (97 GB, 90 GiB) copied, 2155 s, 45,1 MB/s
97211777024 bytes (97 GB, 91 GiB) copied, 2156 s, 45,1 MB/s
97254604800 bytes (97 GB, 91 GiB) copied, 2157 s, 45,1 MB/s
97297235968 bytes (97 GB, 91 GiB) copied, 2158 s, 45,1 MB/s
97339965440 bytes (97 GB, 91 GiB) copied, 2159 s, 45,1 MB/s
97382563840 bytes (97 GB, 91 GiB) copied, 2160 s, 45,1 MB/s
97426309120 bytes (97 GB, 91 GiB) copied, 2161 s, 45,1 MB/s
97469923328 bytes (97 GB, 91 GiB) copied, 2162 s, 45,1 MB/s
97513799680 bytes (98 GB, 91 GiB) copied, 2163 s, 45,1 MB/s
97556234240 bytes (98 GB, 91 GiB) copied, 2164 s, 45,1 MB/s
97599848448 bytes (98 GB, 91 GiB) copied, 2165 s, 45,1 MB/s
97642446848 bytes (98 GB, 91 GiB) copied, 2166 s, 45,1 MB/s
97685471232 bytes (98 GB, 91 GiB) copied, 2167 s, 45,1 MB/s
97728495616 bytes (98 GB, 91 GiB) copied, 2168 s, 45,1 MB/s
97771159552 bytes (98 GB, 91 GiB) copied, 2169 s, 45,1 MB/s
97815396352 bytes (98 GB, 91 GiB) copied, 2170 s, 45,1 MB/s
97859272704 bytes (98 GB, 91 GiB) copied, 2171 s, 45,1 MB/s
97902297088 bytes (98 GB, 91 GiB) copied, 2172 s, 45,1 MB/s
97945976832 bytes (98 GB, 91 GiB) copied, 2173 s, 45,1 MB/s
97988771840 bytes (98 GB, 91 GiB) copied, 2174 s, 45,1 MB/s
98034352128 bytes (98 GB, 91 GiB) copied, 2175 s, 45,1 MB/s
98077802496 bytes (98 GB, 91 GiB) copied, 2176 s, 45,1 MB/s
98120663040 bytes (98 GB, 91 GiB) copied, 2177 s, 45,1 MB/s
98163228672 bytes (98 GB, 91 GiB) copied, 2178 s, 45,1 MB/s
98205827072 bytes (98 GB, 91 GiB) copied, 2179 s, 45,1 MB/s
98249736192 bytes (98 GB, 92 GiB) copied, 2180 s, 45,1 MB/s
98292334592 bytes (98 GB, 92 GiB) copied, 2181 s, 45,1 MB/s
98335490048 bytes (98 GB, 92 GiB) copied, 2182 s, 45,1 MB/s
98378121216 bytes (98 GB, 92 GiB) copied, 2183 s, 45,1 MB/s
98421145600 bytes (98 GB, 92 GiB) copied, 2184 s, 45,1 MB/s
98464595968 bytes (98 GB, 92 GiB) copied, 2185 s, 45,1 MB/s
98508898304 bytes (99 GB, 92 GiB) copied, 2186 s, 45,1 MB/s
98552348672 bytes (99 GB, 92 GiB) copied, 2187 s, 45,1 MB/s
98595078144 bytes (99 GB, 92 GiB) copied, 2188 s, 45,1 MB/s
98637971456 bytes (99 GB, 92 GiB) copied, 2189 s, 45,1 MB/s
98682273792 bytes (99 GB, 92 GiB) copied, 2190 s, 45,1 MB/s
98726576128 bytes (99 GB, 92 GiB) copied, 2191 s, 45,1 MB/s
98770092032 bytes (99 GB, 92 GiB) copied, 2192 s, 45,1 MB/s
98814230528 bytes (99 GB, 92 GiB) copied, 2193 s, 45,1 MB/s
98857779200 bytes (99 GB, 92 GiB) copied, 2194 s, 45,1 MB/s
98900541440 bytes (99 GB, 92 GiB) copied, 2195 s, 45,1 MB/s
98943303680 bytes (99 GB, 92 GiB) copied, 2196 s, 45,1 MB/s
98985902080 bytes (99 GB, 92 GiB) copied, 2197 s, 45,1 MB/s
99029024768 bytes (99 GB, 92 GiB) copied, 2198 s, 45,1 MB/s
99071655936 bytes (99 GB, 92 GiB) copied, 2199 s, 45,1 MB/s
99114254336 bytes (99 GB, 92 GiB) copied, 2200 s, 45,1 MB/s
99156819968 bytes (99 GB, 92 GiB) copied, 2201 s, 45,1 MB/s
99200270336 bytes (99 GB, 92 GiB) copied, 2202 s, 45,1 MB/s
99243720704 bytes (99 GB, 92 GiB) copied, 2203 s, 45,0 MB/s
99286581248 bytes (99 GB, 92 GiB) copied, 2204 s, 45,0 MB/s
99331440640 bytes (99 GB, 93 GiB) copied, 2205 s, 45,0 MB/s
99374923776 bytes (99 GB, 93 GiB) copied, 2206 s, 45,0 MB/s
99418374144 bytes (99 GB, 93 GiB) copied, 2207 s, 45,0 MB/s
99461234688 bytes (99 GB, 93 GiB) copied, 2208 s, 45,0 MB/s
99503996928 bytes (100 GB, 93 GiB) copied, 2209 s, 45,0 MB/s
99547447296 bytes (100 GB, 93 GiB) copied, 2210 s, 45,0 MB/s
99591749632 bytes (100 GB, 93 GiB) copied, 2211 s, 45,0 MB/s
99635200000 bytes (100 GB, 93 GiB) copied, 2212 s, 45,0 MB/s
99678224384 bytes (100 GB, 93 GiB) copied, 2213 s, 45,0 MB/s
99722264576 bytes (100 GB, 93 GiB) copied, 2214 s, 45,0 MB/s
99768532992 bytes (100 GB, 93 GiB) copied, 2215 s, 45,0 MB/s
99812409344 bytes (100 GB, 93 GiB) copied, 2216 s, 45,0 MB/s
99855859712 bytes (100 GB, 93 GiB) copied, 2217 s, 45,0 MB/s
99898851328 bytes (100 GB, 93 GiB) copied, 2218 s, 45,0 MB/s
99941908480 bytes (100 GB, 93 GiB) copied, 2219 s, 45,0 MB/s
99984932864 bytes (100 GB, 93 GiB) copied, 2220 s, 45,0 MB/s
100027957248 bytes (100 GB, 93 GiB) copied, 2221 s, 45,0 MB/s
100071407616 bytes (100 GB, 93 GiB) copied, 2222 s, 45,0 MB/s
100114399232 bytes (100 GB, 93 GiB) copied, 2223 s, 45,0 MB/s
100156866560 bytes (100 GB, 93 GiB) copied, 2224 s, 45,0 MB/s
100200054784 bytes (100 GB, 93 GiB) copied, 2225 s, 45,0 MB/s
100243079168 bytes (100 GB, 93 GiB) copied, 2226 s, 45,0 MB/s
100287807488 bytes (100 GB, 93 GiB) copied, 2227 s, 45,0 MB/s
100332961792 bytes (100 GB, 93 GiB) copied, 2228 s, 45,0 MB/s
100375560192 bytes (100 GB, 93 GiB) copied, 2229 s, 45,0 MB/s
100418158592 bytes (100 GB, 94 GiB) copied, 2230 s, 45,0 MB/s
100461150208 bytes (100 GB, 94 GiB) copied, 2231 s, 45,0 MB/s
100504207360 bytes (101 GB, 94 GiB) copied, 2232 s, 45,0 MB/s
100548345856 bytes (101 GB, 94 GiB) copied, 2233 s, 45,0 MB/s
100591534080 bytes (101 GB, 94 GiB) copied, 2234 s, 45,0 MB/s
100634460160 bytes (101 GB, 94 GiB) copied, 2235 s, 45,0 MB/s
100676730880 bytes (101 GB, 94 GiB) copied, 2236 s, 45,0 MB/s
100719329280 bytes (101 GB, 94 GiB) copied, 2237 s, 45,0 MB/s
100762255360 bytes (101 GB, 94 GiB) copied, 2238 s, 45,0 MB/s
100806295552 bytes (101 GB, 94 GiB) copied, 2239 s, 45,0 MB/s
100850204672 bytes (101 GB, 94 GiB) copied, 2240 s, 45,0 MB/s
100897390592 bytes (101 GB, 94 GiB) copied, 2241 s, 45,0 MB/s
100941463552 bytes (101 GB, 94 GiB) copied, 2242 s, 45,0 MB/s
100984160256 bytes (101 GB, 94 GiB) copied, 2243 s, 45,0 MB/s
101026463744 bytes (101 GB, 94 GiB) copied, 2244 s, 45,0 MB/s
101069389824 bytes (101 GB, 94 GiB) copied, 2245 s, 45,0 MB/s
101111857152 bytes (101 GB, 94 GiB) copied, 2246 s, 45,0 MB/s
101155078144 bytes (101 GB, 94 GiB) copied, 2247 s, 45,0 MB/s
101197283328 bytes (101 GB, 94 GiB) copied, 2248 s, 45,0 MB/s
101239881728 bytes (101 GB, 94 GiB) copied, 2249 s, 45,0 MB/s
101283332096 bytes (101 GB, 94 GiB) copied, 2250 s, 45,0 MB/s
101326094336 bytes (101 GB, 94 GiB) copied, 2251 s, 45,0 MB/s
101368954880 bytes (101 GB, 94 GiB) copied, 2252 s, 45,0 MB/s
101411979264 bytes (101 GB, 94 GiB) copied, 2253 s, 45,0 MB/s
101454643200 bytes (101 GB, 94 GiB) copied, 2254 s, 45,0 MB/s
101497602048 bytes (101 GB, 95 GiB) copied, 2255 s, 45,0 MB/s
101541052416 bytes (102 GB, 95 GiB) copied, 2256 s, 45,0 MB/s
101584928768 bytes (102 GB, 95 GiB) copied, 2257 s, 45,0 MB/s
101628706816 bytes (102 GB, 95 GiB) copied, 2258 s, 45,0 MB/s
101671829504 bytes (102 GB, 95 GiB) copied, 2259 s, 45,0 MB/s
101715542016 bytes (102 GB, 95 GiB) copied, 2260 s, 45,0 MB/s
101759188992 bytes (102 GB, 95 GiB) copied, 2261 s, 45,0 MB/s
101803884544 bytes (102 GB, 95 GiB) copied, 2262 s, 45,0 MB/s
101848612864 bytes (102 GB, 95 GiB) copied, 2263 s, 45,0 MB/s
101892227072 bytes (102 GB, 95 GiB) copied, 2264 s, 45,0 MB/s
101936594944 bytes (102 GB, 95 GiB) copied, 2265 s, 45,0 MB/s
101979521024 bytes (102 GB, 95 GiB) copied, 2266 s, 45,0 MB/s
102022152192 bytes (102 GB, 95 GiB) copied, 2267 s, 45,0 MB/s
102064816128 bytes (102 GB, 95 GiB) copied, 2268 s, 45,0 MB/s
102107447296 bytes (102 GB, 95 GiB) copied, 2269 s, 45,0 MB/s
102150209536 bytes (102 GB, 95 GiB) copied, 2270 s, 45,0 MB/s
102192807936 bytes (102 GB, 95 GiB) copied, 2271 s, 45,0 MB/s
102235406336 bytes (102 GB, 95 GiB) copied, 2272 s, 45,0 MB/s
102278004736 bytes (102 GB, 95 GiB) copied, 2273 s, 45,0 MB/s
102320668672 bytes (102 GB, 95 GiB) copied, 2274 s, 45,0 MB/s
102364479488 bytes (102 GB, 95 GiB) copied, 2275 s, 45,0 MB/s
102410878976 bytes (102 GB, 95 GiB) copied, 2276 s, 45,0 MB/s
102455640064 bytes (102 GB, 95 GiB) copied, 2277 s, 45,0 MB/s
102498893824 bytes (102 GB, 95 GiB) copied, 2278 s, 45,0 MB/s
102542344192 bytes (103 GB, 96 GiB) copied, 2279 s, 45,0 MB/s
102585368576 bytes (103 GB, 96 GiB) copied, 2280 s, 45,0 MB/s
102628818944 bytes (103 GB, 96 GiB) copied, 2281 s, 45,0 MB/s
102674006016 bytes (103 GB, 96 GiB) copied, 2282 s, 45,0 MB/s
102719062016 bytes (103 GB, 96 GiB) copied, 2283 s, 45,0 MB/s
102762348544 bytes (103 GB, 96 GiB) copied, 2284 s, 45,0 MB/s
102805372928 bytes (103 GB, 96 GiB) copied, 2285 s, 45,0 MB/s
102847971328 bytes (103 GB, 96 GiB) copied, 2286 s, 45,0 MB/s
102891749376 bytes (103 GB, 96 GiB) copied, 2287 s, 45,0 MB/s
102935724032 bytes (103 GB, 96 GiB) copied, 2288 s, 45,0 MB/s
102978322432 bytes (103 GB, 96 GiB) copied, 2289 s, 45,0 MB/s
103020920832 bytes (103 GB, 96 GiB) copied, 2290 s, 45,0 MB/s
103063093248 bytes (103 GB, 96 GiB) copied, 2291 s, 45,0 MB/s
103106084864 bytes (103 GB, 96 GiB) copied, 2292 s, 45,0 MB/s
103148716032 bytes (103 GB, 96 GiB) copied, 2293 s, 45,0 MB/s
103191314432 bytes (103 GB, 96 GiB) copied, 2294 s, 45,0 MB/s
103234273280 bytes (103 GB, 96 GiB) copied, 2295 s, 45,0 MB/s
103277363200 bytes (103 GB, 96 GiB) copied, 2296 s, 45,0 MB/s
103320813568 bytes (103 GB, 96 GiB) copied, 2297 s, 45,0 MB/s
103363411968 bytes (103 GB, 96 GiB) copied, 2298 s, 45,0 MB/s
103406862336 bytes (103 GB, 96 GiB) copied, 2299 s, 45,0 MB/s
103451590656 bytes (103 GB, 96 GiB) copied, 2300 s, 45,0 MB/s
103498448896 bytes (103 GB, 96 GiB) copied, 2301 s, 45,0 MB/s
103542325248 bytes (104 GB, 96 GiB) copied, 2302 s, 45,0 MB/s
103584923648 bytes (104 GB, 96 GiB) copied, 2303 s, 45,0 MB/s
103629225984 bytes (104 GB, 97 GiB) copied, 2304 s, 45,0 MB/s
103672578048 bytes (104 GB, 97 GiB) copied, 2305 s, 45,0 MB/s
103716782080 bytes (104 GB, 97 GiB) copied, 2306 s, 45,0 MB/s
103761281024 bytes (104 GB, 97 GiB) copied, 2307 s, 45,0 MB/s
103805157376 bytes (104 GB, 97 GiB) copied, 2308 s, 45,0 MB/s
103847755776 bytes (104 GB, 97 GiB) copied, 2309 s, 45,0 MB/s
103890419712 bytes (104 GB, 97 GiB) copied, 2310 s, 45,0 MB/s
103933378560 bytes (104 GB, 97 GiB) copied, 2311 s, 45,0 MB/s
103975976960 bytes (104 GB, 97 GiB) copied, 2312 s, 45,0 MB/s
104022409216 bytes (104 GB, 97 GiB) copied, 2313 s, 45,0 MB/s
104065499136 bytes (104 GB, 97 GiB) copied, 2314 s, 45,0 MB/s
104108621824 bytes (104 GB, 97 GiB) copied, 2315 s, 45,0 MB/s
104151613440 bytes (104 GB, 97 GiB) copied, 2316 s, 45,0 MB/s
104195358720 bytes (104 GB, 97 GiB) copied, 2317 s, 45,0 MB/s
104238219264 bytes (104 GB, 97 GiB) copied, 2318 s, 45,0 MB/s
104280883200 bytes (104 GB, 97 GiB) copied, 2319 s, 45,0 MB/s
104324792320 bytes (104 GB, 97 GiB) copied, 2320 s, 45,0 MB/s
104368734208 bytes (104 GB, 97 GiB) copied, 2321 s, 45,0 MB/s
104412086272 bytes (104 GB, 97 GiB) copied, 2322 s, 45,0 MB/s
104456912896 bytes (104 GB, 97 GiB) copied, 2323 s, 45,0 MB/s
104499511296 bytes (104 GB, 97 GiB) copied, 2324 s, 45,0 MB/s
104543420416 bytes (105 GB, 97 GiB) copied, 2325 s, 45,0 MB/s
104587264000 bytes (105 GB, 97 GiB) copied, 2326 s, 45,0 MB/s
104630976512 bytes (105 GB, 97 GiB) copied, 2327 s, 45,0 MB/s
104675442688 bytes (105 GB, 97 GiB) copied, 2328 s, 45,0 MB/s
104719319040 bytes (105 GB, 98 GiB) copied, 2329 s, 45,0 MB/s
104762900480 bytes (105 GB, 98 GiB) copied, 2330 s, 45,0 MB/s
104807497728 bytes (105 GB, 98 GiB) copied, 2331 s, 45,0 MB/s
104851800064 bytes (105 GB, 98 GiB) copied, 2332 s, 45,0 MB/s
104894398464 bytes (105 GB, 98 GiB) copied, 2333 s, 45,0 MB/s
104937422848 bytes (105 GB, 98 GiB) copied, 2334 s, 45,0 MB/s
104980873216 bytes (105 GB, 98 GiB) copied, 2335 s, 45,0 MB/s
105024421888 bytes (105 GB, 98 GiB) copied, 2336 s, 45,0 MB/s
105067642880 bytes (105 GB, 98 GiB) copied, 2337 s, 45,0 MB/s
105110175744 bytes (105 GB, 98 GiB) copied, 2338 s, 45,0 MB/s
105153822720 bytes (105 GB, 98 GiB) copied, 2339 s, 45,0 MB/s
105197273088 bytes (105 GB, 98 GiB) copied, 2340 s, 45,0 MB/s
105240297472 bytes (105 GB, 98 GiB) copied, 2341 s, 45,0 MB/s
105283321856 bytes (105 GB, 98 GiB) copied, 2342 s, 45,0 MB/s
105326510080 bytes (105 GB, 98 GiB) copied, 2343 s, 45,0 MB/s
105369370624 bytes (105 GB, 98 GiB) copied, 2344 s, 45,0 MB/s
105415016448 bytes (105 GB, 98 GiB) copied, 2345 s, 45,0 MB/s
105458368512 bytes (105 GB, 98 GiB) copied, 2346 s, 45,0 MB/s
105501392896 bytes (106 GB, 98 GiB) copied, 2347 s, 45,0 MB/s
105543598080 bytes (106 GB, 98 GiB) copied, 2348 s, 45,0 MB/s
105586196480 bytes (106 GB, 98 GiB) copied, 2349 s, 44,9 MB/s
105630498816 bytes (106 GB, 98 GiB) copied, 2350 s, 44,9 MB/s
105674375168 bytes (106 GB, 98 GiB) copied, 2351 s, 44,9 MB/s
105718120448 bytes (106 GB, 98 GiB) copied, 2352 s, 44,9 MB/s
105762127872 bytes (106 GB, 98 GiB) copied, 2353 s, 44,9 MB/s
105804726272 bytes (106 GB, 99 GiB) copied, 2354 s, 44,9 MB/s
105849946112 bytes (106 GB, 99 GiB) copied, 2355 s, 44,9 MB/s
105893756928 bytes (106 GB, 99 GiB) copied, 2356 s, 44,9 MB/s
105936355328 bytes (106 GB, 99 GiB) copied, 2357 s, 44,9 MB/s
105980461056 bytes (106 GB, 99 GiB) copied, 2358 s, 44,9 MB/s
106024108032 bytes (106 GB, 99 GiB) copied, 2359 s, 44,9 MB/s
106067132416 bytes (106 GB, 99 GiB) copied, 2360 s, 44,9 MB/s
106112090112 bytes (106 GB, 99 GiB) copied, 2361 s, 44,9 MB/s
106156589056 bytes (106 GB, 99 GiB) copied, 2362 s, 44,9 MB/s
106199187456 bytes (106 GB, 99 GiB) copied, 2363 s, 44,9 MB/s
106241785856 bytes (106 GB, 99 GiB) copied, 2364 s, 44,9 MB/s
106285465600 bytes (106 GB, 99 GiB) copied, 2365 s, 44,9 MB/s
106329112576 bytes (106 GB, 99 GiB) copied, 2366 s, 44,9 MB/s
106371710976 bytes (106 GB, 99 GiB) copied, 2367 s, 44,9 MB/s
106414047232 bytes (106 GB, 99 GiB) copied, 2368 s, 44,9 MB/s
106457759744 bytes (106 GB, 99 GiB) copied, 2369 s, 44,9 MB/s
106501931008 bytes (107 GB, 99 GiB) copied, 2370 s, 44,9 MB/s
106545250304 bytes (107 GB, 99 GiB) copied, 2371 s, 44,9 MB/s
106589257728 bytes (107 GB, 99 GiB) copied, 2372 s, 44,9 MB/s
106631987200 bytes (107 GB, 99 GiB) copied, 2373 s, 44,9 MB/s
106674585600 bytes (107 GB, 99 GiB) copied, 2374 s, 44,9 MB/s
106717609984 bytes (107 GB, 99 GiB) copied, 2375 s, 44,9 MB/s
106763190272 bytes (107 GB, 99 GiB) copied, 2376 s, 44,9 MB/s
106807656448 bytes (107 GB, 99 GiB) copied, 2377 s, 44,9 MB/s
106850942976 bytes (107 GB, 100 GiB) copied, 2378 s, 44,9 MB/s
106893967360 bytes (107 GB, 100 GiB) copied, 2379 s, 44,9 MB/s
106936991744 bytes (107 GB, 100 GiB) copied, 2380 s, 44,9 MB/s
106980278272 bytes (107 GB, 100 GiB) copied, 2381 s, 44,9 MB/s
107024744448 bytes (107 GB, 100 GiB) copied, 2382 s, 44,9 MB/s
107068194816 bytes (107 GB, 100 GiB) copied, 2383 s, 44,9 MB/s
107111907328 bytes (107 GB, 100 GiB) copied, 2384 s, 44,9 MB/s
107154964480 bytes (107 GB, 100 GiB) copied, 2385 s, 44,9 MB/s
107197267968 bytes (107 GB, 100 GiB) copied, 2386 s, 44,9 MB/s
107239866368 bytes (107 GB, 100 GiB) copied, 2387 s, 44,9 MB/s
107282628608 bytes (107 GB, 100 GiB) copied, 2388 s, 44,9 MB/s
107325915136 bytes (107 GB, 100 GiB) copied, 2389 s, 44,9 MB/s
107370283008 bytes (107 GB, 100 GiB) copied, 2390 s, 44,9 MB/s
107414683648 bytes (107 GB, 100 GiB) copied, 2391 s, 44,9 MB/s
107458265088 bytes (107 GB, 100 GiB) copied, 2392 s, 44,9 MB/s
107502698496 bytes (108 GB, 100 GiB) copied, 2393 s, 44,9 MB/s
107545722880 bytes (108 GB, 100 GiB) copied, 2394 s, 44,9 MB/s
107588321280 bytes (108 GB, 100 GiB) copied, 2395 s, 44,9 MB/s
107630919680 bytes (108 GB, 100 GiB) copied, 2396 s, 44,9 MB/s
107674206208 bytes (108 GB, 100 GiB) copied, 2397 s, 44,9 MB/s
107717394432 bytes (108 GB, 100 GiB) copied, 2398 s, 44,9 MB/s
107760418816 bytes (108 GB, 100 GiB) copied, 2399 s, 44,9 MB/s
107803279360 bytes (108 GB, 100 GiB) copied, 2400 s, 44,9 MB/s
107847745536 bytes (108 GB, 100 GiB) copied, 2401 s, 44,9 MB/s
107891621888 bytes (108 GB, 100 GiB) copied, 2402 s, 44,9 MB/s
107935498240 bytes (108 GB, 101 GiB) copied, 2403 s, 44,9 MB/s
107978850304 bytes (108 GB, 101 GiB) copied, 2404 s, 44,9 MB/s
108021710848 bytes (108 GB, 101 GiB) copied, 2405 s, 44,9 MB/s
108067127296 bytes (108 GB, 101 GiB) copied, 2406 s, 44,9 MB/s
108111429632 bytes (108 GB, 101 GiB) copied, 2407 s, 44,9 MB/s
108154519552 bytes (108 GB, 101 GiB) copied, 2408 s, 44,9 MB/s
108197904384 bytes (108 GB, 101 GiB) copied, 2409 s, 44,9 MB/s
108241354752 bytes (108 GB, 101 GiB) copied, 2410 s, 44,9 MB/s
108284706816 bytes (108 GB, 101 GiB) copied, 2411 s, 44,9 MB/s
108329107456 bytes (108 GB, 101 GiB) copied, 2412 s, 44,9 MB/s
108373409792 bytes (108 GB, 101 GiB) copied, 2413 s, 44,9 MB/s
108416008192 bytes (108 GB, 101 GiB) copied, 2414 s, 44,9 MB/s
108460703744 bytes (108 GB, 101 GiB) copied, 2415 s, 44,9 MB/s
108504612864 bytes (109 GB, 101 GiB) copied, 2416 s, 44,9 MB/s
108548358144 bytes (109 GB, 101 GiB) copied, 2417 s, 44,9 MB/s
108591480832 bytes (109 GB, 101 GiB) copied, 2418 s, 44,9 MB/s
108634341376 bytes (109 GB, 101 GiB) copied, 2419 s, 44,9 MB/s
108678840320 bytes (109 GB, 101 GiB) copied, 2420 s, 44,9 MB/s
108721864704 bytes (109 GB, 101 GiB) copied, 2421 s, 44,9 MB/s
108766494720 bytes (109 GB, 101 GiB) copied, 2422 s, 44,9 MB/s
108809060352 bytes (109 GB, 101 GiB) copied, 2423 s, 44,9 MB/s
108851658752 bytes (109 GB, 101 GiB) copied, 2424 s, 44,9 MB/s
108895436800 bytes (109 GB, 101 GiB) copied, 2425 s, 44,9 MB/s
108938690560 bytes (109 GB, 101 GiB) copied, 2426 s, 44,9 MB/s
108981288960 bytes (109 GB, 101 GiB) copied, 2427 s, 44,9 MB/s
109027196928 bytes (109 GB, 102 GiB) copied, 2428 s, 44,9 MB/s
109070745600 bytes (109 GB, 102 GiB) copied, 2429 s, 44,9 MB/s
109113671680 bytes (109 GB, 102 GiB) copied, 2430 s, 44,9 MB/s
109156794368 bytes (109 GB, 102 GiB) copied, 2431 s, 44,9 MB/s
109199392768 bytes (109 GB, 102 GiB) copied, 2432 s, 44,9 MB/s
109242417152 bytes (109 GB, 102 GiB) copied, 2433 s, 44,9 MB/s
109286719488 bytes (109 GB, 102 GiB) copied, 2434 s, 44,9 MB/s
109331611648 bytes (109 GB, 102 GiB) copied, 2435 s, 44,9 MB/s
109375324160 bytes (109 GB, 102 GiB) copied, 2436 s, 44,9 MB/s
109418774528 bytes (109 GB, 102 GiB) copied, 2437 s, 44,9 MB/s
109461372928 bytes (109 GB, 102 GiB) copied, 2438 s, 44,9 MB/s
109504823296 bytes (110 GB, 102 GiB) copied, 2439 s, 44,9 MB/s
109547847680 bytes (110 GB, 102 GiB) copied, 2440 s, 44,9 MB/s
109592051712 bytes (110 GB, 102 GiB) copied, 2441 s, 44,9 MB/s
109636452352 bytes (110 GB, 102 GiB) copied, 2442 s, 44,9 MB/s
109680328704 bytes (110 GB, 102 GiB) copied, 2443 s, 44,9 MB/s
109724205056 bytes (110 GB, 102 GiB) copied, 2444 s, 44,9 MB/s
109767229440 bytes (110 GB, 102 GiB) copied, 2445 s, 44,9 MB/s
109810679808 bytes (110 GB, 102 GiB) copied, 2446 s, 44,9 MB/s
109853081600 bytes (110 GB, 102 GiB) copied, 2447 s, 44,9 MB/s
109895876608 bytes (110 GB, 102 GiB) copied, 2448 s, 44,9 MB/s
109939064832 bytes (110 GB, 102 GiB) copied, 2449 s, 44,9 MB/s
109982777344 bytes (110 GB, 102 GiB) copied, 2450 s, 44,9 MB/s
110026653696 bytes (110 GB, 102 GiB) copied, 2451 s, 44,9 MB/s
110069252096 bytes (110 GB, 103 GiB) copied, 2452 s, 44,9 MB/s
110111817728 bytes (110 GB, 103 GiB) copied, 2453 s, 44,9 MB/s
110155300864 bytes (110 GB, 103 GiB) copied, 2454 s, 44,9 MB/s
110198358016 bytes (110 GB, 103 GiB) copied, 2455 s, 44,9 MB/s
110240923648 bytes (110 GB, 103 GiB) copied, 2456 s, 44,9 MB/s
110284800000 bytes (110 GB, 103 GiB) copied, 2457 s, 44,9 MB/s
110332084224 bytes (110 GB, 103 GiB) copied, 2458 s, 44,9 MB/s
110375731200 bytes (110 GB, 103 GiB) copied, 2459 s, 44,9 MB/s
110418984960 bytes (110 GB, 103 GiB) copied, 2460 s, 44,9 MB/s
110463287296 bytes (110 GB, 103 GiB) copied, 2461 s, 44,9 MB/s
110508015616 bytes (111 GB, 103 GiB) copied, 2462 s, 44,9 MB/s
110554447872 bytes (111 GB, 103 GiB) copied, 2463 s, 44,9 MB/s
110598553600 bytes (111 GB, 103 GiB) copied, 2464 s, 44,9 MB/s
110643904512 bytes (111 GB, 103 GiB) copied, 2465 s, 44,9 MB/s
110689320960 bytes (111 GB, 103 GiB) copied, 2466 s, 44,9 MB/s
110736769024 bytes (111 GB, 103 GiB) copied, 2467 s, 44,9 MB/s
110784053248 bytes (111 GB, 103 GiB) copied, 2468 s, 44,9 MB/s
110829207552 bytes (111 GB, 103 GiB) copied, 2469 s, 44,9 MB/s
110876327936 bytes (111 GB, 103 GiB) copied, 2470 s, 44,9 MB/s
110920794112 bytes (111 GB, 103 GiB) copied, 2471 s, 44,9 MB/s
110965227520 bytes (111 GB, 103 GiB) copied, 2472 s, 44,9 MB/s
111010250752 bytes (111 GB, 103 GiB) copied, 2473 s, 44,9 MB/s
111056158720 bytes (111 GB, 103 GiB) copied, 2474 s, 44,9 MB/s
111100985344 bytes (111 GB, 103 GiB) copied, 2475 s, 44,9 MB/s
111145713664 bytes (111 GB, 104 GiB) copied, 2476 s, 44,9 MB/s
111188312064 bytes (111 GB, 104 GiB) copied, 2477 s, 44,9 MB/s
111231008768 bytes (111 GB, 104 GiB) copied, 2478 s, 44,9 MB/s
111273508864 bytes (111 GB, 104 GiB) copied, 2479 s, 44,9 MB/s
111316107264 bytes (111 GB, 104 GiB) copied, 2480 s, 44,9 MB/s
111359393792 bytes (111 GB, 104 GiB) copied, 2481 s, 44,9 MB/s
111402090496 bytes (111 GB, 104 GiB) copied, 2482 s, 44,9 MB/s
111445606400 bytes (111 GB, 104 GiB) copied, 2483 s, 44,9 MB/s
111488204800 bytes (111 GB, 104 GiB) copied, 2484 s, 44,9 MB/s
111531229184 bytes (112 GB, 104 GiB) copied, 2485 s, 44,9 MB/s
111573827584 bytes (112 GB, 104 GiB) copied, 2486 s, 44,9 MB/s
111618621440 bytes (112 GB, 104 GiB) copied, 2487 s, 44,9 MB/s
111663185920 bytes (112 GB, 104 GiB) copied, 2488 s, 44,9 MB/s
111708012544 bytes (112 GB, 104 GiB) copied, 2489 s, 44,9 MB/s
111751888896 bytes (112 GB, 104 GiB) copied, 2490 s, 44,9 MB/s
111794913280 bytes (112 GB, 104 GiB) copied, 2491 s, 44,9 MB/s
111838101504 bytes (112 GB, 104 GiB) copied, 2492 s, 44,9 MB/s
111880536064 bytes (112 GB, 104 GiB) copied, 2493 s, 44,9 MB/s
111923986432 bytes (112 GB, 104 GiB) copied, 2494 s, 44,9 MB/s
111967010816 bytes (112 GB, 104 GiB) copied, 2495 s, 44,9 MB/s
112011214848 bytes (112 GB, 104 GiB) copied, 2496 s, 44,9 MB/s
112055943168 bytes (112 GB, 104 GiB) copied, 2497 s, 44,9 MB/s
112100147200 bytes (112 GB, 104 GiB) copied, 2498 s, 44,9 MB/s
112143171584 bytes (112 GB, 104 GiB) copied, 2499 s, 44,9 MB/s
112187473920 bytes (112 GB, 104 GiB) copied, 2500 s, 44,9 MB/s
112230105088 bytes (112 GB, 105 GiB) copied, 2501 s, 44,9 MB/s
112272867328 bytes (112 GB, 105 GiB) copied, 2502 s, 44,9 MB/s
112315465728 bytes (112 GB, 105 GiB) copied, 2503 s, 44,9 MB/s
112357900288 bytes (112 GB, 105 GiB) copied, 2504 s, 44,9 MB/s
112401350656 bytes (112 GB, 105 GiB) copied, 2505 s, 44,9 MB/s
112445390848 bytes (112 GB, 105 GiB) copied, 2506 s, 44,9 MB/s
112487989248 bytes (112 GB, 105 GiB) copied, 2507 s, 44,9 MB/s
112530751488 bytes (113 GB, 105 GiB) copied, 2508 s, 44,9 MB/s
112573186048 bytes (113 GB, 105 GiB) copied, 2509 s, 44,9 MB/s
112615784448 bytes (113 GB, 105 GiB) copied, 2510 s, 44,9 MB/s
112659300352 bytes (113 GB, 105 GiB) copied, 2511 s, 44,9 MB/s
112701997056 bytes (113 GB, 105 GiB) copied, 2512 s, 44,9 MB/s
112744431616 bytes (113 GB, 105 GiB) copied, 2513 s, 44,9 MB/s
112787849216 bytes (113 GB, 105 GiB) copied, 2514 s, 44,9 MB/s
112830480384 bytes (113 GB, 105 GiB) copied, 2515 s, 44,9 MB/s
112873504768 bytes (113 GB, 105 GiB) copied, 2516 s, 44,9 MB/s
112918659072 bytes (113 GB, 105 GiB) copied, 2517 s, 44,9 MB/s
112962764800 bytes (113 GB, 105 GiB) copied, 2518 s, 44,9 MB/s
113006575616 bytes (113 GB, 105 GiB) copied, 2519 s, 44,9 MB/s
113051140096 bytes (113 GB, 105 GiB) copied, 2520 s, 44,9 MB/s
113097998336 bytes (113 GB, 105 GiB) copied, 2521 s, 44,9 MB/s
113141612544 bytes (113 GB, 105 GiB) copied, 2522 s, 44,9 MB/s
113184047104 bytes (113 GB, 105 GiB) copied, 2523 s, 44,9 MB/s
113226776576 bytes (113 GB, 105 GiB) copied, 2524 s, 44,9 MB/s
113270128640 bytes (113 GB, 105 GiB) copied, 2525 s, 44,9 MB/s
113314398208 bytes (113 GB, 106 GiB) copied, 2526 s, 44,9 MB/s
113357389824 bytes (113 GB, 106 GiB) copied, 2527 s, 44,9 MB/s
113400446976 bytes (113 GB, 106 GiB) copied, 2528 s, 44,9 MB/s
113443045376 bytes (113 GB, 106 GiB) copied, 2529 s, 44,9 MB/s
113486495744 bytes (113 GB, 106 GiB) copied, 2530 s, 44,9 MB/s
113529094144 bytes (114 GB, 106 GiB) copied, 2531 s, 44,9 MB/s
113571692544 bytes (114 GB, 106 GiB) copied, 2532 s, 44,9 MB/s
113617272832 bytes (114 GB, 106 GiB) copied, 2533 s, 44,9 MB/s
113659871232 bytes (114 GB, 106 GiB) copied, 2534 s, 44,9 MB/s
113703321600 bytes (114 GB, 106 GiB) copied, 2535 s, 44,9 MB/s
113747197952 bytes (114 GB, 106 GiB) copied, 2536 s, 44,9 MB/s
113791500288 bytes (114 GB, 106 GiB) copied, 2537 s, 44,9 MB/s
113834098688 bytes (114 GB, 106 GiB) copied, 2538 s, 44,9 MB/s
113877647360 bytes (114 GB, 106 GiB) copied, 2539 s, 44,9 MB/s
113920147456 bytes (114 GB, 106 GiB) copied, 2540 s, 44,9 MB/s
113962909696 bytes (114 GB, 106 GiB) copied, 2541 s, 44,8 MB/s
114006196224 bytes (114 GB, 106 GiB) copied, 2542 s, 44,8 MB/s
114048794624 bytes (114 GB, 106 GiB) copied, 2543 s, 44,8 MB/s
114091819008 bytes (114 GB, 106 GiB) copied, 2544 s, 44,8 MB/s
114136416256 bytes (114 GB, 106 GiB) copied, 2545 s, 44,8 MB/s
114180849664 bytes (114 GB, 106 GiB) copied, 2546 s, 44,8 MB/s
114223448064 bytes (114 GB, 106 GiB) copied, 2547 s, 44,8 MB/s
114266472448 bytes (114 GB, 106 GiB) copied, 2548 s, 44,8 MB/s
114309070848 bytes (114 GB, 106 GiB) copied, 2549 s, 44,8 MB/s
114352947200 bytes (114 GB, 106 GiB) copied, 2550 s, 44,8 MB/s
114396823552 bytes (114 GB, 107 GiB) copied, 2551 s, 44,8 MB/s
114439421952 bytes (114 GB, 107 GiB) copied, 2552 s, 44,8 MB/s
114482872320 bytes (114 GB, 107 GiB) copied, 2553 s, 44,8 MB/s
114525470720 bytes (115 GB, 107 GiB) copied, 2554 s, 44,8 MB/s
114568495104 bytes (115 GB, 107 GiB) copied, 2555 s, 44,8 MB/s
114611879936 bytes (115 GB, 107 GiB) copied, 2556 s, 44,8 MB/s
114654543872 bytes (115 GB, 107 GiB) copied, 2557 s, 44,8 MB/s
114697142272 bytes (115 GB, 107 GiB) copied, 2558 s, 44,8 MB/s
114740002816 bytes (115 GB, 107 GiB) copied, 2559 s, 44,8 MB/s
114783780864 bytes (115 GB, 107 GiB) copied, 2560 s, 44,8 MB/s
114827919360 bytes (115 GB, 107 GiB) copied, 2561 s, 44,8 MB/s
114874253312 bytes (115 GB, 107 GiB) copied, 2562 s, 44,8 MB/s
114917801984 bytes (115 GB, 107 GiB) copied, 2563 s, 44,8 MB/s
114963382272 bytes (115 GB, 107 GiB) copied, 2564 s, 44,8 MB/s
115007258624 bytes (115 GB, 107 GiB) copied, 2565 s, 44,8 MB/s
115050840064 bytes (115 GB, 107 GiB) copied, 2566 s, 44,8 MB/s
115093733376 bytes (115 GB, 107 GiB) copied, 2567 s, 44,8 MB/s
115136299008 bytes (115 GB, 107 GiB) copied, 2568 s, 44,8 MB/s
115178504192 bytes (115 GB, 107 GiB) copied, 2569 s, 44,8 MB/s
115221528576 bytes (115 GB, 107 GiB) copied, 2570 s, 44,8 MB/s
115264126976 bytes (115 GB, 107 GiB) copied, 2571 s, 44,8 MB/s
115307577344 bytes (115 GB, 107 GiB) copied, 2572 s, 44,8 MB/s
115351027712 bytes (115 GB, 107 GiB) copied, 2573 s, 44,8 MB/s
115394478080 bytes (115 GB, 107 GiB) copied, 2574 s, 44,8 MB/s
115440910336 bytes (115 GB, 108 GiB) copied, 2575 s, 44,8 MB/s
115484164096 bytes (115 GB, 108 GiB) copied, 2576 s, 44,8 MB/s
115526533120 bytes (116 GB, 108 GiB) copied, 2577 s, 44,8 MB/s
115569557504 bytes (116 GB, 108 GiB) copied, 2578 s, 44,8 MB/s
115613138944 bytes (116 GB, 108 GiB) copied, 2579 s, 44,8 MB/s
115659243520 bytes (116 GB, 108 GiB) copied, 2580 s, 44,8 MB/s
115703873536 bytes (116 GB, 108 GiB) copied, 2581 s, 44,8 MB/s
115747160064 bytes (116 GB, 108 GiB) copied, 2582 s, 44,8 MB/s
115789856768 bytes (116 GB, 108 GiB) copied, 2583 s, 44,8 MB/s
115833241600 bytes (116 GB, 108 GiB) copied, 2584 s, 44,8 MB/s
115875840000 bytes (116 GB, 108 GiB) copied, 2585 s, 44,8 MB/s
115918438400 bytes (116 GB, 108 GiB) copied, 2586 s, 44,8 MB/s
115962740736 bytes (116 GB, 108 GiB) copied, 2587 s, 44,8 MB/s
116007436288 bytes (116 GB, 108 GiB) copied, 2588 s, 44,8 MB/s
116050231296 bytes (116 GB, 108 GiB) copied, 2589 s, 44,8 MB/s
116096466944 bytes (116 GB, 108 GiB) copied, 2590 s, 44,8 MB/s
116141686784 bytes (116 GB, 108 GiB) copied, 2591 s, 44,8 MB/s
116186677248 bytes (116 GB, 108 GiB) copied, 2592 s, 44,8 MB/s
116232814592 bytes (116 GB, 108 GiB) copied, 2593 s, 44,8 MB/s
116277542912 bytes (116 GB, 108 GiB) copied, 2594 s, 44,8 MB/s
116322467840 bytes (116 GB, 108 GiB) copied, 2595 s, 44,8 MB/s
116367425536 bytes (116 GB, 108 GiB) copied, 2596 s, 44,8 MB/s
116414709760 bytes (116 GB, 108 GiB) copied, 2597 s, 44,8 MB/s
116461993984 bytes (116 GB, 108 GiB) copied, 2598 s, 44,8 MB/s
116509278208 bytes (117 GB, 109 GiB) copied, 2599 s, 44,8 MB/s
116552466432 bytes (117 GB, 109 GiB) copied, 2600 s, 44,8 MB/s
116597751808 bytes (117 GB, 109 GiB) copied, 2601 s, 44,8 MB/s
116640219136 bytes (117 GB, 109 GiB) copied, 2602 s, 44,8 MB/s
116683079680 bytes (117 GB, 109 GiB) copied, 2603 s, 44,8 MB/s
116725678080 bytes (117 GB, 109 GiB) copied, 2604 s, 44,8 MB/s
116768899072 bytes (117 GB, 109 GiB) copied, 2605 s, 44,8 MB/s
116814413824 bytes (117 GB, 109 GiB) copied, 2606 s, 44,8 MB/s
116857274368 bytes (117 GB, 109 GiB) copied, 2607 s, 44,8 MB/s
116899971072 bytes (117 GB, 109 GiB) copied, 2608 s, 44,8 MB/s
116944207872 bytes (117 GB, 109 GiB) copied, 2609 s, 44,8 MB/s
116986773504 bytes (117 GB, 109 GiB) copied, 2610 s, 44,8 MB/s
117029830656 bytes (117 GB, 109 GiB) copied, 2611 s, 44,8 MB/s
117076328448 bytes (117 GB, 109 GiB) copied, 2612 s, 44,8 MB/s
117119713280 bytes (117 GB, 109 GiB) copied, 2613 s, 44,8 MB/s
117162737664 bytes (117 GB, 109 GiB) copied, 2614 s, 44,8 MB/s
117205991424 bytes (117 GB, 109 GiB) copied, 2615 s, 44,8 MB/s
117249146880 bytes (117 GB, 109 GiB) copied, 2616 s, 44,8 MB/s
117291810816 bytes (117 GB, 109 GiB) copied, 2617 s, 44,8 MB/s
117335261184 bytes (117 GB, 109 GiB) copied, 2618 s, 44,8 MB/s
117379563520 bytes (117 GB, 109 GiB) copied, 2619 s, 44,8 MB/s
117423013888 bytes (117 GB, 109 GiB) copied, 2620 s, 44,8 MB/s
117466038272 bytes (117 GB, 109 GiB) copied, 2621 s, 44,8 MB/s
117508931584 bytes (118 GB, 109 GiB) copied, 2622 s, 44,8 MB/s
117552250880 bytes (118 GB, 109 GiB) copied, 2623 s, 44,8 MB/s
117595471872 bytes (118 GB, 110 GiB) copied, 2624 s, 44,8 MB/s
117638365184 bytes (118 GB, 110 GiB) copied, 2625 s, 44,8 MB/s
117681487872 bytes (118 GB, 110 GiB) copied, 2626 s, 44,8 MB/s
117725757440 bytes (118 GB, 110 GiB) copied, 2627 s, 44,8 MB/s
117772320768 bytes (118 GB, 110 GiB) copied, 2628 s, 44,8 MB/s
117814919168 bytes (118 GB, 110 GiB) copied, 2629 s, 44,8 MB/s
117857943552 bytes (118 GB, 110 GiB) copied, 2630 s, 44,8 MB/s
117900705792 bytes (118 GB, 110 GiB) copied, 2631 s, 44,8 MB/s
117943304192 bytes (118 GB, 110 GiB) copied, 2632 s, 44,8 MB/s
117985869824 bytes (118 GB, 110 GiB) copied, 2633 s, 44,8 MB/s
118028763136 bytes (118 GB, 110 GiB) copied, 2634 s, 44,8 MB/s
118071787520 bytes (118 GB, 110 GiB) copied, 2635 s, 44,8 MB/s
118115237888 bytes (118 GB, 110 GiB) copied, 2636 s, 44,8 MB/s
118159114240 bytes (118 GB, 110 GiB) copied, 2637 s, 44,8 MB/s
118204694528 bytes (118 GB, 110 GiB) copied, 2638 s, 44,8 MB/s
118248013824 bytes (118 GB, 110 GiB) copied, 2639 s, 44,8 MB/s
118290743296 bytes (118 GB, 110 GiB) copied, 2640 s, 44,8 MB/s
118333341696 bytes (118 GB, 110 GiB) copied, 2641 s, 44,8 MB/s
118375940096 bytes (118 GB, 110 GiB) copied, 2642 s, 44,8 MB/s
118418866176 bytes (118 GB, 110 GiB) copied, 2643 s, 44,8 MB/s
118461562880 bytes (118 GB, 110 GiB) copied, 2644 s, 44,8 MB/s
118505930752 bytes (119 GB, 110 GiB) copied, 2645 s, 44,8 MB/s
118548889600 bytes (119 GB, 110 GiB) copied, 2646 s, 44,8 MB/s
118591488000 bytes (119 GB, 110 GiB) copied, 2647 s, 44,8 MB/s
118634086400 bytes (119 GB, 110 GiB) copied, 2648 s, 44,8 MB/s
118676684800 bytes (119 GB, 111 GiB) copied, 2649 s, 44,8 MB/s
118720135168 bytes (119 GB, 111 GiB) copied, 2650 s, 44,8 MB/s
118763356160 bytes (119 GB, 111 GiB) copied, 2651 s, 44,8 MB/s
118809165824 bytes (119 GB, 111 GiB) copied, 2652 s, 44,8 MB/s
118852550656 bytes (119 GB, 111 GiB) copied, 2653 s, 44,8 MB/s
118898589696 bytes (119 GB, 111 GiB) copied, 2654 s, 44,8 MB/s
118945480704 bytes (119 GB, 111 GiB) copied, 2655 s, 44,8 MB/s
118989750272 bytes (119 GB, 111 GiB) copied, 2656 s, 44,8 MB/s
119035363328 bytes (119 GB, 111 GiB) copied, 2657 s, 44,8 MB/s
119079829504 bytes (119 GB, 111 GiB) copied, 2658 s, 44,8 MB/s
119122952192 bytes (119 GB, 111 GiB) copied, 2659 s, 44,8 MB/s
119166992384 bytes (119 GB, 111 GiB) copied, 2660 s, 44,8 MB/s
119211294720 bytes (119 GB, 111 GiB) copied, 2661 s, 44,8 MB/s
119254319104 bytes (119 GB, 111 GiB) copied, 2662 s, 44,8 MB/s
119297343488 bytes (119 GB, 111 GiB) copied, 2663 s, 44,8 MB/s
119340105728 bytes (119 GB, 111 GiB) copied, 2664 s, 44,8 MB/s
119382704128 bytes (119 GB, 111 GiB) copied, 2665 s, 44,8 MB/s
119425990656 bytes (119 GB, 111 GiB) copied, 2666 s, 44,8 MB/s
119470718976 bytes (119 GB, 111 GiB) copied, 2667 s, 44,8 MB/s
119515447296 bytes (120 GB, 111 GiB) copied, 2668 s, 44,8 MB/s
119558438912 bytes (120 GB, 111 GiB) copied, 2669 s, 44,8 MB/s
119601233920 bytes (120 GB, 111 GiB) copied, 2670 s, 44,8 MB/s
119644061696 bytes (120 GB, 111 GiB) copied, 2671 s, 44,8 MB/s
119686397952 bytes (120 GB, 111 GiB) copied, 2672 s, 44,8 MB/s
119729160192 bytes (120 GB, 112 GiB) copied, 2673 s, 44,8 MB/s
119771856896 bytes (120 GB, 112 GiB) copied, 2674 s, 44,8 MB/s
119815307264 bytes (120 GB, 112 GiB) copied, 2675 s, 44,8 MB/s
119859085312 bytes (120 GB, 112 GiB) copied, 2676 s, 44,8 MB/s
119901782016 bytes (120 GB, 112 GiB) copied, 2677 s, 44,8 MB/s
119946084352 bytes (120 GB, 112 GiB) copied, 2678 s, 44,8 MB/s
119990386688 bytes (120 GB, 112 GiB) copied, 2679 s, 44,8 MB/s
120033411072 bytes (120 GB, 112 GiB) copied, 2680 s, 44,8 MB/s
0+3494608 records in
0+3494608 records out
120036786176 bytes (120 GB, 112 GiB) copied, 2761,34 s, 43,5 MB/s
Verification successful. PSBBN image installed successfully.

What size would you like the "Music" partition to be?
Minimum 10 GB, Maximum 40 GB

You have selected 30 GB for the "Music" partition.

What size would you like the "POPS" partition to be?
The "POPS" partition is where PS1 games are stored.
Minimum 10 GB, Maximum 63 GB
Minimum 10 GB, Maximum 63 GB

You have selected 40 GB for the "POPS" partition.
This will allow for 285 games in the PSBBN Game Channel.
If you require more games, reduce the size of your Music/POPS partitions.
pfsshell for POSIX systems
https://github.com/ps2homebrew/pfsshell

This program uses pfs, apa, iomanX, 
code from ps2sdk (https://github.com/ps2dev/ps2sdk)

Type "help" for a list of commands.

> # # # # hdd: PS2 APA Driver v2.5 (c) 2003 Vector
hdd: max open = 1, 3 buffers
hdd: 23:37:05 02/27/2025
hdd: disk0: 0xe8e088af sectors, max 0x04000000
hdd: checking log...
hdd: drive status 0, format version 00000002
hdd: version 0000 driver start.
pfs Playstation Filesystem Driver v2.2
ps2fs: (c) 2003 Sjeep, Vector and Florin Sasu
pfs Max mount: 1, Max open: 1, Number of buffers: 10
pfs version 0000 driver start.
Main partition of 16G created.
Sub partition of 8G created.
Sub partition of 4G created.
Main partition of 32G created.
Sub partition of 8G created.
pfs: Format: log.number = 9232, log.count = 16
pfs: Format sub: sub = 0, sector start = 8208, sector end = 9231
pfs: Format sub: sub = 1, sector start = 16, sector end = 271
Main partition of 128M created.
pfs: Format: log.number = 8224, log.count = 16
pfs: Format sub: sub = 0, sector start = 8208, sector end = 8211

Installing POPS and OPL...
pfsshell for POSIX systems
https://github.com/ps2homebrew/pfsshell

This program uses pfs, apa, iomanX, 
code from ps2sdk (https://github.com/ps2dev/ps2sdk)

Type "help" for a list of commands.

> # +OPL:/# +OPL:/# # __common:/# __common:/# __common:/POPS# __common:/POPS# __common:/POPS# __common:/POPS# __common:/POPS# __common:/POPS# __common:/POPS# __common:/# # hdd: PS2 APA Driver v2.5 (c) 2003 Vector
hdd: max open = 1, 3 buffers
hdd: 23:37:05 02/27/2025
hdd: disk0: 0xe8e088af sectors, max 0x04000000
hdd: checking log...
hdd: drive status 0, format version 00000002
hdd: version 0000 driver start.
pfs Playstation Filesystem Driver v2.2
ps2fs: (c) 2003 Sjeep, Vector and Florin Sasu
pfs Max mount: 1, Max open: 1, Number of buffers: 10
pfs version 0000 driver start.

Running APA-Jail by Berion...
1+0 records in
1+0 records out
8 bytes copied, 0,0748022 s, 0,1 kB/s
Checking that no-one is using this disk right now ... OK

Disk /dev/sde: 1,82 TiB, 2000398934016 bytes, 3907029168 sectors
Disk model: EXT             
Units: sectors of 1 * 512 = 512 bytes
Sector size (logical/physical): 512 bytes / 4096 bytes
I/O size (minimum/optimal): 4096 bytes / 4096 bytes

>>> Created a new DOS (MBR) disklabel with disk identifier 0x56e91e8e.
/dev/sde1: Created a new partition 1 of type 'Hidden HPFS/NTFS' and of size 128 GiB.
/dev/sde2: Created a new partition 2 of type 'Hidden HPFS/NTFS' and of size 32 MiB.
Partition #2 contains a ext2 signature.
/dev/sde3: Created a new partition 3 of type 'HPFS/NTFS/exFAT' and of size 1,7 TiB.
Partition #3 contains a exfat signature.
/dev/sde4: Done.

New situation:
Disklabel type: dos
Disk identifier: 0x56e91e8e

Device     Boot     Start        End    Sectors  Size Id Type
/dev/sde1            2048  268437503  268435456  128G 17 Hidden HPFS/NTFS
/dev/sde2       268437504  268503039      65536   32M 17 Hidden HPFS/NTFS
/dev/sde3       268503040 3907029167 3638526128  1,7T  7 HPFS/NTFS/exFAT

The partition table has been altered.
Calling ioctl() to re-read partition table.
Syncing disks.
mke2fs 1.47.0 (5-Feb-2023)
Creating filesystem with 8192 4k blocks and 8192 inodes

Allocating group tables: 0/1   done                            
Writing inode tables: 0/1   done                            
Writing superblocks and filesystem accounting information: 0/1   done

exfatprogs version : 1.2.2
Creating exFAT filesystem(/dev/sde3, cluster size=32768)

Writing volume boot record: done
Writing backup volume boot record: done
Fat table creation: done
Allocation bitmap creation: done
Upcase table creation: done
Writing root directory entry: done
Synchronizing...

exFAT format complete!
1+0 records in
1+0 records out
33+0 records in
33+0 records out
2+0 records in
2+0 records out
1024 bytes (1,0 kB, 1,0 KiB) copied, 5,2906e-05 s, 19,4 MB/s
0+1 records in
0+1 records out
4 bytes copied, 4,2475e-05 s, 94,2 kB/s
POPS, Music and +OPL partitions were created successfully.
type   start     #parts size name
0x0001 00000000.:  1   128MB __mbr
0x0100 00040000.:  1   128MB __net
0x0100 00080000.:  1   256MB __system
0x0100 00100000.:  1   512MB __sysconf
0x0100 00200000.:  1  1024MB __common
0x0100 00400000.:  5  5120MB __contents
0x0088 00e00000.:  1   512MB __linux.4
0x0088 00f00000.:  1   512MB __linux.5
0x0088 01000000.:  1   128MB __linux.6
0x0082 01040000.:  1   128MB __linux.2
0x0088 01080000.:  1   256MB __linux.7
0x0088 01100000.:  1   512MB __linux.1
0x0088 01400000.:  2  3072MB __linux.9
0x0100 01800000.:  1   128MB PP.DISC
0x0100 01840000.:  1   128MB PP.WLE
0x0100 01880000.:  1   128MB PP.OPL
0x0100 01900000.*  1   128MB +OPL
0x0088 01c00000.:  2  3072MB __linux.3
0x0088 02000000.:  3 28672MB __linux.8
0x0100 08000000.*  2 40960MB __.POPS
Total slice size: 1907729MB, used: 85504MB, available: 1822208MB

PSBBN successfully installed.
